data_busca,data_publicacao,titulo,resumo,fonte,url,imagem_url
2026-09-01T00:21:42.076Z,2026-09-01T00:21:42.074Z,Fortaleza Feminino goleia e assume a ponta do Brasileirão A1,As Leoas venceram o clássico com autoridade por 4 a 1 e continuam invictas na competição nacional de futebol feminino.,Ceará Esportes,https://www.gazetaesportiva.com?id=curado-feminino-0-2026-09-01,https://images.unsplash.com/photo-1543351611-58f69d7c1781?q=80&w=600&auto=format&fit=crop
2026-09-01T00:21:42.076Z,2026-08-31T21:21:42.074Z,Sport Feminino atrai público recorde na Arena de Pernambuco,Mais de 15 mil torcedores empurraram as Leoas na vitória histórica contra o Bahia. Um novo marco para o esporte feminino no Nordeste.,Pernambuco Press,https://www.gazetaesportiva.com?id=curado-feminino-1-2026-08-31,https://images.unsplash.com/photo-1560272564-c83b66b1ad12?q=80&w=600&auto=format&fit=crop
2026-09-01T00:21:42.076Z,2026-08-31T18:21:42.074Z,Bahia Feminino contrata dupla de ataque campeã sul-americana,O Tricolor de Aço se reforça visando a disputa do mata-mata do Brasileiro Feminino A2. Apresentação das novas atletas ocorre nesta segunda.,Salvador News,https://www.gazetaesportiva.com?id=curado-feminino-2-2026-08-31,https://images.unsplash.com/photo-1551958219-acbc608c6d77?q=80&w=600&auto=format&fit=crop
2026-09-01T05:26:32.200Z,2026-09-01T05:26:32.198Z,Fortaleza Feminino goleia e assume a ponta do Brasileirão A1,As Leoas venceram o clássico com autoridade por 4 a 1 e continuam invictas na competição nacional de futebol feminino.,Ceará Esportes,https://www.gazetaesportiva.com?id=curado-feminino-0-2026-09-01,https://images.unsplash.com/photo-1543351611-58f69d7c1781?q=80&w=600&auto=format&fit=crop
2026-09-01T05:26:32.200Z,2026-09-01T02:55:33.000Z,Bia Zaneratto lamenta pênalti perdido em empate do Palmeiras com o Bahia,"Palmeiras e Bahia empataram por 1 a 1 no jogo de ida das quartas de final do Brasileirão Feminino, disputado na Arena Fonte Nova, em Salvador. Após a partida, a atacante e capitã B...",Gazeta Esportiva,https://www.gazetaesportiva.com/times/palmeiras/bia-zaneratto-lamenta-penalti-palmeiras-bahia-brasileirao-feminino/,https://static.gazetaesportiva.com/uploads/2026/08/55501289273_6e1e7af098_o.webp
2026-09-01T05:26:32.200Z,2026-09-01T02:30:10.000Z,"Bia erra pênalti, e Palmeiras empata com o Bahia pelo Brasileiro feminino","Bahia e Palmeiras empataram em 1 a 1 nesta segunda-feira (31), na Arena Fonte Nova, em Salvador, pelo jogo de ida das quartas de final do Brasileirão Feminino. O Palmeiras abriu o ...",Gazeta Esportiva,https://www.gazetaesportiva.com/times/palmeiras/bahia-palmeiras-empate-quartas-brasileirao-feminino-2026/,https://static.gazetaesportiva.com/uploads/2026/08/55501289273_6e1e7af098_o.webp
2026-09-01T05:26:32.200Z,2026-09-01T02:26:32.198Z,Sport Feminino atrai público recorde na Arena de Pernambuco,Mais de 15 mil torcedores empurraram as Leoas na vitória histórica contra o Bahia. Um novo marco para o esporte feminino no Nordeste.,Pernambuco Press,https://www.gazetaesportiva.com?id=curado-feminino-1-2026-09-01,https://images.unsplash.com/photo-1560272564-c83b66b1ad12?q=80&w=600&auto=format&fit=crop
2026-09-01T10:20:18.667Z,2026-09-01T10:20:18.666Z,Fortaleza Feminino goleia e assume a ponta do Brasileirão A1,As Leoas venceram o clássico com autoridade por 4 a 1 e continuam invictas na competição nacional de futebol feminino.,Ceará Esportes,https://www.gazetaesportiva.com?id=curado-feminino-0-2026-09-01,https://images.unsplash.com/photo-1543351611-58f69d7c1781?q=80&w=600&auto=format&fit=crop
2026-09-01T10:20:18.667Z,2026-09-01T07:20:18.666Z,Sport Feminino atrai público recorde na Arena de Pernambuco,Mais de 15 mil torcedores empurraram as Leoas na vitória histórica contra o Bahia. Um novo marco para o esporte feminino no Nordeste.,Pernambuco Press,https://www.gazetaesportiva.com?id=curado-feminino-1-2026-09-01,https://images.unsplash.com/photo-1560272564-c83b66b1ad12?q=80&w=600&auto=format&fit=crop
2026-09-01T10:20:18.667Z,2026-09-01T02:55:33.000Z,Bia Zaneratto lamenta pênalti perdido em empate do Palmeiras com o Bahia,"Palmeiras e Bahia empataram por 1 a 1 no jogo de ida das quartas de final do Brasileirão Feminino, disputado na Arena Fonte Nova, em Salvador. Após a partida, a atacante e capitã B...",Gazeta Esportiva,https://www.gazetaesportiva.com/times/palmeiras/bia-zaneratto-lamenta-penalti-palmeiras-bahia-brasileirao-feminino/,https://static.gazetaesportiva.com/uploads/2026/08/55501289273_6e1e7af098_o.webp
2026-09-01T10:20:18.667Z,2026-09-01T02:30:10.000Z,"Bia erra pênalti, e Palmeiras empata com o Bahia pelo Brasileiro feminino","Bahia e Palmeiras empataram em 1 a 1 nesta segunda-feira (31), na Arena Fonte Nova, em Salvador, pelo jogo de ida das quartas de final do Brasileirão Feminino. O Palmeiras abriu o ...",Gazeta Esportiva,https://www.gazetaesportiva.com/times/palmeiras/bahia-palmeiras-empate-quartas-brasileirao-feminino-2026/,https://static.gazetaesportiva.com/uploads/2026/08/55501289273_6e1e7af098_o.webp
2026-09-01T15:03:12.069Z,2026-09-01T15:03:12.068Z,Fortaleza Feminino goleia e assume a ponta do Brasileirão A1,As Leoas venceram o clássico com autoridade por 4 a 1 e continuam invictas na competição nacional de futebol feminino.,Ceará Esportes,https://www.gazetaesportiva.com?id=curado-feminino-0-2026-09-01,https://images.unsplash.com/photo-1543351611-58f69d7c1781?q=80&w=600&auto=format&fit=crop
2026-09-01T15:03:12.069Z,2026-09-01T12:03:12.068Z,Sport Feminino atrai público recorde na Arena de Pernambuco,Mais de 15 mil torcedores empurraram as Leoas na vitória histórica contra o Bahia. Um novo marco para o esporte feminino no Nordeste.,Pernambuco Press,https://www.gazetaesportiva.com?id=curado-feminino-1-2026-09-01,https://images.unsplash.com/photo-1560272564-c83b66b1ad12?q=80&w=600&auto=format&fit=crop
2026-09-01T15:03:12.069Z,2026-09-01T02:55:33.000Z,Bia Zaneratto lamenta pênalti perdido em empate do Palmeiras com o Bahia,"Palmeiras e Bahia empataram por 1 a 1 no jogo de ida das quartas de final do Brasileirão Feminino, disputado na Arena Fonte Nova, em Salvador. Após a partida, a atacante e capitã B...",Gazeta Esportiva,https://www.gazetaesportiva.com/times/palmeiras/bia-zaneratto-lamenta-penalti-palmeiras-bahia-brasileirao-feminino/,https://static.gazetaesportiva.com/uploads/2026/08/55501289273_6e1e7af098_o.webp
2026-09-01T15:03:12.069Z,2026-09-01T02:30:10.000Z,"Bia erra pênalti, e Palmeiras empata com o Bahia pelo Brasileiro feminino","Bahia e Palmeiras empataram em 1 a 1 nesta segunda-feira (31), na Arena Fonte Nova, em Salvador, pelo jogo de ida das quartas de final do Brasileirão Feminino. O Palmeiras abriu o ...",Gazeta Esportiva,https://www.gazetaesportiva.com/times/palmeiras/bahia-palmeiras-empate-quartas-brasileirao-feminino-2026/,https://static.gazetaesportiva.com/uploads/2026/08/55501289273_6e1e7af098_o.webp
2026-09-01T18:42:16.489Z,2026-09-01T18:42:16.487Z,Fortaleza Feminino goleia e assume a ponta do Brasileirão A1,As Leoas venceram o clássico com autoridade por 4 a 1 e continuam invictas na competição nacional de futebol feminino.,Ceará Esportes,https://www.gazetaesportiva.com?id=curado-feminino-0-2026-09-01,https://images.unsplash.com/photo-1543351611-58f69d7c1781?q=80&w=600&auto=format&fit=crop
2026-09-01T18:42:16.489Z,2026-09-01T15:42:16.487Z,Sport Feminino atrai público recorde na Arena de Pernambuco,Mais de 15 mil torcedores empurraram as Leoas na vitória histórica contra o Bahia. Um novo marco para o esporte feminino no Nordeste.,Pernambuco Press,https://www.gazetaesportiva.com?id=curado-feminino-1-2026-09-01,https://images.unsplash.com/photo-1560272564-c83b66b1ad12?q=80&w=600&auto=format&fit=crop
2026-09-01T18:42:16.489Z,2026-09-01T12:42:16.487Z,Bahia Feminino contrata dupla de ataque campeã sul-americana,O Tricolor de Aço se reforça visando a disputa do mata-mata do Brasileiro Feminino A2. Apresentação das novas atletas ocorre nesta segunda.,Salvador News,https://www.gazetaesportiva.com?id=curado-feminino-2-2026-09-01,https://images.unsplash.com/photo-1551958219-acbc608c6d77?q=80&w=600&auto=format&fit=crop
2026-09-01T21:34:17.882Z,2026-09-01T21:34:17.880Z,Fortaleza Feminino goleia e assume a ponta do Brasileirão A1,As Leoas venceram o clássico com autoridade por 4 a 1 e continuam invictas na competição nacional de futebol feminino.,Ceará Esportes,https://www.gazetaesportiva.com?id=curado-feminino-0-2026-09-01,https://images.unsplash.com/photo-1543351611-58f69d7c1781?q=80&w=600&auto=format&fit=crop
2026-09-01T21:34:17.882Z,2026-09-01T18:34:17.880Z,Sport Feminino atrai público recorde na Arena de Pernambuco,Mais de 15 mil torcedores empurraram as Leoas na vitória histórica contra o Bahia. Um novo marco para o esporte feminino no Nordeste.,Pernambuco Press,https://www.gazetaesportiva.com?id=curado-feminino-1-2026-09-01,https://images.unsplash.com/photo-1560272564-c83b66b1ad12?q=80&w=600&auto=format&fit=crop
2026-09-01T21:34:17.882Z,2026-09-01T15:34:17.880Z,Bahia Feminino contrata dupla de ataque campeã sul-americana,O Tricolor de Aço se reforça visando a disputa do mata-mata do Brasileiro Feminino A2. Apresentação das novas atletas ocorre nesta segunda.,Salvador News,https://www.gazetaesportiva.com?id=curado-feminino-2-2026-09-01,https://images.unsplash.com/photo-1551958219-acbc608c6d77?q=80&w=600&auto=format&fit=crop
2026-09-01T23:45:56.612Z,2026-09-01T23:45:56.611Z,Fortaleza Feminino goleia e assume a ponta do Brasileirão A1,As Leoas venceram o clássico com autoridade por 4 a 1 e continuam invictas na competição nacional de futebol feminino.,Ceará Esportes,https://www.gazetaesportiva.com?id=curado-feminino-0-2026-09-01,https://images.unsplash.com/photo-1543351611-58f69d7c1781?q=80&w=600&auto=format&fit=crop
2026-09-01T23:45:56.612Z,2026-09-01T20:45:56.611Z,Sport Feminino atrai público recorde na Arena de Pernambuco,Mais de 15 mil torcedores empurraram as Leoas na vitória histórica contra o Bahia. Um novo marco para o esporte feminino no Nordeste.,Pernambuco Press,https://www.gazetaesportiva.com?id=curado-feminino-1-2026-09-01,https://images.unsplash.com/photo-1560272564-c83b66b1ad12?q=80&w=600&auto=format&fit=crop
2026-09-01T23:45:56.612Z,2026-09-01T17:45:56.611Z,Bahia Feminino contrata dupla de ataque campeã sul-americana,O Tricolor de Aço se reforça visando a disputa do mata-mata do Brasileiro Feminino A2. Apresentação das novas atletas ocorre nesta segunda.,Salvador News,https://www.gazetaesportiva.com?id=curado-feminino-2-2026-09-01,https://images.unsplash.com/photo-1551958219-acbc608c6d77?q=80&w=600&auto=format&fit=crop
2026-09-02T02:44:39.681Z,2026-09-02T02:44:39.679Z,Fortaleza Feminino goleia e assume a ponta do Brasileirão A1,As Leoas venceram o clássico com autoridade por 4 a 1 e continuam invictas na competição nacional de futebol feminino.,Ceará Esportes,https://www.gazetaesportiva.com?id=curado-feminino-0-2026-09-02,https://images.unsplash.com/photo-1543351611-58f69d7c1781?q=80&w=600&auto=format&fit=crop
2026-09-02T02:44:39.681Z,2026-09-01T23:44:39.679Z,Sport Feminino atrai público recorde na Arena de Pernambuco,Mais de 15 mil torcedores empurraram as Leoas na vitória histórica contra o Bahia. Um novo marco para o esporte feminino no Nordeste.,Pernambuco Press,https://www.gazetaesportiva.com?id=curado-feminino-1-2026-09-01,https://images.unsplash.com/photo-1560272564-c83b66b1ad12?q=80&w=600&auto=format&fit=crop
2026-09-02T02:44:39.681Z,2026-09-01T20:44:39.679Z,Bahia Feminino contrata dupla de ataque campeã sul-americana,O Tricolor de Aço se reforça visando a disputa do mata-mata do Brasileiro Feminino A2. Apresentação das novas atletas ocorre nesta segunda.,Salvador News,https://www.gazetaesportiva.com?id=curado-feminino-2-2026-09-01,https://images.unsplash.com/photo-1551958219-acbc608c6d77?q=80&w=600&auto=format&fit=crop
2026-09-02T07:35:31.937Z,2026-09-02T07:35:31.935Z,Fortaleza Feminino goleia e assume a ponta do Brasileirão A1,As Leoas venceram o clássico com autoridade por 4 a 1 e continuam invictas na competição nacional de futebol feminino.,Ceará Esportes,https://www.gazetaesportiva.com?id=curado-feminino-0-2026-09-02,https://images.unsplash.com/photo-1543351611-58f69d7c1781?q=80&w=600&auto=format&fit=crop
2026-09-02T07:35:31.937Z,2026-09-02T04:35:31.935Z,Sport Feminino atrai público recorde na Arena de Pernambuco,Mais de 15 mil torcedores empurraram as Leoas na vitória histórica contra o Bahia. Um novo marco para o esporte feminino no Nordeste.,Pernambuco Press,https://www.gazetaesportiva.com?id=curado-feminino-1-2026-09-02,https://images.unsplash.com/photo-1560272564-c83b66b1ad12?q=80&w=600&auto=format&fit=crop
2026-09-02T07:35:31.937Z,2026-09-02T01:35:31.935Z,Bahia Feminino contrata dupla de ataque campeã sul-americana,O Tricolor de Aço se reforça visando a disputa do mata-mata do Brasileiro Feminino A2. Apresentação das novas atletas ocorre nesta segunda.,Salvador News,https://www.gazetaesportiva.com?id=curado-feminino-2-2026-09-02,https://images.unsplash.com/photo-1551958219-acbc608c6d77?q=80&w=600&auto=format&fit=crop
2026-09-02T12:30:33.633Z,2026-09-02T12:30:33.631Z,Fortaleza Feminino goleia e assume a ponta do Brasileirão A1,As Leoas venceram o clássico com autoridade por 4 a 1 e continuam invictas na competição nacional de futebol feminino.,Ceará Esportes,https://www.gazetaesportiva.com?id=curado-feminino-0-2026-09-02,https://images.unsplash.com/photo-1543351611-58f69d7c1781?q=80&w=600&auto=format&fit=crop
2026-09-02T12:30:33.633Z,2026-09-02T09:30:33.631Z,Sport Feminino atrai público recorde na Arena de Pernambuco,Mais de 15 mil torcedores empurraram as Leoas na vitória histórica contra o Bahia. Um novo marco para o esporte feminino no Nordeste.,Pernambuco Press,https://www.gazetaesportiva.com?id=curado-feminino-1-2026-09-02,https://images.unsplash.com/photo-1560272564-c83b66b1ad12?q=80&w=600&auto=format&fit=crop
2026-09-02T12:30:33.633Z,2026-09-02T06:30:33.631Z,Bahia Feminino contrata dupla de ataque campeã sul-americana,O Tricolor de Aço se reforça visando a disputa do mata-mata do Brasileiro Feminino A2. Apresentação das novas atletas ocorre nesta segunda.,Salvador News,https://www.gazetaesportiva.com?id=curado-feminino-2-2026-09-02,https://images.unsplash.com/photo-1551958219-acbc608c6d77?q=80&w=600&auto=format&fit=crop
2026-09-02T16:57:50.248Z,2026-09-02T16:57:50.246Z,Fortaleza Feminino goleia e assume a ponta do Brasileirão A1,As Leoas venceram o clássico com autoridade por 4 a 1 e continuam invictas na competição nacional de futebol feminino.,Ceará Esportes,https://www.gazetaesportiva.com?id=curado-feminino-0-2026-09-02,https://images.unsplash.com/photo-1543351611-58f69d7c1781?q=80&w=600&auto=format&fit=crop
2026-09-02T16:57:50.248Z,2026-09-02T13:57:50.246Z,Sport Feminino atrai público recorde na Arena de Pernambuco,Mais de 15 mil torcedores empurraram as Leoas na vitória histórica contra o Bahia. Um novo marco para o esporte feminino no Nordeste.,Pernambuco Press,https://www.gazetaesportiva.com?id=curado-feminino-1-2026-09-02,https://images.unsplash.com/photo-1560272564-c83b66b1ad12?q=80&w=600&auto=format&fit=crop
2026-09-02T16:57:50.248Z,2026-09-02T10:57:50.246Z,Bahia Feminino contrata dupla de ataque campeã sul-americana,O Tricolor de Aço se reforça visando a disputa do mata-mata do Brasileiro Feminino A2. Apresentação das novas atletas ocorre nesta segunda.,Salvador News,https://www.gazetaesportiva.com?id=curado-feminino-2-2026-09-02,https://images.unsplash.com/photo-1551958219-acbc608c6d77?q=80&w=600&auto=format&fit=crop
2026-09-02T19:39:01.231Z,2026-09-02T19:39:01.228Z,Fortaleza Feminino goleia e assume a ponta do Brasileirão A1,As Leoas venceram o clássico com autoridade por 4 a 1 e continuam invictas na competição nacional de futebol feminino.,Ceará Esportes,https://www.gazetaesportiva.com?id=curado-feminino-0-2026-09-02,https://images.unsplash.com/photo-1543351611-58f69d7c1781?q=80&w=600&auto=format&fit=crop
2026-09-02T19:39:01.231Z,2026-09-02T16:39:01.228Z,Sport Feminino atrai público recorde na Arena de Pernambuco,Mais de 15 mil torcedores empurraram as Leoas na vitória histórica contra o Bahia. Um novo marco para o esporte feminino no Nordeste.,Pernambuco Press,https://www.gazetaesportiva.com?id=curado-feminino-1-2026-09-02,https://images.unsplash.com/photo-1560272564-c83b66b1ad12?q=80&w=600&auto=format&fit=crop
2026-09-02T19:39:01.231Z,2026-09-02T13:39:01.228Z,Bahia Feminino contrata dupla de ataque campeã sul-americana,O Tricolor de Aço se reforça visando a disputa do mata-mata do Brasileiro Feminino A2. Apresentação das novas atletas ocorre nesta segunda.,Salvador News,https://www.gazetaesportiva.com?id=curado-feminino-2-2026-09-02,https://images.unsplash.com/photo-1551958219-acbc608c6d77?q=80&w=600&auto=format&fit=crop
2026-09-02T22:19:14.233Z,2026-09-02T22:19:14.230Z,Fortaleza Feminino goleia e assume a ponta do Brasileirão A1,As Leoas venceram o clássico com autoridade por 4 a 1 e continuam invictas na competição nacional de futebol feminino.,Ceará Esportes,https://www.gazetaesportiva.com?id=curado-feminino-0-2026-09-02,https://images.unsplash.com/photo-1543351611-58f69d7c1781?q=80&w=600&auto=format&fit=crop
2026-09-02T22:19:14.233Z,2026-09-02T19:19:14.230Z,Sport Feminino atrai público recorde na Arena de Pernambuco,Mais de 15 mil torcedores empurraram as Leoas na vitória histórica contra o Bahia. Um novo marco para o esporte feminino no Nordeste.,Pernambuco Press,https://www.gazetaesportiva.com?id=curado-feminino-1-2026-09-02,https://images.unsplash.com/photo-1560272564-c83b66b1ad12?q=80&w=600&auto=format&fit=crop
2026-09-02T22:19:14.233Z,2026-09-02T16:19:14.230Z,Bahia Feminino contrata dupla de ataque campeã sul-americana,O Tricolor de Aço se reforça visando a disputa do mata-mata do Brasileiro Feminino A2. Apresentação das novas atletas ocorre nesta segunda.,Salvador News,https://www.gazetaesportiva.com?id=curado-feminino-2-2026-09-02,https://images.unsplash.com/photo-1551958219-acbc608c6d77?q=80&w=600&auto=format&fit=crop
2026-09-03T00:28:34.492Z,2026-09-03T00:28:34.490Z,Fortaleza Feminino goleia e assume a ponta do Brasileirão A1,As Leoas venceram o clássico com autoridade por 4 a 1 e continuam invictas na competição nacional de futebol feminino.,Ceará Esportes,https://www.gazetaesportiva.com?id=curado-feminino-0-2026-09-03,https://images.unsplash.com/photo-1543351611-58f69d7c1781?q=80&w=600&auto=format&fit=crop
2026-09-03T00:28:34.492Z,2026-09-02T21:28:34.490Z,Sport Feminino atrai público recorde na Arena de Pernambuco,Mais de 15 mil torcedores empurraram as Leoas na vitória histórica contra o Bahia. Um novo marco para o esporte feminino no Nordeste.,Pernambuco Press,https://www.gazetaesportiva.com?id=curado-feminino-1-2026-09-02,https://images.unsplash.com/photo-1560272564-c83b66b1ad12?q=80&w=600&auto=format&fit=crop
2026-09-03T00:28:34.492Z,2026-09-02T18:28:34.490Z,Bahia Feminino contrata dupla de ataque campeã sul-americana,O Tricolor de Aço se reforça visando a disputa do mata-mata do Brasileiro Feminino A2. Apresentação das novas atletas ocorre nesta segunda.,Salvador News,https://www.gazetaesportiva.com?id=curado-feminino-2-2026-09-02,https://images.unsplash.com/photo-1551958219-acbc608c6d77?q=80&w=600&auto=format&fit=crop
2026-09-03T04:54:19.144Z,2026-09-03T04:54:19.141Z,Fortaleza Feminino goleia e assume a ponta do Brasileirão A1,As Leoas venceram o clássico com autoridade por 4 a 1 e continuam invictas na competição nacional de futebol feminino.,Ceará Esportes,https://www.gazetaesportiva.com?id=curado-feminino-0-2026-09-03,https://images.unsplash.com/photo-1543351611-58f69d7c1781?q=80&w=600&auto=format&fit=crop
2026-09-03T04:54:19.144Z,2026-09-03T01:54:19.141Z,Sport Feminino atrai público recorde na Arena de Pernambuco,Mais de 15 mil torcedores empurraram as Leoas na vitória histórica contra o Bahia. Um novo marco para o esporte feminino no Nordeste.,Pernambuco Press,https://www.gazetaesportiva.com?id=curado-feminino-1-2026-09-03,https://images.unsplash.com/photo-1560272564-c83b66b1ad12?q=80&w=600&auto=format&fit=crop
2026-09-03T04:54:19.144Z,2026-09-02T22:54:19.141Z,Bahia Feminino contrata dupla de ataque campeã sul-americana,O Tricolor de Aço se reforça visando a disputa do mata-mata do Brasileiro Feminino A2. Apresentação das novas atletas ocorre nesta segunda.,Salvador News,https://www.gazetaesportiva.com?id=curado-feminino-2-2026-09-02,https://images.unsplash.com/photo-1551958219-acbc608c6d77?q=80&w=600&auto=format&fit=crop
2026-09-03T09:25:36.580Z,2026-09-03T09:25:36.576Z,Fortaleza Feminino goleia e assume a ponta do Brasileirão A1,As Leoas venceram o clássico com autoridade por 4 a 1 e continuam invictas na competição nacional de futebol feminino.,Ceará Esportes,https://www.gazetaesportiva.com?id=curado-feminino-0-2026-09-03,https://images.unsplash.com/photo-1543351611-58f69d7c1781?q=80&w=600&auto=format&fit=crop
2026-09-03T09:25:36.580Z,2026-09-03T06:25:36.576Z,Sport Feminino atrai público recorde na Arena de Pernambuco,Mais de 15 mil torcedores empurraram as Leoas na vitória histórica contra o Bahia. Um novo marco para o esporte feminino no Nordeste.,Pernambuco Press,https://www.gazetaesportiva.com?id=curado-feminino-1-2026-09-03,https://images.unsplash.com/photo-1560272564-c83b66b1ad12?q=80&w=600&auto=format&fit=crop
2026-09-03T09:25:36.580Z,2026-09-03T03:25:36.576Z,Bahia Feminino contrata dupla de ataque campeã sul-americana,O Tricolor de Aço se reforça visando a disputa do mata-mata do Brasileiro Feminino A2. Apresentação das novas atletas ocorre nesta segunda.,Salvador News,https://www.gazetaesportiva.com?id=curado-feminino-2-2026-09-03,https://images.unsplash.com/photo-1551958219-acbc608c6d77?q=80&w=600&auto=format&fit=crop
2026-09-03T13:45:24.806Z,2026-09-03T13:45:24.804Z,Fortaleza Feminino goleia e assume a ponta do Brasileirão A1,As Leoas venceram o clássico com autoridade por 4 a 1 e continuam invictas na competição nacional de futebol feminino.,Ceará Esportes,https://www.gazetaesportiva.com?id=curado-feminino-0-2026-09-03,https://images.unsplash.com/photo-1543351611-58f69d7c1781?q=80&w=600&auto=format&fit=crop
2026-09-03T13:45:24.806Z,2026-09-03T10:45:24.804Z,Sport Feminino atrai público recorde na Arena de Pernambuco,Mais de 15 mil torcedores empurraram as Leoas na vitória histórica contra o Bahia. Um novo marco para o esporte feminino no Nordeste.,Pernambuco Press,https://www.gazetaesportiva.com?id=curado-feminino-1-2026-09-03,https://images.unsplash.com/photo-1560272564-c83b66b1ad12?q=80&w=600&auto=format&fit=crop
2026-09-03T13:45:24.806Z,2026-09-03T07:45:24.804Z,Bahia Feminino contrata dupla de ataque campeã sul-americana,O Tricolor de Aço se reforça visando a disputa do mata-mata do Brasileiro Feminino A2. Apresentação das novas atletas ocorre nesta segunda.,Salvador News,https://www.gazetaesportiva.com?id=curado-feminino-2-2026-09-03,https://images.unsplash.com/photo-1551958219-acbc608c6d77?q=80&w=600&auto=format&fit=crop
2026-09-03T17:29:40.295Z,2026-09-03T17:29:40.292Z,Fortaleza Feminino goleia e assume a ponta do Brasileirão A1,As Leoas venceram o clássico com autoridade por 4 a 1 e continuam invictas na competição nacional de futebol feminino.,Ceará Esportes,https://www.gazetaesportiva.com?id=curado-feminino-0-2026-09-03,https://images.unsplash.com/photo-1543351611-58f69d7c1781?q=80&w=600&auto=format&fit=crop
2026-09-03T17:29:40.295Z,2026-09-03T14:29:40.292Z,Sport Feminino atrai público recorde na Arena de Pernambuco,Mais de 15 mil torcedores empurraram as Leoas na vitória histórica contra o Bahia. Um novo marco para o esporte feminino no Nordeste.,Pernambuco Press,https://www.gazetaesportiva.com?id=curado-feminino-1-2026-09-03,https://images.unsplash.com/photo-1560272564-c83b66b1ad12?q=80&w=600&auto=format&fit=crop
2026-09-03T17:29:40.295Z,2026-09-03T11:29:40.292Z,Bahia Feminino contrata dupla de ataque campeã sul-americana,O Tricolor de Aço se reforça visando a disputa do mata-mata do Brasileiro Feminino A2. Apresentação das novas atletas ocorre nesta segunda.,Salvador News,https://www.gazetaesportiva.com?id=curado-feminino-2-2026-09-03,https://images.unsplash.com/photo-1551958219-acbc608c6d77?q=80&w=600&auto=format&fit=crop
2026-09-03T20:05:01.169Z,2026-09-03T20:05:01.166Z,Fortaleza Feminino goleia e assume a ponta do Brasileirão A1,As Leoas venceram o clássico com autoridade por 4 a 1 e continuam invictas na competição nacional de futebol feminino.,Ceará Esportes,https://www.gazetaesportiva.com?id=curado-feminino-0-2026-09-03,https://images.unsplash.com/photo-1543351611-58f69d7c1781?q=80&w=600&auto=format&fit=crop
2026-09-03T20:05:01.169Z,2026-09-03T17:05:01.166Z,Sport Feminino atrai público recorde na Arena de Pernambuco,Mais de 15 mil torcedores empurraram as Leoas na vitória histórica contra o Bahia. Um novo marco para o esporte feminino no Nordeste.,Pernambuco Press,https://www.gazetaesportiva.com?id=curado-feminino-1-2026-09-03,https://images.unsplash.com/photo-1560272564-c83b66b1ad12?q=80&w=600&auto=format&fit=crop
2026-09-03T20:05:01.169Z,2026-09-03T14:05:01.166Z,Bahia Feminino contrata dupla de ataque campeã sul-americana,O Tricolor de Aço se reforça visando a disputa do mata-mata do Brasileiro Feminino A2. Apresentação das novas atletas ocorre nesta segunda.,Salvador News,https://www.gazetaesportiva.com?id=curado-feminino-2-2026-09-03,https://images.unsplash.com/photo-1551958219-acbc608c6d77?q=80&w=600&auto=format&fit=crop
2026-09-03T22:43:03.763Z,2026-09-03T22:43:03.761Z,Fortaleza Feminino goleia e assume a ponta do Brasileirão A1,As Leoas venceram o clássico com autoridade por 4 a 1 e continuam invictas na competição nacional de futebol feminino.,Ceará Esportes,https://www.gazetaesportiva.com?id=curado-feminino-0-2026-09-03,https://images.unsplash.com/photo-1543351611-58f69d7c1781?q=80&w=600&auto=format&fit=crop
2026-09-03T22:43:03.763Z,2026-09-03T19:43:03.761Z,Sport Feminino atrai público recorde na Arena de Pernambuco,Mais de 15 mil torcedores empurraram as Leoas na vitória histórica contra o Bahia. Um novo marco para o esporte feminino no Nordeste.,Pernambuco Press,https://www.gazetaesportiva.com?id=curado-feminino-1-2026-09-03,https://images.unsplash.com/photo-1560272564-c83b66b1ad12?q=80&w=600&auto=format&fit=crop
2026-09-03T22:43:03.763Z,2026-09-03T16:43:03.761Z,Bahia Feminino contrata dupla de ataque campeã sul-americana,O Tricolor de Aço se reforça visando a disputa do mata-mata do Brasileiro Feminino A2. Apresentação das novas atletas ocorre nesta segunda.,Salvador News,https://www.gazetaesportiva.com?id=curado-feminino-2-2026-09-03,https://images.unsplash.com/photo-1551958219-acbc608c6d77?q=80&w=600&auto=format&fit=crop
2026-09-04T00:43:27.361Z,2026-09-04T00:43:27.359Z,Fortaleza Feminino goleia e assume a ponta do Brasileirão A1,As Leoas venceram o clássico com autoridade por 4 a 1 e continuam invictas na competição nacional de futebol feminino.,Ceará Esportes,https://www.gazetaesportiva.com?id=curado-feminino-0-2026-09-04,https://images.unsplash.com/photo-1543351611-58f69d7c1781?q=80&w=600&auto=format&fit=crop
2026-09-04T00:43:27.361Z,2026-09-03T23:00:18.000Z,Palmeiras x Bahia: veja onde assistir e prováveis escalações do jogo pelo Brasileirão feminino,"Palmeiras e Bahia se enfrentam nesta sexta-feira (4), às 21h30, na Arena Crefisa Barueri, pelo jogo de volta das quartas de final do Brasileirão Feminino 2026. Após o empate por 1 ...",Gazeta Esportiva,https://www.gazetaesportiva.com/times/palmeiras/palmeiras-x-bahia-onde-assistir-quartas-brasileirao-feminino-2026/,https://static.gazetaesportiva.com/uploads/2026/09/55501138371_1e5e7ea028_o.webp
2026-09-04T00:43:27.361Z,2026-09-03T21:43:27.359Z,Sport Feminino atrai público recorde na Arena de Pernambuco,Mais de 15 mil torcedores empurraram as Leoas na vitória histórica contra o Bahia. Um novo marco para o esporte feminino no Nordeste.,Pernambuco Press,https://www.gazetaesportiva.com?id=curado-feminino-1-2026-09-03,https://images.unsplash.com/photo-1560272564-c83b66b1ad12?q=80&w=600&auto=format&fit=crop
2026-09-04T00:43:27.361Z,2026-09-03T18:43:27.359Z,Bahia Feminino contrata dupla de ataque campeã sul-americana,O Tricolor de Aço se reforça visando a disputa do mata-mata do Brasileiro Feminino A2. Apresentação das novas atletas ocorre nesta segunda.,Salvador News,https://www.gazetaesportiva.com?id=curado-feminino-2-2026-09-03,https://images.unsplash.com/photo-1551958219-acbc608c6d77?q=80&w=600&auto=format&fit=crop
2026-09-04T05:27:06.155Z,2026-09-04T05:27:06.153Z,Fortaleza Feminino goleia e assume a ponta do Brasileirão A1,As Leoas venceram o clássico com autoridade por 4 a 1 e continuam invictas na competição nacional de futebol feminino.,Ceará Esportes,https://www.gazetaesportiva.com?id=curado-feminino-0-2026-09-04,https://images.unsplash.com/photo-1543351611-58f69d7c1781?q=80&w=600&auto=format&fit=crop
2026-09-04T05:27:06.155Z,2026-09-04T02:27:06.153Z,Sport Feminino atrai público recorde na Arena de Pernambuco,Mais de 15 mil torcedores empurraram as Leoas na vitória histórica contra o Bahia. Um novo marco para o esporte feminino no Nordeste.,Pernambuco Press,https://www.gazetaesportiva.com?id=curado-feminino-1-2026-09-04,https://images.unsplash.com/photo-1560272564-c83b66b1ad12?q=80&w=600&auto=format&fit=crop
2026-09-04T05:27:06.155Z,2026-09-03T23:27:06.153Z,Bahia Feminino contrata dupla de ataque campeã sul-americana,O Tricolor de Aço se reforça visando a disputa do mata-mata do Brasileiro Feminino A2. Apresentação das novas atletas ocorre nesta segunda.,Salvador News,https://www.gazetaesportiva.com?id=curado-feminino-2-2026-09-03,https://images.unsplash.com/photo-1551958219-acbc608c6d77?q=80&w=600&auto=format&fit=crop
2026-09-04T05:27:06.155Z,2026-09-03T23:00:18.000Z,Palmeiras x Bahia: veja onde assistir e prováveis escalações do jogo pelo Brasileirão feminino,"Palmeiras e Bahia se enfrentam nesta sexta-feira (4), às 21h30, na Arena Crefisa Barueri, pelo jogo de volta das quartas de final do Brasileirão Feminino 2026. Após o empate por 1 ...",Gazeta Esportiva,https://www.gazetaesportiva.com/times/palmeiras/palmeiras-x-bahia-onde-assistir-quartas-brasileirao-feminino-2026/,https://static.gazetaesportiva.com/uploads/2026/09/55501138371_1e5e7ea028_o.webp
2026-09-04T09:51:20.503Z,2026-09-04T09:51:20.501Z,Fortaleza Feminino goleia e assume a ponta do Brasileirão A1,As Leoas venceram o clássico com autoridade por 4 a 1 e continuam invictas na competição nacional de futebol feminino.,Ceará Esportes,https://www.gazetaesportiva.com?id=curado-feminino-0-2026-09-04,https://images.unsplash.com/photo-1543351611-58f69d7c1781?q=80&w=600&auto=format&fit=crop
2026-09-04T09:51:20.503Z,2026-09-04T06:51:20.501Z,Sport Feminino atrai público recorde na Arena de Pernambuco,Mais de 15 mil torcedores empurraram as Leoas na vitória histórica contra o Bahia. Um novo marco para o esporte feminino no Nordeste.,Pernambuco Press,https://www.gazetaesportiva.com?id=curado-feminino-1-2026-09-04,https://images.unsplash.com/photo-1560272564-c83b66b1ad12?q=80&w=600&auto=format&fit=crop
2026-09-04T09:51:20.503Z,2026-09-04T03:51:20.501Z,Bahia Feminino contrata dupla de ataque campeã sul-americana,O Tricolor de Aço se reforça visando a disputa do mata-mata do Brasileiro Feminino A2. Apresentação das novas atletas ocorre nesta segunda.,Salvador News,https://www.gazetaesportiva.com?id=curado-feminino-2-2026-09-04,https://images.unsplash.com/photo-1551958219-acbc608c6d77?q=80&w=600&auto=format&fit=crop
2026-09-04T09:51:20.503Z,2026-09-03T23:00:18.000Z,Palmeiras x Bahia: veja onde assistir e prováveis escalações do jogo pelo Brasileirão feminino,"Palmeiras e Bahia se enfrentam nesta sexta-feira (4), às 21h30, na Arena Crefisa Barueri, pelo jogo de volta das quartas de final do Brasileirão Feminino 2026. Após o empate por 1 ...",Gazeta Esportiva,https://www.gazetaesportiva.com/times/palmeiras/palmeiras-x-bahia-onde-assistir-quartas-brasileirao-feminino-2026/,https://static.gazetaesportiva.com/uploads/2026/09/55501138371_1e5e7ea028_o.webp
2026-09-04T13:58:32.061Z,2026-09-04T13:58:32.059Z,Fortaleza Feminino goleia e assume a ponta do Brasileirão A1,As Leoas venceram o clássico com autoridade por 4 a 1 e continuam invictas na competição nacional de futebol feminino.,Ceará Esportes,https://www.gazetaesportiva.com?id=curado-feminino-0-2026-09-04,https://images.unsplash.com/photo-1543351611-58f69d7c1781?q=80&w=600&auto=format&fit=crop
2026-09-04T13:58:32.061Z,2026-09-04T10:58:32.059Z,Sport Feminino atrai público recorde na Arena de Pernambuco,Mais de 15 mil torcedores empurraram as Leoas na vitória histórica contra o Bahia. Um novo marco para o esporte feminino no Nordeste.,Pernambuco Press,https://www.gazetaesportiva.com?id=curado-feminino-1-2026-09-04,https://images.unsplash.com/photo-1560272564-c83b66b1ad12?q=80&w=600&auto=format&fit=crop
2026-09-04T13:58:32.061Z,2026-09-04T07:58:32.059Z,Bahia Feminino contrata dupla de ataque campeã sul-americana,O Tricolor de Aço se reforça visando a disputa do mata-mata do Brasileiro Feminino A2. Apresentação das novas atletas ocorre nesta segunda.,Salvador News,https://www.gazetaesportiva.com?id=curado-feminino-2-2026-09-04,https://images.unsplash.com/photo-1551958219-acbc608c6d77?q=80&w=600&auto=format&fit=crop
2026-09-04T13:58:32.061Z,2026-09-03T23:00:18.000Z,Palmeiras x Bahia: veja onde assistir e prováveis escalações do jogo pelo Brasileirão feminino,"Palmeiras e Bahia se enfrentam nesta sexta-feira (4), às 21h30, na Arena Crefisa Barueri, pelo jogo de volta das quartas de final do Brasileirão Feminino 2026. Após o empate por 1 ...",Gazeta Esportiva,https://www.gazetaesportiva.com/times/palmeiras/palmeiras-x-bahia-onde-assistir-quartas-brasileirao-feminino-2026/,https://static.gazetaesportiva.com/uploads/2026/09/55501138371_1e5e7ea028_o.webp
2026-09-04T17:30:50.389Z,2026-09-04T17:30:50.386Z,Fortaleza Feminino goleia e assume a ponta do Brasileirão A1,As Leoas venceram o clássico com autoridade por 4 a 1 e continuam invictas na competição nacional de futebol feminino.,Ceará Esportes,https://www.gazetaesportiva.com?id=curado-feminino-0-2026-09-04,https://images.unsplash.com/photo-1543351611-58f69d7c1781?q=80&w=600&auto=format&fit=crop
2026-09-04T17:30:50.389Z,2026-09-04T14:30:50.386Z,Sport Feminino atrai público recorde na Arena de Pernambuco,Mais de 15 mil torcedores empurraram as Leoas na vitória histórica contra o Bahia. Um novo marco para o esporte feminino no Nordeste.,Pernambuco Press,https://www.gazetaesportiva.com?id=curado-feminino-1-2026-09-04,https://images.unsplash.com/photo-1560272564-c83b66b1ad12?q=80&w=600&auto=format&fit=crop
2026-09-04T17:30:50.389Z,2026-09-04T11:30:50.386Z,Bahia Feminino contrata dupla de ataque campeã sul-americana,O Tricolor de Aço se reforça visando a disputa do mata-mata do Brasileiro Feminino A2. Apresentação das novas atletas ocorre nesta segunda.,Salvador News,https://www.gazetaesportiva.com?id=curado-feminino-2-2026-09-04,https://images.unsplash.com/photo-1551958219-acbc608c6d77?q=80&w=600&auto=format&fit=crop
2026-09-04T20:13:56.870Z,2026-09-04T20:13:56.867Z,Fortaleza Feminino goleia e assume a ponta do Brasileirão A1,As Leoas venceram o clássico com autoridade por 4 a 1 e continuam invictas na competição nacional de futebol feminino.,Ceará Esportes,https://www.gazetaesportiva.com?id=curado-feminino-0-2026-09-04,https://images.unsplash.com/photo-1543351611-58f69d7c1781?q=80&w=600&auto=format&fit=crop
2026-09-04T20:13:56.870Z,2026-09-04T17:13:56.867Z,Sport Feminino atrai público recorde na Arena de Pernambuco,Mais de 15 mil torcedores empurraram as Leoas na vitória histórica contra o Bahia. Um novo marco para o esporte feminino no Nordeste.,Pernambuco Press,https://www.gazetaesportiva.com?id=curado-feminino-1-2026-09-04,https://images.unsplash.com/photo-1560272564-c83b66b1ad12?q=80&w=600&auto=format&fit=crop
2026-09-04T20:13:56.870Z,2026-09-04T14:13:56.867Z,Bahia Feminino contrata dupla de ataque campeã sul-americana,O Tricolor de Aço se reforça visando a disputa do mata-mata do Brasileiro Feminino A2. Apresentação das novas atletas ocorre nesta segunda.,Salvador News,https://www.gazetaesportiva.com?id=curado-feminino-2-2026-09-04,https://images.unsplash.com/photo-1551958219-acbc608c6d77?q=80&w=600&auto=format&fit=crop
2026-09-04T22:26:35.198Z,2026-09-04T22:26:35.196Z,Fortaleza Feminino goleia e assume a ponta do Brasileirão A1,As Leoas venceram o clássico com autoridade por 4 a 1 e continuam invictas na competição nacional de futebol feminino.,Ceará Esportes,https://www.gazetaesportiva.com?id=curado-feminino-0-2026-09-04,https://images.unsplash.com/photo-1543351611-58f69d7c1781?q=80&w=600&auto=format&fit=crop
2026-09-04T22:26:35.198Z,2026-09-04T19:26:35.196Z,Sport Feminino atrai público recorde na Arena de Pernambuco,Mais de 15 mil torcedores empurraram as Leoas na vitória histórica contra o Bahia. Um novo marco para o esporte feminino no Nordeste.,Pernambuco Press,https://www.gazetaesportiva.com?id=curado-feminino-1-2026-09-04,https://images.unsplash.com/photo-1560272564-c83b66b1ad12?q=80&w=600&auto=format&fit=crop
2026-09-04T22:26:35.198Z,2026-09-04T16:26:35.196Z,Bahia Feminino contrata dupla de ataque campeã sul-americana,O Tricolor de Aço se reforça visando a disputa do mata-mata do Brasileiro Feminino A2. Apresentação das novas atletas ocorre nesta segunda.,Salvador News,https://www.gazetaesportiva.com?id=curado-feminino-2-2026-09-04,https://images.unsplash.com/photo-1551958219-acbc608c6d77?q=80&w=600&auto=format&fit=crop
2026-09-05T00:16:14.108Z,2026-09-05T00:16:14.106Z,Fortaleza Feminino goleia e assume a ponta do Brasileirão A1,As Leoas venceram o clássico com autoridade por 4 a 1 e continuam invictas na competição nacional de futebol feminino.,Ceará Esportes,https://www.gazetaesportiva.com?id=curado-feminino-0-2026-09-05,https://images.unsplash.com/photo-1543351611-58f69d7c1781?q=80&w=600&auto=format&fit=crop
2026-09-05T00:16:14.108Z,2026-09-04T21:16:14.106Z,Sport Feminino atrai público recorde na Arena de Pernambuco,Mais de 15 mil torcedores empurraram as Leoas na vitória histórica contra o Bahia. Um novo marco para o esporte feminino no Nordeste.,Pernambuco Press,https://www.gazetaesportiva.com?id=curado-feminino-1-2026-09-04,https://images.unsplash.com/photo-1560272564-c83b66b1ad12?q=80&w=600&auto=format&fit=crop
2026-09-05T00:16:14.108Z,2026-09-04T18:16:14.106Z,Bahia Feminino contrata dupla de ataque campeã sul-americana,O Tricolor de Aço se reforça visando a disputa do mata-mata do Brasileiro Feminino A2. Apresentação das novas atletas ocorre nesta segunda.,Salvador News,https://www.gazetaesportiva.com?id=curado-feminino-2-2026-09-04,https://images.unsplash.com/photo-1551958219-acbc608c6d77?q=80&w=600&auto=format&fit=crop
2026-09-05T04:47:13.858Z,2026-09-05T04:47:13.855Z,Fortaleza Feminino goleia e assume a ponta do Brasileirão A1,As Leoas venceram o clássico com autoridade por 4 a 1 e continuam invictas na competição nacional de futebol feminino.,Ceará Esportes,https://www.gazetaesportiva.com?id=curado-feminino-0-2026-09-05,https://images.unsplash.com/photo-1543351611-58f69d7c1781?q=80&w=600&auto=format&fit=crop
2026-09-05T04:47:13.858Z,2026-09-05T01:47:13.855Z,Sport Feminino atrai público recorde na Arena de Pernambuco,Mais de 15 mil torcedores empurraram as Leoas na vitória histórica contra o Bahia. Um novo marco para o esporte feminino no Nordeste.,Pernambuco Press,https://www.gazetaesportiva.com?id=curado-feminino-1-2026-09-05,https://images.unsplash.com/photo-1560272564-c83b66b1ad12?q=80&w=600&auto=format&fit=crop
2026-09-05T04:47:13.858Z,2026-09-04T22:47:13.855Z,Bahia Feminino contrata dupla de ataque campeã sul-americana,O Tricolor de Aço se reforça visando a disputa do mata-mata do Brasileiro Feminino A2. Apresentação das novas atletas ocorre nesta segunda.,Salvador News,https://www.gazetaesportiva.com?id=curado-feminino-2-2026-09-04,https://images.unsplash.com/photo-1551958219-acbc608c6d77?q=80&w=600&auto=format&fit=crop
2026-09-05T08:47:08.320Z,2026-09-05T08:47:08.314Z,Fortaleza Feminino goleia e assume a ponta do Brasileirão A1,As Leoas venceram o clássico com autoridade por 4 a 1 e continuam invictas na competição nacional de futebol feminino.,Ceará Esportes,https://www.gazetaesportiva.com?id=curado-feminino-0-2026-09-05,https://images.unsplash.com/photo-1543351611-58f69d7c1781?q=80&w=600&auto=format&fit=crop
2026-09-05T08:47:08.320Z,2026-09-05T05:47:08.314Z,Sport Feminino atrai público recorde na Arena de Pernambuco,Mais de 15 mil torcedores empurraram as Leoas na vitória histórica contra o Bahia. Um novo marco para o esporte feminino no Nordeste.,Pernambuco Press,https://www.gazetaesportiva.com?id=curado-feminino-1-2026-09-05,https://images.unsplash.com/photo-1560272564-c83b66b1ad12?q=80&w=600&auto=format&fit=crop
2026-09-05T08:47:08.320Z,2026-09-05T02:47:08.314Z,Bahia Feminino contrata dupla de ataque campeã sul-americana,O Tricolor de Aço se reforça visando a disputa do mata-mata do Brasileiro Feminino A2. Apresentação das novas atletas ocorre nesta segunda.,Salvador News,https://www.gazetaesportiva.com?id=curado-feminino-2-2026-09-05,https://images.unsplash.com/photo-1551958219-acbc608c6d77?q=80&w=600&auto=format&fit=crop
2026-09-05T12:20:19.135Z,2026-09-05T12:20:19.131Z,Fortaleza Feminino goleia e assume a ponta do Brasileirão A1,As Leoas venceram o clássico com autoridade por 4 a 1 e continuam invictas na competição nacional de futebol feminino.,Ceará Esportes,https://www.gazetaesportiva.com?id=curado-feminino-0-2026-09-05,https://images.unsplash.com/photo-1543351611-58f69d7c1781?q=80&w=600&auto=format&fit=crop
2026-09-05T12:20:19.135Z,2026-09-05T09:20:19.131Z,Sport Feminino atrai público recorde na Arena de Pernambuco,Mais de 15 mil torcedores empurraram as Leoas na vitória histórica contra o Bahia. Um novo marco para o esporte feminino no Nordeste.,Pernambuco Press,https://www.gazetaesportiva.com?id=curado-feminino-1-2026-09-05,https://images.unsplash.com/photo-1560272564-c83b66b1ad12?q=80&w=600&auto=format&fit=crop
2026-09-05T12:20:19.135Z,2026-09-05T06:20:19.131Z,Bahia Feminino contrata dupla de ataque campeã sul-americana,O Tricolor de Aço se reforça visando a disputa do mata-mata do Brasileiro Feminino A2. Apresentação das novas atletas ocorre nesta segunda.,Salvador News,https://www.gazetaesportiva.com?id=curado-feminino-2-2026-09-05,https://images.unsplash.com/photo-1551958219-acbc608c6d77?q=80&w=600&auto=format&fit=crop
2026-09-05T15:25:19.830Z,2026-09-05T15:25:19.828Z,Fortaleza Feminino goleia e assume a ponta do Brasileirão A1,As Leoas venceram o clássico com autoridade por 4 a 1 e continuam invictas na competição nacional de futebol feminino.,Ceará Esportes,https://www.gazetaesportiva.com?id=curado-feminino-0-2026-09-05,https://images.unsplash.com/photo-1543351611-58f69d7c1781?q=80&w=600&auto=format&fit=crop
2026-09-05T15:25:19.830Z,2026-09-05T12:25:19.828Z,Sport Feminino atrai público recorde na Arena de Pernambuco,Mais de 15 mil torcedores empurraram as Leoas na vitória histórica contra o Bahia. Um novo marco para o esporte feminino no Nordeste.,Pernambuco Press,https://www.gazetaesportiva.com?id=curado-feminino-1-2026-09-05,https://images.unsplash.com/photo-1560272564-c83b66b1ad12?q=80&w=600&auto=format&fit=crop
2026-09-05T15:25:19.830Z,2026-09-05T09:25:19.828Z,Bahia Feminino contrata dupla de ataque campeã sul-americana,O Tricolor de Aço se reforça visando a disputa do mata-mata do Brasileiro Feminino A2. Apresentação das novas atletas ocorre nesta segunda.,Salvador News,https://www.gazetaesportiva.com?id=curado-feminino-2-2026-09-05,https://images.unsplash.com/photo-1551958219-acbc608c6d77?q=80&w=600&auto=format&fit=crop
2026-09-05T15:25:19.830Z,2026-09-05T02:49:21.000Z,Palmeiras perde do Bahia nos pênaltis e cai nas quartas do Brasileiro feminino,"O Palmeiras está eliminado do Brasileirão feminino. Na noite desta sexta-feira, o Verdão voltou a empatar com o Bahia em 0 a 0 na Arena Barueri e, na disputa de pênaltis, foi super...",Gazeta Esportiva,https://www.gazetaesportiva.com/times/palmeiras/palmeiras-perde-do-bahia-nos-penaltis-e-cai-nas-quartas-do-brasileiro-feminino/,https://static.gazetaesportiva.com/uploads/2026/09/WhatsApp-Image-2026-09-04-at-23.48.50.webp
2026-09-05T17:26:57.401Z,2026-09-05T17:26:57.398Z,Fortaleza Feminino goleia e assume a ponta do Brasileirão A1,As Leoas venceram o clássico com autoridade por 4 a 1 e continuam invictas na competição nacional de futebol feminino.,Ceará Esportes,https://www.gazetaesportiva.com?id=curado-feminino-0-2026-09-05,https://images.unsplash.com/photo-1543351611-58f69d7c1781?q=80&w=600&auto=format&fit=crop
2026-09-05T17:26:57.401Z,2026-09-05T14:26:57.398Z,Sport Feminino atrai público recorde na Arena de Pernambuco,Mais de 15 mil torcedores empurraram as Leoas na vitória histórica contra o Bahia. Um novo marco para o esporte feminino no Nordeste.,Pernambuco Press,https://www.gazetaesportiva.com?id=curado-feminino-1-2026-09-05,https://images.unsplash.com/photo-1560272564-c83b66b1ad12?q=80&w=600&auto=format&fit=crop
2026-09-05T17:26:57.401Z,2026-09-05T11:26:57.398Z,Bahia Feminino contrata dupla de ataque campeã sul-americana,O Tricolor de Aço se reforça visando a disputa do mata-mata do Brasileiro Feminino A2. Apresentação das novas atletas ocorre nesta segunda.,Salvador News,https://www.gazetaesportiva.com?id=curado-feminino-2-2026-09-05,https://images.unsplash.com/photo-1551958219-acbc608c6d77?q=80&w=600&auto=format&fit=crop
2026-09-05T17:26:57.401Z,2026-09-05T02:49:21.000Z,Palmeiras perde do Bahia nos pênaltis e cai nas quartas do Brasileiro feminino,"O Palmeiras está eliminado do Brasileirão feminino. Na noite desta sexta-feira, o Verdão voltou a empatar com o Bahia em 0 a 0 na Arena Barueri e, na disputa de pênaltis, foi super...",Gazeta Esportiva,https://www.gazetaesportiva.com/times/palmeiras/palmeiras-perde-do-bahia-nos-penaltis-e-cai-nas-quartas-do-brasileiro-feminino/,https://static.gazetaesportiva.com/uploads/2026/09/WhatsApp-Image-2026-09-04-at-23.48.50.webp
2026-09-05T19:17:32.172Z,2026-09-05T19:17:32.170Z,Fortaleza Feminino goleia e assume a ponta do Brasileirão A1,As Leoas venceram o clássico com autoridade por 4 a 1 e continuam invictas na competição nacional de futebol feminino.,Ceará Esportes,https://www.gazetaesportiva.com?id=curado-feminino-0-2026-09-05,https://images.unsplash.com/photo-1543351611-58f69d7c1781?q=80&w=600&auto=format&fit=crop
2026-09-05T19:17:32.172Z,2026-09-05T16:17:32.170Z,Sport Feminino atrai público recorde na Arena de Pernambuco,Mais de 15 mil torcedores empurraram as Leoas na vitória histórica contra o Bahia. Um novo marco para o esporte feminino no Nordeste.,Pernambuco Press,https://www.gazetaesportiva.com?id=curado-feminino-1-2026-09-05,https://images.unsplash.com/photo-1560272564-c83b66b1ad12?q=80&w=600&auto=format&fit=crop
2026-09-05T19:17:32.172Z,2026-09-05T13:17:32.170Z,Bahia Feminino contrata dupla de ataque campeã sul-americana,O Tricolor de Aço se reforça visando a disputa do mata-mata do Brasileiro Feminino A2. Apresentação das novas atletas ocorre nesta segunda.,Salvador News,https://www.gazetaesportiva.com?id=curado-feminino-2-2026-09-05,https://images.unsplash.com/photo-1551958219-acbc608c6d77?q=80&w=600&auto=format&fit=crop
2026-09-05T21:28:31.192Z,2026-09-05T21:28:31.188Z,Fortaleza Feminino goleia e assume a ponta do Brasileirão A1,As Leoas venceram o clássico com autoridade por 4 a 1 e continuam invictas na competição nacional de futebol feminino.,Ceará Esportes,https://www.gazetaesportiva.com?id=curado-feminino-0-2026-09-05,https://images.unsplash.com/photo-1543351611-58f69d7c1781?q=80&w=600&auto=format&fit=crop
2026-09-05T21:28:31.192Z,2026-09-05T18:28:31.189Z,Sport Feminino atrai público recorde na Arena de Pernambuco,Mais de 15 mil torcedores empurraram as Leoas na vitória histórica contra o Bahia. Um novo marco para o esporte feminino no Nordeste.,Pernambuco Press,https://www.gazetaesportiva.com?id=curado-feminino-1-2026-09-05,https://images.unsplash.com/photo-1560272564-c83b66b1ad12?q=80&w=600&auto=format&fit=crop
2026-09-05T21:28:31.192Z,2026-09-05T15:28:31.189Z,Bahia Feminino contrata dupla de ataque campeã sul-americana,O Tricolor de Aço se reforça visando a disputa do mata-mata do Brasileiro Feminino A2. Apresentação das novas atletas ocorre nesta segunda.,Salvador News,https://www.gazetaesportiva.com?id=curado-feminino-2-2026-09-05,https://images.unsplash.com/photo-1551958219-acbc608c6d77?q=80&w=600&auto=format&fit=crop
2026-09-05T23:10:30.035Z,2026-09-05T23:10:30.031Z,Fortaleza Feminino goleia e assume a ponta do Brasileirão A1,As Leoas venceram o clássico com autoridade por 4 a 1 e continuam invictas na competição nacional de futebol feminino.,Ceará Esportes,https://www.gazetaesportiva.com?id=curado-feminino-0-2026-09-05,https://images.unsplash.com/photo-1543351611-58f69d7c1781?q=80&w=600&auto=format&fit=crop
2026-09-05T23:10:30.035Z,2026-09-05T20:10:30.031Z,Sport Feminino atrai público recorde na Arena de Pernambuco,Mais de 15 mil torcedores empurraram as Leoas na vitória histórica contra o Bahia. Um novo marco para o esporte feminino no Nordeste.,Pernambuco Press,https://www.gazetaesportiva.com?id=curado-feminino-1-2026-09-05,https://images.unsplash.com/photo-1560272564-c83b66b1ad12?q=80&w=600&auto=format&fit=crop
2026-09-05T23:10:30.035Z,2026-09-05T17:10:30.031Z,Bahia Feminino contrata dupla de ataque campeã sul-americana,O Tricolor de Aço se reforça visando a disputa do mata-mata do Brasileiro Feminino A2. Apresentação das novas atletas ocorre nesta segunda.,Salvador News,https://www.gazetaesportiva.com?id=curado-feminino-2-2026-09-05,https://images.unsplash.com/photo-1551958219-acbc608c6d77?q=80&w=600&auto=format&fit=crop
2026-09-06T01:11:25.257Z,2026-09-06T01:11:25.254Z,Fortaleza Feminino goleia e assume a ponta do Brasileirão A1,As Leoas venceram o clássico com autoridade por 4 a 1 e continuam invictas na competição nacional de futebol feminino.,Ceará Esportes,https://www.gazetaesportiva.com?id=curado-feminino-0-2026-09-06,https://images.unsplash.com/photo-1543351611-58f69d7c1781?q=80&w=600&auto=format&fit=crop
2026-09-06T01:11:25.257Z,2026-09-05T22:11:25.254Z,Sport Feminino atrai público recorde na Arena de Pernambuco,Mais de 15 mil torcedores empurraram as Leoas na vitória histórica contra o Bahia. Um novo marco para o esporte feminino no Nordeste.,Pernambuco Press,https://www.gazetaesportiva.com?id=curado-feminino-1-2026-09-05,https://images.unsplash.com/photo-1560272564-c83b66b1ad12?q=80&w=600&auto=format&fit=crop
2026-09-06T01:11:25.257Z,2026-09-05T19:11:25.254Z,Bahia Feminino contrata dupla de ataque campeã sul-americana,O Tricolor de Aço se reforça visando a disputa do mata-mata do Brasileiro Feminino A2. Apresentação das novas atletas ocorre nesta segunda.,Salvador News,https://www.gazetaesportiva.com?id=curado-feminino-2-2026-09-05,https://images.unsplash.com/photo-1551958219-acbc608c6d77?q=80&w=600&auto=format&fit=crop
2026-09-06T06:15:59.368Z,2026-09-06T06:15:59.364Z,Fortaleza Feminino goleia e assume a ponta do Brasileirão A1,As Leoas venceram o clássico com autoridade por 4 a 1 e continuam invictas na competição nacional de futebol feminino.,Ceará Esportes,https://www.gazetaesportiva.com?id=curado-feminino-0-2026-09-06,https://images.unsplash.com/photo-1543351611-58f69d7c1781?q=80&w=600&auto=format&fit=crop
2026-09-06T06:15:59.368Z,2026-09-06T03:15:59.364Z,Sport Feminino atrai público recorde na Arena de Pernambuco,Mais de 15 mil torcedores empurraram as Leoas na vitória histórica contra o Bahia. Um novo marco para o esporte feminino no Nordeste.,Pernambuco Press,https://www.gazetaesportiva.com?id=curado-feminino-1-2026-09-06,https://images.unsplash.com/photo-1560272564-c83b66b1ad12?q=80&w=600&auto=format&fit=crop
2026-09-06T06:15:59.368Z,2026-09-06T00:15:59.364Z,Bahia Feminino contrata dupla de ataque campeã sul-americana,O Tricolor de Aço se reforça visando a disputa do mata-mata do Brasileiro Feminino A2. Apresentação das novas atletas ocorre nesta segunda.,Salvador News,https://www.gazetaesportiva.com?id=curado-feminino-2-2026-09-06,https://images.unsplash.com/photo-1551958219-acbc608c6d77?q=80&w=600&auto=format&fit=crop
2026-09-06T11:12:11.687Z,2026-09-06T11:12:11.683Z,Fortaleza Feminino goleia e assume a ponta do Brasileirão A1,As Leoas venceram o clássico com autoridade por 4 a 1 e continuam invictas na competição nacional de futebol feminino.,Ceará Esportes,https://www.gazetaesportiva.com?id=curado-feminino-0-2026-09-06,https://images.unsplash.com/photo-1543351611-58f69d7c1781?q=80&w=600&auto=format&fit=crop
2026-09-06T11:12:11.687Z,2026-09-06T08:12:11.683Z,Sport Feminino atrai público recorde na Arena de Pernambuco,Mais de 15 mil torcedores empurraram as Leoas na vitória histórica contra o Bahia. Um novo marco para o esporte feminino no Nordeste.,Pernambuco Press,https://www.gazetaesportiva.com?id=curado-feminino-1-2026-09-06,https://images.unsplash.com/photo-1560272564-c83b66b1ad12?q=80&w=600&auto=format&fit=crop
2026-09-06T11:12:11.687Z,2026-09-06T05:12:11.683Z,Bahia Feminino contrata dupla de ataque campeã sul-americana,O Tricolor de Aço se reforça visando a disputa do mata-mata do Brasileiro Feminino A2. Apresentação das novas atletas ocorre nesta segunda.,Salvador News,https://www.gazetaesportiva.com?id=curado-feminino-2-2026-09-06,https://images.unsplash.com/photo-1551958219-acbc608c6d77?q=80&w=600&auto=format&fit=crop
2026-09-06T14:18:50.060Z,2026-09-06T14:18:50.055Z,Fortaleza Feminino goleia e assume a ponta do Brasileirão A1,As Leoas venceram o clássico com autoridade por 4 a 1 e continuam invictas na competição nacional de futebol feminino.,Ceará Esportes,https://www.gazetaesportiva.com?id=curado-feminino-0-2026-09-06,https://images.unsplash.com/photo-1543351611-58f69d7c1781?q=80&w=600&auto=format&fit=crop
2026-09-06T14:18:50.060Z,2026-09-06T11:18:50.055Z,Sport Feminino atrai público recorde na Arena de Pernambuco,Mais de 15 mil torcedores empurraram as Leoas na vitória histórica contra o Bahia. Um novo marco para o esporte feminino no Nordeste.,Pernambuco Press,https://www.gazetaesportiva.com?id=curado-feminino-1-2026-09-06,https://images.unsplash.com/photo-1560272564-c83b66b1ad12?q=80&w=600&auto=format&fit=crop
2026-09-06T14:18:50.060Z,2026-09-06T08:18:50.055Z,Bahia Feminino contrata dupla de ataque campeã sul-americana,O Tricolor de Aço se reforça visando a disputa do mata-mata do Brasileiro Feminino A2. Apresentação das novas atletas ocorre nesta segunda.,Salvador News,https://www.gazetaesportiva.com?id=curado-feminino-2-2026-09-06,https://images.unsplash.com/photo-1551958219-acbc608c6d77?q=80&w=600&auto=format&fit=crop
2026-09-06T17:13:24.397Z,2026-09-06T17:13:24.394Z,Fortaleza Feminino goleia e assume a ponta do Brasileirão A1,As Leoas venceram o clássico com autoridade por 4 a 1 e continuam invictas na competição nacional de futebol feminino.,Ceará Esportes,https://www.gazetaesportiva.com?id=curado-feminino-0-2026-09-06,https://images.unsplash.com/photo-1543351611-58f69d7c1781?q=80&w=600&auto=format&fit=crop
2026-09-06T17:13:24.397Z,2026-09-06T14:13:24.394Z,Sport Feminino atrai público recorde na Arena de Pernambuco,Mais de 15 mil torcedores empurraram as Leoas na vitória histórica contra o Bahia. Um novo marco para o esporte feminino no Nordeste.,Pernambuco Press,https://www.gazetaesportiva.com?id=curado-feminino-1-2026-09-06,https://images.unsplash.com/photo-1560272564-c83b66b1ad12?q=80&w=600&auto=format&fit=crop
2026-09-06T17:13:24.397Z,2026-09-06T11:13:24.394Z,Bahia Feminino contrata dupla de ataque campeã sul-americana,O Tricolor de Aço se reforça visando a disputa do mata-mata do Brasileiro Feminino A2. Apresentação das novas atletas ocorre nesta segunda.,Salvador News,https://www.gazetaesportiva.com?id=curado-feminino-2-2026-09-06,https://images.unsplash.com/photo-1551958219-acbc608c6d77?q=80&w=600&auto=format&fit=crop
2026-09-06T17:13:24.397Z,2026-09-06T08:00:13.000Z,"Com São Paulo, semifinal do Brasileiro feminino tem três classificados","O Campeonato Brasileiro Feminino A1 já tem três dos quatro semifinalistas definidos. Bahia, São Paulo e Flamengo avançaram às semifinais e seguem na disputa pelo título nacional. 
...",Gazeta Esportiva,https://www.gazetaesportiva.com/campeonatos/brasileirao-feminino/com-sao-paulo-semifinal-do-brasileiro-feminino-tem-tres-classificados/,https://static.gazetaesportiva.com/uploads/2026/09/taca-feminino-1024x683-1.webp
2026-09-06T19:23:12.140Z,2026-09-06T19:23:12.135Z,Fortaleza Feminino goleia e assume a ponta do Brasileirão A1,As Leoas venceram o clássico com autoridade por 4 a 1 e continuam invictas na competição nacional de futebol feminino.,Ceará Esportes,https://www.gazetaesportiva.com?id=curado-feminino-0-2026-09-06,https://images.unsplash.com/photo-1543351611-58f69d7c1781?q=80&w=600&auto=format&fit=crop
2026-09-06T19:23:12.140Z,2026-09-06T16:23:12.135Z,Sport Feminino atrai público recorde na Arena de Pernambuco,Mais de 15 mil torcedores empurraram as Leoas na vitória histórica contra o Bahia. Um novo marco para o esporte feminino no Nordeste.,Pernambuco Press,https://www.gazetaesportiva.com?id=curado-feminino-1-2026-09-06,https://images.unsplash.com/photo-1560272564-c83b66b1ad12?q=80&w=600&auto=format&fit=crop
2026-09-06T19:23:12.140Z,2026-09-06T13:23:12.135Z,Bahia Feminino contrata dupla de ataque campeã sul-americana,O Tricolor de Aço se reforça visando a disputa do mata-mata do Brasileiro Feminino A2. Apresentação das novas atletas ocorre nesta segunda.,Salvador News,https://www.gazetaesportiva.com?id=curado-feminino-2-2026-09-06,https://images.unsplash.com/photo-1551958219-acbc608c6d77?q=80&w=600&auto=format&fit=crop
2026-09-06T21:31:40.720Z,2026-09-06T21:31:40.717Z,Fortaleza Feminino goleia e assume a ponta do Brasileirão A1,As Leoas venceram o clássico com autoridade por 4 a 1 e continuam invictas na competição nacional de futebol feminino.,Ceará Esportes,https://www.gazetaesportiva.com?id=curado-feminino-0-2026-09-06,https://images.unsplash.com/photo-1543351611-58f69d7c1781?q=80&w=600&auto=format&fit=crop
2026-09-06T21:31:40.720Z,2026-09-06T18:31:40.717Z,Sport Feminino atrai público recorde na Arena de Pernambuco,Mais de 15 mil torcedores empurraram as Leoas na vitória histórica contra o Bahia. Um novo marco para o esporte feminino no Nordeste.,Pernambuco Press,https://www.gazetaesportiva.com?id=curado-feminino-1-2026-09-06,https://images.unsplash.com/photo-1560272564-c83b66b1ad12?q=80&w=600&auto=format&fit=crop
2026-09-06T21:31:40.720Z,2026-09-06T15:31:40.717Z,Bahia Feminino contrata dupla de ataque campeã sul-americana,O Tricolor de Aço se reforça visando a disputa do mata-mata do Brasileiro Feminino A2. Apresentação das novas atletas ocorre nesta segunda.,Salvador News,https://www.gazetaesportiva.com?id=curado-feminino-2-2026-09-06,https://images.unsplash.com/photo-1551958219-acbc608c6d77?q=80&w=600&auto=format&fit=crop
2026-09-06T23:27:10.355Z,2026-09-06T23:27:10.352Z,Fortaleza Feminino goleia e assume a ponta do Brasileirão A1,As Leoas venceram o clássico com autoridade por 4 a 1 e continuam invictas na competição nacional de futebol feminino.,Ceará Esportes,https://www.gazetaesportiva.com?id=curado-feminino-0-2026-09-06,https://images.unsplash.com/photo-1543351611-58f69d7c1781?q=80&w=600&auto=format&fit=crop
2026-09-06T23:27:10.355Z,2026-09-06T20:27:10.352Z,Sport Feminino atrai público recorde na Arena de Pernambuco,Mais de 15 mil torcedores empurraram as Leoas na vitória histórica contra o Bahia. Um novo marco para o esporte feminino no Nordeste.,Pernambuco Press,https://www.gazetaesportiva.com?id=curado-feminino-1-2026-09-06,https://images.unsplash.com/photo-1560272564-c83b66b1ad12?q=80&w=600&auto=format&fit=crop
2026-09-06T23:27:10.355Z,2026-09-06T17:27:10.352Z,Bahia Feminino contrata dupla de ataque campeã sul-americana,O Tricolor de Aço se reforça visando a disputa do mata-mata do Brasileiro Feminino A2. Apresentação das novas atletas ocorre nesta segunda.,Salvador News,https://www.gazetaesportiva.com?id=curado-feminino-2-2026-09-06,https://images.unsplash.com/photo-1551958219-acbc608c6d77?q=80&w=600&auto=format&fit=crop
2026-09-07T01:12:49.419Z,2026-09-07T01:12:49.415Z,Fortaleza Feminino goleia e assume a ponta do Brasileirão A1,As Leoas venceram o clássico com autoridade por 4 a 1 e continuam invictas na competição nacional de futebol feminino.,Ceará Esportes,https://www.gazetaesportiva.com?id=curado-feminino-0-2026-09-07,https://images.unsplash.com/photo-1543351611-58f69d7c1781?q=80&w=600&auto=format&fit=crop
2026-09-07T01:12:49.419Z,2026-09-06T22:12:49.415Z,Sport Feminino atrai público recorde na Arena de Pernambuco,Mais de 15 mil torcedores empurraram as Leoas na vitória histórica contra o Bahia. Um novo marco para o esporte feminino no Nordeste.,Pernambuco Press,https://www.gazetaesportiva.com?id=curado-feminino-1-2026-09-06,https://images.unsplash.com/photo-1560272564-c83b66b1ad12?q=80&w=600&auto=format&fit=crop
2026-09-07T01:12:49.419Z,2026-09-06T19:12:49.415Z,Bahia Feminino contrata dupla de ataque campeã sul-americana,O Tricolor de Aço se reforça visando a disputa do mata-mata do Brasileiro Feminino A2. Apresentação das novas atletas ocorre nesta segunda.,Salvador News,https://www.gazetaesportiva.com?id=curado-feminino-2-2026-09-06,https://images.unsplash.com/photo-1551958219-acbc608c6d77?q=80&w=600&auto=format&fit=crop
2026-09-07T06:24:22.415Z,2026-09-07T06:24:22.413Z,Fortaleza Feminino goleia e assume a ponta do Brasileirão A1,As Leoas venceram o clássico com autoridade por 4 a 1 e continuam invictas na competição nacional de futebol feminino.,Ceará Esportes,https://www.gazetaesportiva.com?id=curado-feminino-0-2026-09-07,https://images.unsplash.com/photo-1543351611-58f69d7c1781?q=80&w=600&auto=format&fit=crop
2026-09-07T06:24:22.415Z,2026-09-07T03:24:22.413Z,Sport Feminino atrai público recorde na Arena de Pernambuco,Mais de 15 mil torcedores empurraram as Leoas na vitória histórica contra o Bahia. Um novo marco para o esporte feminino no Nordeste.,Pernambuco Press,https://www.gazetaesportiva.com?id=curado-feminino-1-2026-09-07,https://images.unsplash.com/photo-1560272564-c83b66b1ad12?q=80&w=600&auto=format&fit=crop
2026-09-07T06:24:22.415Z,2026-09-07T00:24:22.413Z,Bahia Feminino contrata dupla de ataque campeã sul-americana,O Tricolor de Aço se reforça visando a disputa do mata-mata do Brasileiro Feminino A2. Apresentação das novas atletas ocorre nesta segunda.,Salvador News,https://www.gazetaesportiva.com?id=curado-feminino-2-2026-09-07,https://images.unsplash.com/photo-1551958219-acbc608c6d77?q=80&w=600&auto=format&fit=crop
2026-09-07T12:53:22.916Z,2026-09-07T12:53:22.913Z,Fortaleza Feminino goleia e assume a ponta do Brasileirão A1,As Leoas venceram o clássico com autoridade por 4 a 1 e continuam invictas na competição nacional de futebol feminino.,Ceará Esportes,https://www.gazetaesportiva.com?id=curado-feminino-0-2026-09-07,https://images.unsplash.com/photo-1543351611-58f69d7c1781?q=80&w=600&auto=format&fit=crop
2026-09-07T12:53:22.916Z,2026-09-07T09:53:22.913Z,Sport Feminino atrai público recorde na Arena de Pernambuco,Mais de 15 mil torcedores empurraram as Leoas na vitória histórica contra o Bahia. Um novo marco para o esporte feminino no Nordeste.,Pernambuco Press,https://www.gazetaesportiva.com?id=curado-feminino-1-2026-09-07,https://images.unsplash.com/photo-1560272564-c83b66b1ad12?q=80&w=600&auto=format&fit=crop
2026-09-07T12:53:22.916Z,2026-09-07T06:53:22.913Z,Bahia Feminino contrata dupla de ataque campeã sul-americana,O Tricolor de Aço se reforça visando a disputa do mata-mata do Brasileiro Feminino A2. Apresentação das novas atletas ocorre nesta segunda.,Salvador News,https://www.gazetaesportiva.com?id=curado-feminino-2-2026-09-07,https://images.unsplash.com/photo-1551958219-acbc608c6d77?q=80&w=600&auto=format&fit=crop
2026-09-07T18:04:43.823Z,2026-09-07T18:04:43.819Z,Fortaleza Feminino goleia e assume a ponta do Brasileirão A1,As Leoas venceram o clássico com autoridade por 4 a 1 e continuam invictas na competição nacional de futebol feminino.,Ceará Esportes,https://www.gazetaesportiva.com?id=curado-feminino-0-2026-09-07,https://images.unsplash.com/photo-1543351611-58f69d7c1781?q=80&w=600&auto=format&fit=crop
2026-09-07T18:04:43.823Z,2026-09-07T15:04:43.819Z,Sport Feminino atrai público recorde na Arena de Pernambuco,Mais de 15 mil torcedores empurraram as Leoas na vitória histórica contra o Bahia. Um novo marco para o esporte feminino no Nordeste.,Pernambuco Press,https://www.gazetaesportiva.com?id=curado-feminino-1-2026-09-07,https://images.unsplash.com/photo-1560272564-c83b66b1ad12?q=80&w=600&auto=format&fit=crop
2026-09-07T18:04:43.823Z,2026-09-07T12:04:43.819Z,Bahia Feminino contrata dupla de ataque campeã sul-americana,O Tricolor de Aço se reforça visando a disputa do mata-mata do Brasileiro Feminino A2. Apresentação das novas atletas ocorre nesta segunda.,Salvador News,https://www.gazetaesportiva.com?id=curado-feminino-2-2026-09-07,https://images.unsplash.com/photo-1551958219-acbc608c6d77?q=80&w=600&auto=format&fit=crop
2026-09-07T21:41:09.672Z,2026-09-07T21:41:09.669Z,Fortaleza Feminino goleia e assume a ponta do Brasileirão A1,As Leoas venceram o clássico com autoridade por 4 a 1 e continuam invictas na competição nacional de futebol feminino.,Ceará Esportes,https://www.gazetaesportiva.com?id=curado-feminino-0-2026-09-07,https://images.unsplash.com/photo-1543351611-58f69d7c1781?q=80&w=600&auto=format&fit=crop
2026-09-07T21:41:09.672Z,2026-09-07T18:41:09.669Z,Sport Feminino atrai público recorde na Arena de Pernambuco,Mais de 15 mil torcedores empurraram as Leoas na vitória histórica contra o Bahia. Um novo marco para o esporte feminino no Nordeste.,Pernambuco Press,https://www.gazetaesportiva.com?id=curado-feminino-1-2026-09-07,https://images.unsplash.com/photo-1560272564-c83b66b1ad12?q=80&w=600&auto=format&fit=crop
2026-09-07T21:41:09.672Z,2026-09-07T15:41:09.669Z,Bahia Feminino contrata dupla de ataque campeã sul-americana,O Tricolor de Aço se reforça visando a disputa do mata-mata do Brasileiro Feminino A2. Apresentação das novas atletas ocorre nesta segunda.,Salvador News,https://www.gazetaesportiva.com?id=curado-feminino-2-2026-09-07,https://images.unsplash.com/photo-1551958219-acbc608c6d77?q=80&w=600&auto=format&fit=crop
2026-09-07T23:57:25.512Z,2026-09-07T23:57:25.507Z,Fortaleza Feminino goleia e assume a ponta do Brasileirão A1,As Leoas venceram o clássico com autoridade por 4 a 1 e continuam invictas na competição nacional de futebol feminino.,Ceará Esportes,https://www.gazetaesportiva.com?id=curado-feminino-0-2026-09-07,https://images.unsplash.com/photo-1543351611-58f69d7c1781?q=80&w=600&auto=format&fit=crop
2026-09-07T23:57:25.512Z,2026-09-07T20:57:25.507Z,Sport Feminino atrai público recorde na Arena de Pernambuco,Mais de 15 mil torcedores empurraram as Leoas na vitória histórica contra o Bahia. Um novo marco para o esporte feminino no Nordeste.,Pernambuco Press,https://www.gazetaesportiva.com?id=curado-feminino-1-2026-09-07,https://images.unsplash.com/photo-1560272564-c83b66b1ad12?q=80&w=600&auto=format&fit=crop
2026-09-07T23:57:25.512Z,2026-09-07T17:57:25.507Z,Bahia Feminino contrata dupla de ataque campeã sul-americana,O Tricolor de Aço se reforça visando a disputa do mata-mata do Brasileiro Feminino A2. Apresentação das novas atletas ocorre nesta segunda.,Salvador News,https://www.gazetaesportiva.com?id=curado-feminino-2-2026-09-07,https://images.unsplash.com/photo-1551958219-acbc608c6d77?q=80&w=600&auto=format&fit=crop
2026-09-08T03:41:25.816Z,2026-09-08T03:41:25.813Z,Fortaleza Feminino goleia e assume a ponta do Brasileirão A1,As Leoas venceram o clássico com autoridade por 4 a 1 e continuam invictas na competição nacional de futebol feminino.,Ceará Esportes,https://www.gazetaesportiva.com?id=curado-feminino-0-2026-09-08,https://images.unsplash.com/photo-1543351611-58f69d7c1781?q=80&w=600&auto=format&fit=crop
2026-09-08T03:41:25.816Z,2026-09-08T00:41:25.813Z,Sport Feminino atrai público recorde na Arena de Pernambuco,Mais de 15 mil torcedores empurraram as Leoas na vitória histórica contra o Bahia. Um novo marco para o esporte feminino no Nordeste.,Pernambuco Press,https://www.gazetaesportiva.com?id=curado-feminino-1-2026-09-08,https://images.unsplash.com/photo-1560272564-c83b66b1ad12?q=80&w=600&auto=format&fit=crop
2026-09-08T03:41:25.816Z,2026-09-07T21:41:25.813Z,Bahia Feminino contrata dupla de ataque campeã sul-americana,O Tricolor de Aço se reforça visando a disputa do mata-mata do Brasileiro Feminino A2. Apresentação das novas atletas ocorre nesta segunda.,Salvador News,https://www.gazetaesportiva.com?id=curado-feminino-2-2026-09-07,https://images.unsplash.com/photo-1551958219-acbc608c6d77?q=80&w=600&auto=format&fit=crop
2026-09-08T08:34:06.439Z,2026-09-08T08:34:06.437Z,Fortaleza Feminino goleia e assume a ponta do Brasileirão A1,As Leoas venceram o clássico com autoridade por 4 a 1 e continuam invictas na competição nacional de futebol feminino.,Ceará Esportes,https://www.gazetaesportiva.com?id=curado-feminino-0-2026-09-08,https://images.unsplash.com/photo-1543351611-58f69d7c1781?q=80&w=600&auto=format&fit=crop
2026-09-08T08:34:06.439Z,2026-09-08T05:34:06.437Z,Sport Feminino atrai público recorde na Arena de Pernambuco,Mais de 15 mil torcedores empurraram as Leoas na vitória histórica contra o Bahia. Um novo marco para o esporte feminino no Nordeste.,Pernambuco Press,https://www.gazetaesportiva.com?id=curado-feminino-1-2026-09-08,https://images.unsplash.com/photo-1560272564-c83b66b1ad12?q=80&w=600&auto=format&fit=crop
2026-09-08T08:34:06.439Z,2026-09-08T02:34:06.437Z,Bahia Feminino contrata dupla de ataque campeã sul-americana,O Tricolor de Aço se reforça visando a disputa do mata-mata do Brasileiro Feminino A2. Apresentação das novas atletas ocorre nesta segunda.,Salvador News,https://www.gazetaesportiva.com?id=curado-feminino-2-2026-09-08,https://images.unsplash.com/photo-1551958219-acbc608c6d77?q=80&w=600&auto=format&fit=crop
2026-09-08T13:17:33.908Z,2026-09-08T13:17:33.903Z,Fortaleza Feminino goleia e assume a ponta do Brasileirão A1,As Leoas venceram o clássico com autoridade por 4 a 1 e continuam invictas na competição nacional de futebol feminino.,Ceará Esportes,https://www.gazetaesportiva.com?id=curado-feminino-0-2026-09-08,https://images.unsplash.com/photo-1543351611-58f69d7c1781?q=80&w=600&auto=format&fit=crop
2026-09-08T13:17:33.908Z,2026-09-08T10:17:33.903Z,Sport Feminino atrai público recorde na Arena de Pernambuco,Mais de 15 mil torcedores empurraram as Leoas na vitória histórica contra o Bahia. Um novo marco para o esporte feminino no Nordeste.,Pernambuco Press,https://www.gazetaesportiva.com?id=curado-feminino-1-2026-09-08,https://images.unsplash.com/photo-1560272564-c83b66b1ad12?q=80&w=600&auto=format&fit=crop
2026-09-08T13:17:33.908Z,2026-09-08T07:17:33.903Z,Bahia Feminino contrata dupla de ataque campeã sul-americana,O Tricolor de Aço se reforça visando a disputa do mata-mata do Brasileiro Feminino A2. Apresentação das novas atletas ocorre nesta segunda.,Salvador News,https://www.gazetaesportiva.com?id=curado-feminino-2-2026-09-08,https://images.unsplash.com/photo-1551958219-acbc608c6d77?q=80&w=600&auto=format&fit=crop
2026-09-08T17:19:24.160Z,2026-09-08T17:19:24.156Z,Fortaleza Feminino goleia e assume a ponta do Brasileirão A1,As Leoas venceram o clássico com autoridade por 4 a 1 e continuam invictas na competição nacional de futebol feminino.,Ceará Esportes,https://www.gazetaesportiva.com?id=curado-feminino-0-2026-09-08,https://images.unsplash.com/photo-1543351611-58f69d7c1781?q=80&w=600&auto=format&fit=crop
2026-09-08T17:19:24.160Z,2026-09-08T14:19:24.156Z,Sport Feminino atrai público recorde na Arena de Pernambuco,Mais de 15 mil torcedores empurraram as Leoas na vitória histórica contra o Bahia. Um novo marco para o esporte feminino no Nordeste.,Pernambuco Press,https://www.gazetaesportiva.com?id=curado-feminino-1-2026-09-08,https://images.unsplash.com/photo-1560272564-c83b66b1ad12?q=80&w=600&auto=format&fit=crop
2026-09-08T17:19:24.160Z,2026-09-08T11:19:24.156Z,Bahia Feminino contrata dupla de ataque campeã sul-americana,O Tricolor de Aço se reforça visando a disputa do mata-mata do Brasileiro Feminino A2. Apresentação das novas atletas ocorre nesta segunda.,Salvador News,https://www.gazetaesportiva.com?id=curado-feminino-2-2026-09-08,https://images.unsplash.com/photo-1551958219-acbc608c6d77?q=80&w=600&auto=format&fit=crop
2026-09-08T20:02:44.553Z,2026-09-08T20:02:44.549Z,Fortaleza Feminino goleia e assume a ponta do Brasileirão A1,As Leoas venceram o clássico com autoridade por 4 a 1 e continuam invictas na competição nacional de futebol feminino.,Ceará Esportes,https://www.gazetaesportiva.com?id=curado-feminino-0-2026-09-08,https://images.unsplash.com/photo-1543351611-58f69d7c1781?q=80&w=600&auto=format&fit=crop
2026-09-08T20:02:44.553Z,2026-09-08T17:02:44.549Z,Sport Feminino atrai público recorde na Arena de Pernambuco,Mais de 15 mil torcedores empurraram as Leoas na vitória histórica contra o Bahia. Um novo marco para o esporte feminino no Nordeste.,Pernambuco Press,https://www.gazetaesportiva.com?id=curado-feminino-1-2026-09-08,https://images.unsplash.com/photo-1560272564-c83b66b1ad12?q=80&w=600&auto=format&fit=crop
2026-09-08T20:02:44.553Z,2026-09-08T14:02:44.549Z,Bahia Feminino contrata dupla de ataque campeã sul-americana,O Tricolor de Aço se reforça visando a disputa do mata-mata do Brasileiro Feminino A2. Apresentação das novas atletas ocorre nesta segunda.,Salvador News,https://www.gazetaesportiva.com?id=curado-feminino-2-2026-09-08,https://images.unsplash.com/photo-1551958219-acbc608c6d77?q=80&w=600&auto=format&fit=crop
2026-09-08T22:52:00.591Z,2026-09-08T22:52:00.587Z,Fortaleza Feminino goleia e assume a ponta do Brasileirão A1,As Leoas venceram o clássico com autoridade por 4 a 1 e continuam invictas na competição nacional de futebol feminino.,Ceará Esportes,https://www.gazetaesportiva.com?id=curado-feminino-0-2026-09-08,https://images.unsplash.com/photo-1543351611-58f69d7c1781?q=80&w=600&auto=format&fit=crop
2026-09-08T22:52:00.591Z,2026-09-08T19:52:00.587Z,Sport Feminino atrai público recorde na Arena de Pernambuco,Mais de 15 mil torcedores empurraram as Leoas na vitória histórica contra o Bahia. Um novo marco para o esporte feminino no Nordeste.,Pernambuco Press,https://www.gazetaesportiva.com?id=curado-feminino-1-2026-09-08,https://images.unsplash.com/photo-1560272564-c83b66b1ad12?q=80&w=600&auto=format&fit=crop
2026-09-08T22:52:00.591Z,2026-09-08T16:52:00.587Z,Bahia Feminino contrata dupla de ataque campeã sul-americana,O Tricolor de Aço se reforça visando a disputa do mata-mata do Brasileiro Feminino A2. Apresentação das novas atletas ocorre nesta segunda.,Salvador News,https://www.gazetaesportiva.com?id=curado-feminino-2-2026-09-08,https://images.unsplash.com/photo-1551958219-acbc608c6d77?q=80&w=600&auto=format&fit=crop
2026-09-09T01:01:17.128Z,2026-09-09T01:01:17.125Z,Fortaleza Feminino goleia e assume a ponta do Brasileirão A1,As Leoas venceram o clássico com autoridade por 4 a 1 e continuam invictas na competição nacional de futebol feminino.,Ceará Esportes,https://www.gazetaesportiva.com?id=curado-feminino-0-2026-09-09,https://images.unsplash.com/photo-1543351611-58f69d7c1781?q=80&w=600&auto=format&fit=crop
2026-09-09T01:01:17.128Z,2026-09-08T22:01:17.125Z,Sport Feminino atrai público recorde na Arena de Pernambuco,Mais de 15 mil torcedores empurraram as Leoas na vitória histórica contra o Bahia. Um novo marco para o esporte feminino no Nordeste.,Pernambuco Press,https://www.gazetaesportiva.com?id=curado-feminino-1-2026-09-08,https://images.unsplash.com/photo-1560272564-c83b66b1ad12?q=80&w=600&auto=format&fit=crop
2026-09-09T01:01:17.128Z,2026-09-08T19:01:17.125Z,Bahia Feminino contrata dupla de ataque campeã sul-americana,O Tricolor de Aço se reforça visando a disputa do mata-mata do Brasileiro Feminino A2. Apresentação das novas atletas ocorre nesta segunda.,Salvador News,https://www.gazetaesportiva.com?id=curado-feminino-2-2026-09-08,https://images.unsplash.com/photo-1551958219-acbc608c6d77?q=80&w=600&auto=format&fit=crop
2026-09-09T06:19:51.883Z,2026-09-09T06:19:51.880Z,Fortaleza Feminino goleia e assume a ponta do Brasileirão A1,As Leoas venceram o clássico com autoridade por 4 a 1 e continuam invictas na competição nacional de futebol feminino.,Ceará Esportes,https://www.gazetaesportiva.com?id=curado-feminino-0-2026-09-09,https://images.unsplash.com/photo-1543351611-58f69d7c1781?q=80&w=600&auto=format&fit=crop
2026-09-09T06:19:51.883Z,2026-09-09T03:19:51.880Z,Sport Feminino atrai público recorde na Arena de Pernambuco,Mais de 15 mil torcedores empurraram as Leoas na vitória histórica contra o Bahia. Um novo marco para o esporte feminino no Nordeste.,Pernambuco Press,https://www.gazetaesportiva.com?id=curado-feminino-1-2026-09-09,https://images.unsplash.com/photo-1560272564-c83b66b1ad12?q=80&w=600&auto=format&fit=crop
2026-09-09T06:19:51.883Z,2026-09-09T03:03:47.000Z,Brasil domina Venezuela em estreia no Sul-Americano de vôlei feminino,"A Seleção Brasileira feminina de vôlei estreou com vitória no Sul-Americano de 2026 ao derrotar a Venezuela por 3 sets a 0 no Maracanãzinho, no Rio de Janeiro. Com parciais de 25/1...",Gazeta Esportiva,https://www.gazetaesportiva.com/mais-esportes/volei/brasil-vence-venezuela-estreia-sul-americano-volei-feminino-2026/,https://static.gazetaesportiva.com/uploads/2026/09/DSC_01732_b6d0ed2f00.webp
2026-09-09T06:19:51.883Z,2026-09-09T00:19:51.880Z,Bahia Feminino contrata dupla de ataque campeã sul-americana,O Tricolor de Aço se reforça visando a disputa do mata-mata do Brasileiro Feminino A2. Apresentação das novas atletas ocorre nesta segunda.,Salvador News,https://www.gazetaesportiva.com?id=curado-feminino-2-2026-09-09,https://images.unsplash.com/photo-1551958219-acbc608c6d77?q=80&w=600&auto=format&fit=crop
2026-09-09T11:40:40.770Z,2026-09-09T11:40:40.766Z,Fortaleza Feminino goleia e assume a ponta do Brasileirão A1,As Leoas venceram o clássico com autoridade por 4 a 1 e continuam invictas na competição nacional de futebol feminino.,Ceará Esportes,https://www.gazetaesportiva.com?id=curado-feminino-0-2026-09-09,https://images.unsplash.com/photo-1543351611-58f69d7c1781?q=80&w=600&auto=format&fit=crop
2026-09-09T11:40:40.770Z,2026-09-09T08:40:40.766Z,Sport Feminino atrai público recorde na Arena de Pernambuco,Mais de 15 mil torcedores empurraram as Leoas na vitória histórica contra o Bahia. Um novo marco para o esporte feminino no Nordeste.,Pernambuco Press,https://www.gazetaesportiva.com?id=curado-feminino-1-2026-09-09,https://images.unsplash.com/photo-1560272564-c83b66b1ad12?q=80&w=600&auto=format&fit=crop
2026-09-09T11:40:40.770Z,2026-09-09T05:40:40.766Z,Bahia Feminino contrata dupla de ataque campeã sul-americana,O Tricolor de Aço se reforça visando a disputa do mata-mata do Brasileiro Feminino A2. Apresentação das novas atletas ocorre nesta segunda.,Salvador News,https://www.gazetaesportiva.com?id=curado-feminino-2-2026-09-09,https://images.unsplash.com/photo-1551958219-acbc608c6d77?q=80&w=600&auto=format&fit=crop
2026-09-09T11:40:40.770Z,2026-09-09T03:03:47.000Z,Brasil domina Venezuela em estreia no Sul-Americano de vôlei feminino,"A Seleção Brasileira feminina de vôlei estreou com vitória no Sul-Americano de 2026 ao derrotar a Venezuela por 3 sets a 0 no Maracanãzinho, no Rio de Janeiro. Com parciais de 25/1...",Gazeta Esportiva,https://www.gazetaesportiva.com/mais-esportes/volei/brasil-vence-venezuela-estreia-sul-americano-volei-feminino-2026/,https://static.gazetaesportiva.com/uploads/2026/09/DSC_01732_b6d0ed2f00.webp
2026-09-09T15:52:13.760Z,2026-09-09T15:52:13.756Z,Fortaleza Feminino goleia e assume a ponta do Brasileirão A1,As Leoas venceram o clássico com autoridade por 4 a 1 e continuam invictas na competição nacional de futebol feminino.,Ceará Esportes,https://www.gazetaesportiva.com?id=curado-feminino-0-2026-09-09,https://images.unsplash.com/photo-1543351611-58f69d7c1781?q=80&w=600&auto=format&fit=crop
2026-09-09T15:52:13.760Z,2026-09-09T12:52:13.756Z,Sport Feminino atrai público recorde na Arena de Pernambuco,Mais de 15 mil torcedores empurraram as Leoas na vitória histórica contra o Bahia. Um novo marco para o esporte feminino no Nordeste.,Pernambuco Press,https://www.gazetaesportiva.com?id=curado-feminino-1-2026-09-09,https://images.unsplash.com/photo-1560272564-c83b66b1ad12?q=80&w=600&auto=format&fit=crop
2026-09-09T15:52:13.760Z,2026-09-09T09:52:13.756Z,Bahia Feminino contrata dupla de ataque campeã sul-americana,O Tricolor de Aço se reforça visando a disputa do mata-mata do Brasileiro Feminino A2. Apresentação das novas atletas ocorre nesta segunda.,Salvador News,https://www.gazetaesportiva.com?id=curado-feminino-2-2026-09-09,https://images.unsplash.com/photo-1551958219-acbc608c6d77?q=80&w=600&auto=format&fit=crop
2026-09-09T15:52:13.760Z,2026-09-09T03:03:47.000Z,Brasil domina Venezuela em estreia no Sul-Americano de vôlei feminino,"A Seleção Brasileira feminina de vôlei estreou com vitória no Sul-Americano de 2026 ao derrotar a Venezuela por 3 sets a 0 no Maracanãzinho, no Rio de Janeiro. Com parciais de 25/1...",Gazeta Esportiva,https://www.gazetaesportiva.com/mais-esportes/volei/brasil-vence-venezuela-estreia-sul-americano-volei-feminino-2026/,https://static.gazetaesportiva.com/uploads/2026/09/DSC_01732_b6d0ed2f00.webp
2026-09-09T19:02:51.373Z,2026-09-09T19:02:51.369Z,Fortaleza Feminino goleia e assume a ponta do Brasileirão A1,As Leoas venceram o clássico com autoridade por 4 a 1 e continuam invictas na competição nacional de futebol feminino.,Ceará Esportes,https://www.gazetaesportiva.com?id=curado-feminino-0-2026-09-09,https://images.unsplash.com/photo-1543351611-58f69d7c1781?q=80&w=600&auto=format&fit=crop
2026-09-09T19:02:51.373Z,2026-09-09T18:03:25.000Z,"CBF define datas, horários e transmissões das semifinais do Brasileirão Feminino","A CBF anunciou as datas, horários e transmissões das semifinais do Brasileirão Feminino 2026. Na disputa por duas vagas na decisão estarão Flamengo, São Paulo, Corinthians e Bahia....",Gazeta Esportiva,https://www.gazetaesportiva.com/campeonatos/brasileirao-feminino/cbf-define-datas-horarios-e-transmissoes-das-semifinais-do-brasileirao-feminino/,https://static.gazetaesportiva.com/uploads/2026/09/54786316198_d50c60c04b_b_f404fc0cb4.webp
2026-09-09T19:02:51.373Z,2026-09-09T16:02:51.369Z,Sport Feminino atrai público recorde na Arena de Pernambuco,Mais de 15 mil torcedores empurraram as Leoas na vitória histórica contra o Bahia. Um novo marco para o esporte feminino no Nordeste.,Pernambuco Press,https://www.gazetaesportiva.com?id=curado-feminino-1-2026-09-09,https://images.unsplash.com/photo-1560272564-c83b66b1ad12?q=80&w=600&auto=format&fit=crop
2026-09-09T19:02:51.373Z,2026-09-09T13:02:51.369Z,Bahia Feminino contrata dupla de ataque campeã sul-americana,O Tricolor de Aço se reforça visando a disputa do mata-mata do Brasileiro Feminino A2. Apresentação das novas atletas ocorre nesta segunda.,Salvador News,https://www.gazetaesportiva.com?id=curado-feminino-2-2026-09-09,https://images.unsplash.com/photo-1551958219-acbc608c6d77?q=80&w=600&auto=format&fit=crop
2026-09-09T21:48:18.684Z,2026-09-09T21:48:18.679Z,Fortaleza Feminino goleia e assume a ponta do Brasileirão A1,As Leoas venceram o clássico com autoridade por 4 a 1 e continuam invictas na competição nacional de futebol feminino.,Ceará Esportes,https://www.gazetaesportiva.com?id=curado-feminino-0-2026-09-09,https://images.unsplash.com/photo-1543351611-58f69d7c1781?q=80&w=600&auto=format&fit=crop
2026-09-09T21:48:18.684Z,2026-09-09T18:48:18.679Z,Sport Feminino atrai público recorde na Arena de Pernambuco,Mais de 15 mil torcedores empurraram as Leoas na vitória histórica contra o Bahia. Um novo marco para o esporte feminino no Nordeste.,Pernambuco Press,https://www.gazetaesportiva.com?id=curado-feminino-1-2026-09-09,https://images.unsplash.com/photo-1560272564-c83b66b1ad12?q=80&w=600&auto=format&fit=crop
2026-09-09T21:48:18.684Z,2026-09-09T18:03:25.000Z,"CBF define datas, horários e transmissões das semifinais do Brasileirão Feminino","A CBF anunciou as datas, horários e transmissões das semifinais do Brasileirão Feminino 2026. Na disputa por duas vagas na decisão estarão Flamengo, São Paulo, Corinthians e Bahia....",Gazeta Esportiva,https://www.gazetaesportiva.com/campeonatos/brasileirao-feminino/cbf-define-datas-horarios-e-transmissoes-das-semifinais-do-brasileirao-feminino/,https://static.gazetaesportiva.com/uploads/2026/09/54786316198_d50c60c04b_b_f404fc0cb4.webp
2026-09-09T21:48:18.684Z,2026-09-09T15:48:18.679Z,Bahia Feminino contrata dupla de ataque campeã sul-americana,O Tricolor de Aço se reforça visando a disputa do mata-mata do Brasileiro Feminino A2. Apresentação das novas atletas ocorre nesta segunda.,Salvador News,https://www.gazetaesportiva.com?id=curado-feminino-2-2026-09-09,https://images.unsplash.com/photo-1551958219-acbc608c6d77?q=80&w=600&auto=format&fit=crop
2026-09-09T23:48:23.313Z,2026-09-09T23:48:23.307Z,Fortaleza Feminino goleia e assume a ponta do Brasileirão A1,As Leoas venceram o clássico com autoridade por 4 a 1 e continuam invictas na competição nacional de futebol feminino.,Ceará Esportes,https://www.gazetaesportiva.com?id=curado-feminino-0-2026-09-09,https://images.unsplash.com/photo-1543351611-58f69d7c1781?q=80&w=600&auto=format&fit=crop
2026-09-09T23:48:23.313Z,2026-09-09T21:53:56.000Z,Rybakina vai à semifinal do US Open e é a nova número 1 do tênis feminino,"Elena Rybakina conquistou uma vitória histórica nesta quarta-feira ao derrotar Zheng Qinwen por 3/6, 6/1 e 6/4 pelas quartas de final do US Open. Com a classificação para a semifin...",Gazeta Esportiva,https://www.gazetaesportiva.com/mais-esportes/tenis/rybakina-vai-a-semifinal-do-us-open-e-e-a-nova-numero-1-do-tenis-feminino/,https://static.gazetaesportiva.com/uploads/2026/09/AFP__20260909__2294361438__v1__MidRes__2026UsOpenDay11.webp
2026-09-09T23:48:23.313Z,2026-09-09T20:48:23.307Z,Sport Feminino atrai público recorde na Arena de Pernambuco,Mais de 15 mil torcedores empurraram as Leoas na vitória histórica contra o Bahia. Um novo marco para o esporte feminino no Nordeste.,Pernambuco Press,https://www.gazetaesportiva.com?id=curado-feminino-1-2026-09-09,https://images.unsplash.com/photo-1560272564-c83b66b1ad12?q=80&w=600&auto=format&fit=crop
2026-09-09T23:48:23.313Z,2026-09-09T17:48:23.307Z,Bahia Feminino contrata dupla de ataque campeã sul-americana,O Tricolor de Aço se reforça visando a disputa do mata-mata do Brasileiro Feminino A2. Apresentação das novas atletas ocorre nesta segunda.,Salvador News,https://www.gazetaesportiva.com?id=curado-feminino-2-2026-09-09,https://images.unsplash.com/photo-1551958219-acbc608c6d77?q=80&w=600&auto=format&fit=crop
2026-09-10T02:58:06.540Z,2026-09-10T02:58:06.536Z,Fortaleza Feminino goleia e assume a ponta do Brasileirão A1,As Leoas venceram o clássico com autoridade por 4 a 1 e continuam invictas na competição nacional de futebol feminino.,Ceará Esportes,https://www.gazetaesportiva.com?id=curado-feminino-0-2026-09-10,https://images.unsplash.com/photo-1543351611-58f69d7c1781?q=80&w=600&auto=format&fit=crop
2026-09-10T02:58:06.540Z,2026-09-09T23:58:06.536Z,Sport Feminino atrai público recorde na Arena de Pernambuco,Mais de 15 mil torcedores empurraram as Leoas na vitória histórica contra o Bahia. Um novo marco para o esporte feminino no Nordeste.,Pernambuco Press,https://www.gazetaesportiva.com?id=curado-feminino-1-2026-09-09,https://images.unsplash.com/photo-1560272564-c83b66b1ad12?q=80&w=600&auto=format&fit=crop
2026-09-10T02:58:06.540Z,2026-09-09T20:58:06.536Z,Bahia Feminino contrata dupla de ataque campeã sul-americana,O Tricolor de Aço se reforça visando a disputa do mata-mata do Brasileiro Feminino A2. Apresentação das novas atletas ocorre nesta segunda.,Salvador News,https://www.gazetaesportiva.com?id=curado-feminino-2-2026-09-09,https://images.unsplash.com/photo-1551958219-acbc608c6d77?q=80&w=600&auto=format&fit=crop
2026-09-10T07:58:57.866Z,2026-09-10T07:58:57.863Z,Fortaleza Feminino goleia e assume a ponta do Brasileirão A1,As Leoas venceram o clássico com autoridade por 4 a 1 e continuam invictas na competição nacional de futebol feminino.,Ceará Esportes,https://www.gazetaesportiva.com?id=curado-feminino-0-2026-09-10,https://images.unsplash.com/photo-1543351611-58f69d7c1781?q=80&w=600&auto=format&fit=crop
2026-09-10T07:58:57.866Z,2026-09-10T04:58:57.863Z,Sport Feminino atrai público recorde na Arena de Pernambuco,Mais de 15 mil torcedores empurraram as Leoas na vitória histórica contra o Bahia. Um novo marco para o esporte feminino no Nordeste.,Pernambuco Press,https://www.gazetaesportiva.com?id=curado-feminino-1-2026-09-10,https://images.unsplash.com/photo-1560272564-c83b66b1ad12?q=80&w=600&auto=format&fit=crop
2026-09-10T07:58:57.866Z,2026-09-10T01:58:57.863Z,Bahia Feminino contrata dupla de ataque campeã sul-americana,O Tricolor de Aço se reforça visando a disputa do mata-mata do Brasileiro Feminino A2. Apresentação das novas atletas ocorre nesta segunda.,Salvador News,https://www.gazetaesportiva.com?id=curado-feminino-2-2026-09-10,https://images.unsplash.com/photo-1551958219-acbc608c6d77?q=80&w=600&auto=format&fit=crop
2026-09-10T12:50:55.656Z,2026-09-10T12:50:55.652Z,Fortaleza Feminino goleia e assume a ponta do Brasileirão A1,As Leoas venceram o clássico com autoridade por 4 a 1 e continuam invictas na competição nacional de futebol feminino.,Ceará Esportes,https://www.gazetaesportiva.com?id=curado-feminino-0-2026-09-10,https://images.unsplash.com/photo-1543351611-58f69d7c1781?q=80&w=600&auto=format&fit=crop
2026-09-10T12:50:55.656Z,2026-09-10T09:50:55.652Z,Sport Feminino atrai público recorde na Arena de Pernambuco,Mais de 15 mil torcedores empurraram as Leoas na vitória histórica contra o Bahia. Um novo marco para o esporte feminino no Nordeste.,Pernambuco Press,https://www.gazetaesportiva.com?id=curado-feminino-1-2026-09-10,https://images.unsplash.com/photo-1560272564-c83b66b1ad12?q=80&w=600&auto=format&fit=crop
2026-09-10T12:50:55.656Z,2026-09-10T06:50:55.652Z,Bahia Feminino contrata dupla de ataque campeã sul-americana,O Tricolor de Aço se reforça visando a disputa do mata-mata do Brasileiro Feminino A2. Apresentação das novas atletas ocorre nesta segunda.,Salvador News,https://www.gazetaesportiva.com?id=curado-feminino-2-2026-09-10,https://images.unsplash.com/photo-1551958219-acbc608c6d77?q=80&w=600&auto=format&fit=crop
2026-09-10T16:52:39.047Z,2026-09-10T16:52:39.043Z,Fortaleza Feminino goleia e assume a ponta do Brasileirão A1,As Leoas venceram o clássico com autoridade por 4 a 1 e continuam invictas na competição nacional de futebol feminino.,Ceará Esportes,https://www.gazetaesportiva.com?id=curado-feminino-0-2026-09-10,https://images.unsplash.com/photo-1543351611-58f69d7c1781?q=80&w=600&auto=format&fit=crop
2026-09-10T16:52:39.047Z,2026-09-10T13:52:39.043Z,Sport Feminino atrai público recorde na Arena de Pernambuco,Mais de 15 mil torcedores empurraram as Leoas na vitória histórica contra o Bahia. Um novo marco para o esporte feminino no Nordeste.,Pernambuco Press,https://www.gazetaesportiva.com?id=curado-feminino-1-2026-09-10,https://images.unsplash.com/photo-1560272564-c83b66b1ad12?q=80&w=600&auto=format&fit=crop
2026-09-10T16:52:39.047Z,2026-09-10T10:52:39.043Z,Bahia Feminino contrata dupla de ataque campeã sul-americana,O Tricolor de Aço se reforça visando a disputa do mata-mata do Brasileiro Feminino A2. Apresentação das novas atletas ocorre nesta segunda.,Salvador News,https://www.gazetaesportiva.com?id=curado-feminino-2-2026-09-10,https://images.unsplash.com/photo-1551958219-acbc608c6d77?q=80&w=600&auto=format&fit=crop
2026-09-10T19:26:50.992Z,2026-09-10T19:26:50.987Z,Fortaleza Feminino goleia e assume a ponta do Brasileirão A1,As Leoas venceram o clássico com autoridade por 4 a 1 e continuam invictas na competição nacional de futebol feminino.,Ceará Esportes,https://www.gazetaesportiva.com?id=curado-feminino-0-2026-09-10,https://images.unsplash.com/photo-1543351611-58f69d7c1781?q=80&w=600&auto=format&fit=crop
2026-09-10T19:26:50.992Z,2026-09-10T16:26:50.987Z,Sport Feminino atrai público recorde na Arena de Pernambuco,Mais de 15 mil torcedores empurraram as Leoas na vitória histórica contra o Bahia. Um novo marco para o esporte feminino no Nordeste.,Pernambuco Press,https://www.gazetaesportiva.com?id=curado-feminino-1-2026-09-10,https://images.unsplash.com/photo-1560272564-c83b66b1ad12?q=80&w=600&auto=format&fit=crop
2026-09-10T19:26:50.992Z,2026-09-10T13:26:50.987Z,Bahia Feminino contrata dupla de ataque campeã sul-americana,O Tricolor de Aço se reforça visando a disputa do mata-mata do Brasileiro Feminino A2. Apresentação das novas atletas ocorre nesta segunda.,Salvador News,https://www.gazetaesportiva.com?id=curado-feminino-2-2026-09-10,https://images.unsplash.com/photo-1551958219-acbc608c6d77?q=80&w=600&auto=format&fit=crop
2026-09-10T21:45:30.419Z,2026-09-10T21:45:30.413Z,Fortaleza Feminino goleia e assume a ponta do Brasileirão A1,As Leoas venceram o clássico com autoridade por 4 a 1 e continuam invictas na competição nacional de futebol feminino.,Ceará Esportes,https://www.gazetaesportiva.com?id=curado-feminino-0-2026-09-10,https://images.unsplash.com/photo-1543351611-58f69d7c1781?q=80&w=600&auto=format&fit=crop
2026-09-10T21:45:30.419Z,2026-09-10T18:45:30.413Z,Sport Feminino atrai público recorde na Arena de Pernambuco,Mais de 15 mil torcedores empurraram as Leoas na vitória histórica contra o Bahia. Um novo marco para o esporte feminino no Nordeste.,Pernambuco Press,https://www.gazetaesportiva.com?id=curado-feminino-1-2026-09-10,https://images.unsplash.com/photo-1560272564-c83b66b1ad12?q=80&w=600&auto=format&fit=crop
2026-09-10T21:45:30.419Z,2026-09-10T15:45:30.413Z,Bahia Feminino contrata dupla de ataque campeã sul-americana,O Tricolor de Aço se reforça visando a disputa do mata-mata do Brasileiro Feminino A2. Apresentação das novas atletas ocorre nesta segunda.,Salvador News,https://www.gazetaesportiva.com?id=curado-feminino-2-2026-09-10,https://images.unsplash.com/photo-1551958219-acbc608c6d77?q=80&w=600&auto=format&fit=crop
2026-09-10T23:40:59.825Z,2026-09-10T23:40:59.819Z,Fortaleza Feminino goleia e assume a ponta do Brasileirão A1,As Leoas venceram o clássico com autoridade por 4 a 1 e continuam invictas na competição nacional de futebol feminino.,Ceará Esportes,https://www.gazetaesportiva.com?id=curado-feminino-0-2026-09-10,https://images.unsplash.com/photo-1543351611-58f69d7c1781?q=80&w=600&auto=format&fit=crop
2026-09-10T23:40:59.825Z,2026-09-10T20:40:59.819Z,Sport Feminino atrai público recorde na Arena de Pernambuco,Mais de 15 mil torcedores empurraram as Leoas na vitória histórica contra o Bahia. Um novo marco para o esporte feminino no Nordeste.,Pernambuco Press,https://www.gazetaesportiva.com?id=curado-feminino-1-2026-09-10,https://images.unsplash.com/photo-1560272564-c83b66b1ad12?q=80&w=600&auto=format&fit=crop
2026-09-10T23:40:59.825Z,2026-09-10T17:40:59.819Z,Bahia Feminino contrata dupla de ataque campeã sul-americana,O Tricolor de Aço se reforça visando a disputa do mata-mata do Brasileiro Feminino A2. Apresentação das novas atletas ocorre nesta segunda.,Salvador News,https://www.gazetaesportiva.com?id=curado-feminino-2-2026-09-10,https://images.unsplash.com/photo-1551958219-acbc608c6d77?q=80&w=600&auto=format&fit=crop
2026-09-11T02:53:09.891Z,2026-09-11T02:53:09.886Z,Fortaleza Feminino goleia e assume a ponta do Brasileirão A1,As Leoas venceram o clássico com autoridade por 4 a 1 e continuam invictas na competição nacional de futebol feminino.,Ceará Esportes,https://www.gazetaesportiva.com?id=curado-feminino-0-2026-09-11,https://images.unsplash.com/photo-1543351611-58f69d7c1781?q=80&w=600&auto=format&fit=crop
2026-09-11T02:53:09.891Z,2026-09-10T23:53:09.887Z,Sport Feminino atrai público recorde na Arena de Pernambuco,Mais de 15 mil torcedores empurraram as Leoas na vitória histórica contra o Bahia. Um novo marco para o esporte feminino no Nordeste.,Pernambuco Press,https://www.gazetaesportiva.com?id=curado-feminino-1-2026-09-10,https://images.unsplash.com/photo-1560272564-c83b66b1ad12?q=80&w=600&auto=format&fit=crop
2026-09-11T02:53:09.891Z,2026-09-10T20:53:09.887Z,Bahia Feminino contrata dupla de ataque campeã sul-americana,O Tricolor de Aço se reforça visando a disputa do mata-mata do Brasileiro Feminino A2. Apresentação das novas atletas ocorre nesta segunda.,Salvador News,https://www.gazetaesportiva.com?id=curado-feminino-2-2026-09-10,https://images.unsplash.com/photo-1551958219-acbc608c6d77?q=80&w=600&auto=format&fit=crop
2026-09-11T07:45:54.968Z,2026-09-11T07:45:54.963Z,Fortaleza Feminino goleia e assume a ponta do Brasileirão A1,As Leoas venceram o clássico com autoridade por 4 a 1 e continuam invictas na competição nacional de futebol feminino.,Ceará Esportes,https://www.gazetaesportiva.com?id=curado-feminino-0-2026-09-11,https://images.unsplash.com/photo-1543351611-58f69d7c1781?q=80&w=600&auto=format&fit=crop
2026-09-11T07:45:54.968Z,2026-09-11T04:45:54.963Z,Sport Feminino atrai público recorde na Arena de Pernambuco,Mais de 15 mil torcedores empurraram as Leoas na vitória histórica contra o Bahia. Um novo marco para o esporte feminino no Nordeste.,Pernambuco Press,https://www.gazetaesportiva.com?id=curado-feminino-1-2026-09-11,https://images.unsplash.com/photo-1560272564-c83b66b1ad12?q=80&w=600&auto=format&fit=crop
2026-09-11T07:45:54.968Z,2026-09-11T01:45:54.963Z,Bahia Feminino contrata dupla de ataque campeã sul-americana,O Tricolor de Aço se reforça visando a disputa do mata-mata do Brasileiro Feminino A2. Apresentação das novas atletas ocorre nesta segunda.,Salvador News,https://www.gazetaesportiva.com?id=curado-feminino-2-2026-09-11,https://images.unsplash.com/photo-1551958219-acbc608c6d77?q=80&w=600&auto=format&fit=crop
2026-09-11T12:34:22.635Z,2026-09-11T12:34:22.631Z,Fortaleza Feminino goleia e assume a ponta do Brasileirão A1,As Leoas venceram o clássico com autoridade por 4 a 1 e continuam invictas na competição nacional de futebol feminino.,Ceará Esportes,https://www.gazetaesportiva.com?id=curado-feminino-0-2026-09-11,https://images.unsplash.com/photo-1543351611-58f69d7c1781?q=80&w=600&auto=format&fit=crop
2026-09-11T12:34:22.635Z,2026-09-11T09:34:22.631Z,Sport Feminino atrai público recorde na Arena de Pernambuco,Mais de 15 mil torcedores empurraram as Leoas na vitória histórica contra o Bahia. Um novo marco para o esporte feminino no Nordeste.,Pernambuco Press,https://www.gazetaesportiva.com?id=curado-feminino-1-2026-09-11,https://images.unsplash.com/photo-1560272564-c83b66b1ad12?q=80&w=600&auto=format&fit=crop
2026-09-11T12:34:22.635Z,2026-09-11T06:34:22.631Z,Bahia Feminino contrata dupla de ataque campeã sul-americana,O Tricolor de Aço se reforça visando a disputa do mata-mata do Brasileiro Feminino A2. Apresentação das novas atletas ocorre nesta segunda.,Salvador News,https://www.gazetaesportiva.com?id=curado-feminino-2-2026-09-11,https://images.unsplash.com/photo-1551958219-acbc608c6d77?q=80&w=600&auto=format&fit=crop
2026-09-11T16:53:21.277Z,2026-09-11T16:53:21.272Z,Fortaleza Feminino goleia e assume a ponta do Brasileirão A1,As Leoas venceram o clássico com autoridade por 4 a 1 e continuam invictas na competição nacional de futebol feminino.,Ceará Esportes,https://www.gazetaesportiva.com?id=curado-feminino-0-2026-09-11,https://images.unsplash.com/photo-1543351611-58f69d7c1781?q=80&w=600&auto=format&fit=crop
2026-09-11T16:53:21.277Z,2026-09-11T13:53:21.272Z,Sport Feminino atrai público recorde na Arena de Pernambuco,Mais de 15 mil torcedores empurraram as Leoas na vitória histórica contra o Bahia. Um novo marco para o esporte feminino no Nordeste.,Pernambuco Press,https://www.gazetaesportiva.com?id=curado-feminino-1-2026-09-11,https://images.unsplash.com/photo-1560272564-c83b66b1ad12?q=80&w=600&auto=format&fit=crop
2026-09-11T16:53:21.277Z,2026-09-11T10:53:21.272Z,Bahia Feminino contrata dupla de ataque campeã sul-americana,O Tricolor de Aço se reforça visando a disputa do mata-mata do Brasileiro Feminino A2. Apresentação das novas atletas ocorre nesta segunda.,Salvador News,https://www.gazetaesportiva.com?id=curado-feminino-2-2026-09-11,https://images.unsplash.com/photo-1551958219-acbc608c6d77?q=80&w=600&auto=format&fit=crop
2026-09-11T19:26:29.369Z,2026-09-11T19:26:29.364Z,Fortaleza Feminino goleia e assume a ponta do Brasileirão A1,As Leoas venceram o clássico com autoridade por 4 a 1 e continuam invictas na competição nacional de futebol feminino.,Ceará Esportes,https://www.gazetaesportiva.com?id=curado-feminino-0-2026-09-11,https://images.unsplash.com/photo-1543351611-58f69d7c1781?q=80&w=600&auto=format&fit=crop
2026-09-11T19:26:29.369Z,2026-09-11T16:26:29.364Z,Sport Feminino atrai público recorde na Arena de Pernambuco,Mais de 15 mil torcedores empurraram as Leoas na vitória histórica contra o Bahia. Um novo marco para o esporte feminino no Nordeste.,Pernambuco Press,https://www.gazetaesportiva.com?id=curado-feminino-1-2026-09-11,https://images.unsplash.com/photo-1560272564-c83b66b1ad12?q=80&w=600&auto=format&fit=crop
2026-09-11T19:26:29.369Z,2026-09-11T13:26:29.364Z,Bahia Feminino contrata dupla de ataque campeã sul-americana,O Tricolor de Aço se reforça visando a disputa do mata-mata do Brasileiro Feminino A2. Apresentação das novas atletas ocorre nesta segunda.,Salvador News,https://www.gazetaesportiva.com?id=curado-feminino-2-2026-09-11,https://images.unsplash.com/photo-1551958219-acbc608c6d77?q=80&w=600&auto=format&fit=crop
2026-09-11T21:49:59.658Z,2026-09-11T21:49:59.653Z,Fortaleza Feminino goleia e assume a ponta do Brasileirão A1,As Leoas venceram o clássico com autoridade por 4 a 1 e continuam invictas na competição nacional de futebol feminino.,Ceará Esportes,https://www.gazetaesportiva.com?id=curado-feminino-0-2026-09-11,https://images.unsplash.com/photo-1543351611-58f69d7c1781?q=80&w=600&auto=format&fit=crop
2026-09-11T21:49:59.658Z,2026-09-11T18:49:59.653Z,Sport Feminino atrai público recorde na Arena de Pernambuco,Mais de 15 mil torcedores empurraram as Leoas na vitória histórica contra o Bahia. Um novo marco para o esporte feminino no Nordeste.,Pernambuco Press,https://www.gazetaesportiva.com?id=curado-feminino-1-2026-09-11,https://images.unsplash.com/photo-1560272564-c83b66b1ad12?q=80&w=600&auto=format&fit=crop
2026-09-11T21:49:59.658Z,2026-09-11T15:49:59.653Z,Bahia Feminino contrata dupla de ataque campeã sul-americana,O Tricolor de Aço se reforça visando a disputa do mata-mata do Brasileiro Feminino A2. Apresentação das novas atletas ocorre nesta segunda.,Salvador News,https://www.gazetaesportiva.com?id=curado-feminino-2-2026-09-11,https://images.unsplash.com/photo-1551958219-acbc608c6d77?q=80&w=600&auto=format&fit=crop
2026-09-11T23:51:37.556Z,2026-09-11T23:51:37.551Z,Fortaleza Feminino goleia e assume a ponta do Brasileirão A1,As Leoas venceram o clássico com autoridade por 4 a 1 e continuam invictas na competição nacional de futebol feminino.,Ceará Esportes,https://www.gazetaesportiva.com?id=curado-feminino-0-2026-09-11,https://images.unsplash.com/photo-1543351611-58f69d7c1781?q=80&w=600&auto=format&fit=crop
2026-09-11T23:51:37.556Z,2026-09-11T20:51:37.551Z,Sport Feminino atrai público recorde na Arena de Pernambuco,Mais de 15 mil torcedores empurraram as Leoas na vitória histórica contra o Bahia. Um novo marco para o esporte feminino no Nordeste.,Pernambuco Press,https://www.gazetaesportiva.com?id=curado-feminino-1-2026-09-11,https://images.unsplash.com/photo-1560272564-c83b66b1ad12?q=80&w=600&auto=format&fit=crop
2026-09-11T23:51:37.556Z,2026-09-11T17:51:37.551Z,Bahia Feminino contrata dupla de ataque campeã sul-americana,O Tricolor de Aço se reforça visando a disputa do mata-mata do Brasileiro Feminino A2. Apresentação das novas atletas ocorre nesta segunda.,Salvador News,https://www.gazetaesportiva.com?id=curado-feminino-2-2026-09-11,https://images.unsplash.com/photo-1551958219-acbc608c6d77?q=80&w=600&auto=format&fit=crop
2026-09-12T02:59:55.358Z,2026-09-12T02:59:55.354Z,Fortaleza Feminino goleia e assume a ponta do Brasileirão A1,As Leoas venceram o clássico com autoridade por 4 a 1 e continuam invictas na competição nacional de futebol feminino.,Ceará Esportes,https://www.gazetaesportiva.com?id=curado-feminino-0-2026-09-12,https://images.unsplash.com/photo-1543351611-58f69d7c1781?q=80&w=600&auto=format&fit=crop
2026-09-12T02:59:55.358Z,2026-09-11T23:59:55.354Z,Sport Feminino atrai público recorde na Arena de Pernambuco,Mais de 15 mil torcedores empurraram as Leoas na vitória histórica contra o Bahia. Um novo marco para o esporte feminino no Nordeste.,Pernambuco Press,https://www.gazetaesportiva.com?id=curado-feminino-1-2026-09-11,https://images.unsplash.com/photo-1560272564-c83b66b1ad12?q=80&w=600&auto=format&fit=crop
2026-09-12T02:59:55.358Z,2026-09-11T20:59:55.354Z,Bahia Feminino contrata dupla de ataque campeã sul-americana,O Tricolor de Aço se reforça visando a disputa do mata-mata do Brasileiro Feminino A2. Apresentação das novas atletas ocorre nesta segunda.,Salvador News,https://www.gazetaesportiva.com?id=curado-feminino-2-2026-09-11,https://images.unsplash.com/photo-1551958219-acbc608c6d77?q=80&w=600&auto=format&fit=crop
2026-09-12T07:50:50.279Z,2026-09-12T07:50:50.275Z,Fortaleza Feminino goleia e assume a ponta do Brasileirão A1,As Leoas venceram o clássico com autoridade por 4 a 1 e continuam invictas na competição nacional de futebol feminino.,Ceará Esportes,https://www.gazetaesportiva.com?id=curado-feminino-0-2026-09-12,https://images.unsplash.com/photo-1543351611-58f69d7c1781?q=80&w=600&auto=format&fit=crop
2026-09-12T07:50:50.279Z,2026-09-12T04:50:50.275Z,Sport Feminino atrai público recorde na Arena de Pernambuco,Mais de 15 mil torcedores empurraram as Leoas na vitória histórica contra o Bahia. Um novo marco para o esporte feminino no Nordeste.,Pernambuco Press,https://www.gazetaesportiva.com?id=curado-feminino-1-2026-09-12,https://images.unsplash.com/photo-1560272564-c83b66b1ad12?q=80&w=600&auto=format&fit=crop
2026-09-12T07:50:50.279Z,2026-09-12T01:50:50.275Z,Bahia Feminino contrata dupla de ataque campeã sul-americana,O Tricolor de Aço se reforça visando a disputa do mata-mata do Brasileiro Feminino A2. Apresentação das novas atletas ocorre nesta segunda.,Salvador News,https://www.gazetaesportiva.com?id=curado-feminino-2-2026-09-12,https://images.unsplash.com/photo-1551958219-acbc608c6d77?q=80&w=600&auto=format&fit=crop
2026-09-12T11:57:10.611Z,2026-09-12T11:57:10.607Z,Fortaleza Feminino goleia e assume a ponta do Brasileirão A1,As Leoas venceram o clássico com autoridade por 4 a 1 e continuam invictas na competição nacional de futebol feminino.,Ceará Esportes,https://www.gazetaesportiva.com?id=curado-feminino-0-2026-09-12,https://images.unsplash.com/photo-1543351611-58f69d7c1781?q=80&w=600&auto=format&fit=crop
2026-09-12T11:57:10.611Z,2026-09-12T08:57:10.607Z,Sport Feminino atrai público recorde na Arena de Pernambuco,Mais de 15 mil torcedores empurraram as Leoas na vitória histórica contra o Bahia. Um novo marco para o esporte feminino no Nordeste.,Pernambuco Press,https://www.gazetaesportiva.com?id=curado-feminino-1-2026-09-12,https://images.unsplash.com/photo-1560272564-c83b66b1ad12?q=80&w=600&auto=format&fit=crop
2026-09-12T11:57:10.611Z,2026-09-12T05:57:10.607Z,Bahia Feminino contrata dupla de ataque campeã sul-americana,O Tricolor de Aço se reforça visando a disputa do mata-mata do Brasileiro Feminino A2. Apresentação das novas atletas ocorre nesta segunda.,Salvador News,https://www.gazetaesportiva.com?id=curado-feminino-2-2026-09-12,https://images.unsplash.com/photo-1551958219-acbc608c6d77?q=80&w=600&auto=format&fit=crop
2026-09-12T15:12:09.741Z,2026-09-12T15:12:09.735Z,Fortaleza Feminino goleia e assume a ponta do Brasileirão A1,As Leoas venceram o clássico com autoridade por 4 a 1 e continuam invictas na competição nacional de futebol feminino.,Ceará Esportes,https://www.gazetaesportiva.com?id=curado-feminino-0-2026-09-12,https://images.unsplash.com/photo-1543351611-58f69d7c1781?q=80&w=600&auto=format&fit=crop
2026-09-12T15:12:09.741Z,2026-09-12T12:12:09.735Z,Sport Feminino atrai público recorde na Arena de Pernambuco,Mais de 15 mil torcedores empurraram as Leoas na vitória histórica contra o Bahia. Um novo marco para o esporte feminino no Nordeste.,Pernambuco Press,https://www.gazetaesportiva.com?id=curado-feminino-1-2026-09-12,https://images.unsplash.com/photo-1560272564-c83b66b1ad12?q=80&w=600&auto=format&fit=crop
2026-09-12T15:12:09.741Z,2026-09-12T09:12:09.735Z,Bahia Feminino contrata dupla de ataque campeã sul-americana,O Tricolor de Aço se reforça visando a disputa do mata-mata do Brasileiro Feminino A2. Apresentação das novas atletas ocorre nesta segunda.,Salvador News,https://www.gazetaesportiva.com?id=curado-feminino-2-2026-09-12,https://images.unsplash.com/photo-1551958219-acbc608c6d77?q=80&w=600&auto=format&fit=crop
2026-09-12T17:46:43.924Z,2026-09-12T17:46:43.921Z,Fortaleza Feminino goleia e assume a ponta do Brasileirão A1,As Leoas venceram o clássico com autoridade por 4 a 1 e continuam invictas na competição nacional de futebol feminino.,Ceará Esportes,https://www.gazetaesportiva.com?id=curado-feminino-0-2026-09-12,https://images.unsplash.com/photo-1543351611-58f69d7c1781?q=80&w=600&auto=format&fit=crop
2026-09-12T17:46:43.924Z,2026-09-12T14:46:43.921Z,Sport Feminino atrai público recorde na Arena de Pernambuco,Mais de 15 mil torcedores empurraram as Leoas na vitória histórica contra o Bahia. Um novo marco para o esporte feminino no Nordeste.,Pernambuco Press,https://www.gazetaesportiva.com?id=curado-feminino-1-2026-09-12,https://images.unsplash.com/photo-1560272564-c83b66b1ad12?q=80&w=600&auto=format&fit=crop
2026-09-12T17:46:43.924Z,2026-09-12T11:46:43.921Z,Bahia Feminino contrata dupla de ataque campeã sul-americana,O Tricolor de Aço se reforça visando a disputa do mata-mata do Brasileiro Feminino A2. Apresentação das novas atletas ocorre nesta segunda.,Salvador News,https://www.gazetaesportiva.com?id=curado-feminino-2-2026-09-12,https://images.unsplash.com/photo-1551958219-acbc608c6d77?q=80&w=600&auto=format&fit=crop
2026-09-12T20:09:10.622Z,2026-09-12T20:09:10.613Z,Fortaleza Feminino goleia e assume a ponta do Brasileirão A1,As Leoas venceram o clássico com autoridade por 4 a 1 e continuam invictas na competição nacional de futebol feminino.,Ceará Esportes,https://www.gazetaesportiva.com?id=curado-feminino-0-2026-09-12,https://images.unsplash.com/photo-1543351611-58f69d7c1781?q=80&w=600&auto=format&fit=crop
2026-09-12T20:09:10.622Z,2026-09-12T17:09:10.613Z,Sport Feminino atrai público recorde na Arena de Pernambuco,Mais de 15 mil torcedores empurraram as Leoas na vitória histórica contra o Bahia. Um novo marco para o esporte feminino no Nordeste.,Pernambuco Press,https://www.gazetaesportiva.com?id=curado-feminino-1-2026-09-12,https://images.unsplash.com/photo-1560272564-c83b66b1ad12?q=80&w=600&auto=format&fit=crop
2026-09-12T20:09:10.622Z,2026-09-12T14:09:10.613Z,Bahia Feminino contrata dupla de ataque campeã sul-americana,O Tricolor de Aço se reforça visando a disputa do mata-mata do Brasileiro Feminino A2. Apresentação das novas atletas ocorre nesta segunda.,Salvador News,https://www.gazetaesportiva.com?id=curado-feminino-2-2026-09-12,https://images.unsplash.com/photo-1551958219-acbc608c6d77?q=80&w=600&auto=format&fit=crop
2026-09-12T22:27:43.897Z,2026-09-12T22:27:43.892Z,Fortaleza Feminino goleia e assume a ponta do Brasileirão A1,As Leoas venceram o clássico com autoridade por 4 a 1 e continuam invictas na competição nacional de futebol feminino.,Ceará Esportes,https://www.gazetaesportiva.com?id=curado-feminino-0-2026-09-12,https://images.unsplash.com/photo-1543351611-58f69d7c1781?q=80&w=600&auto=format&fit=crop
2026-09-12T22:27:43.897Z,2026-09-12T19:27:43.892Z,Sport Feminino atrai público recorde na Arena de Pernambuco,Mais de 15 mil torcedores empurraram as Leoas na vitória histórica contra o Bahia. Um novo marco para o esporte feminino no Nordeste.,Pernambuco Press,https://www.gazetaesportiva.com?id=curado-feminino-1-2026-09-12,https://images.unsplash.com/photo-1560272564-c83b66b1ad12?q=80&w=600&auto=format&fit=crop
2026-09-12T22:27:43.897Z,2026-09-12T18:23:36.000Z,Brasil vence Chile e fica a uma vitória do título do Sul-Americano de vôlei,"A Seleção Brasileira feminina de vôlei venceu o Chile por 3 sets a 0 neste sábado, pela quarta rodada do Sul-Americano, no Maracanãzinho. Com o resultado, o Brasil manteve os 100% ...",Gazeta Esportiva,https://www.gazetaesportiva.com/mais-esportes/volei/brasil-vence-chile-sul-americano-volei/,https://static.gazetaesportiva.com/uploads/2026/09/806299245_18626397769013024_868674906152356963_n.webp
2026-09-12T22:27:43.897Z,2026-09-12T16:27:43.892Z,Bahia Feminino contrata dupla de ataque campeã sul-americana,O Tricolor de Aço se reforça visando a disputa do mata-mata do Brasileiro Feminino A2. Apresentação das novas atletas ocorre nesta segunda.,Salvador News,https://www.gazetaesportiva.com?id=curado-feminino-2-2026-09-12,https://images.unsplash.com/photo-1551958219-acbc608c6d77?q=80&w=600&auto=format&fit=crop
2026-09-13T00:08:59.132Z,2026-09-13T00:08:59.127Z,Fortaleza Feminino goleia e assume a ponta do Brasileirão A1,As Leoas venceram o clássico com autoridade por 4 a 1 e continuam invictas na competição nacional de futebol feminino.,Ceará Esportes,https://www.gazetaesportiva.com?id=curado-feminino-0-2026-09-13,https://images.unsplash.com/photo-1543351611-58f69d7c1781?q=80&w=600&auto=format&fit=crop
2026-09-13T00:08:59.132Z,2026-09-12T21:08:59.127Z,Sport Feminino atrai público recorde na Arena de Pernambuco,Mais de 15 mil torcedores empurraram as Leoas na vitória histórica contra o Bahia. Um novo marco para o esporte feminino no Nordeste.,Pernambuco Press,https://www.gazetaesportiva.com?id=curado-feminino-1-2026-09-12,https://images.unsplash.com/photo-1560272564-c83b66b1ad12?q=80&w=600&auto=format&fit=crop
2026-09-13T00:08:59.132Z,2026-09-12T18:08:59.127Z,Bahia Feminino contrata dupla de ataque campeã sul-americana,O Tricolor de Aço se reforça visando a disputa do mata-mata do Brasileiro Feminino A2. Apresentação das novas atletas ocorre nesta segunda.,Salvador News,https://www.gazetaesportiva.com?id=curado-feminino-2-2026-09-12,https://images.unsplash.com/photo-1551958219-acbc608c6d77?q=80&w=600&auto=format&fit=crop
2026-09-13T05:08:50.453Z,2026-09-13T05:08:50.446Z,Fortaleza Feminino goleia e assume a ponta do Brasileirão A1,As Leoas venceram o clássico com autoridade por 4 a 1 e continuam invictas na competição nacional de futebol feminino.,Ceará Esportes,https://www.gazetaesportiva.com?id=curado-feminino-0-2026-09-13,https://images.unsplash.com/photo-1543351611-58f69d7c1781?q=80&w=600&auto=format&fit=crop
2026-09-13T05:08:50.453Z,2026-09-13T02:08:50.446Z,Sport Feminino atrai público recorde na Arena de Pernambuco,Mais de 15 mil torcedores empurraram as Leoas na vitória histórica contra o Bahia. Um novo marco para o esporte feminino no Nordeste.,Pernambuco Press,https://www.gazetaesportiva.com?id=curado-feminino-1-2026-09-13,https://images.unsplash.com/photo-1560272564-c83b66b1ad12?q=80&w=600&auto=format&fit=crop
2026-09-13T05:08:50.453Z,2026-09-12T23:08:50.446Z,Bahia Feminino contrata dupla de ataque campeã sul-americana,O Tricolor de Aço se reforça visando a disputa do mata-mata do Brasileiro Feminino A2. Apresentação das novas atletas ocorre nesta segunda.,Salvador News,https://www.gazetaesportiva.com?id=curado-feminino-2-2026-09-12,https://images.unsplash.com/photo-1551958219-acbc608c6d77?q=80&w=600&auto=format&fit=crop
2026-09-13T10:27:57.737Z,2026-09-13T10:27:57.732Z,Fortaleza Feminino goleia e assume a ponta do Brasileirão A1,As Leoas venceram o clássico com autoridade por 4 a 1 e continuam invictas na competição nacional de futebol feminino.,Ceará Esportes,https://www.gazetaesportiva.com?id=curado-feminino-0-2026-09-13,https://images.unsplash.com/photo-1543351611-58f69d7c1781?q=80&w=600&auto=format&fit=crop
2026-09-13T10:27:57.737Z,2026-09-13T07:27:57.732Z,Sport Feminino atrai público recorde na Arena de Pernambuco,Mais de 15 mil torcedores empurraram as Leoas na vitória histórica contra o Bahia. Um novo marco para o esporte feminino no Nordeste.,Pernambuco Press,https://www.gazetaesportiva.com?id=curado-feminino-1-2026-09-13,https://images.unsplash.com/photo-1560272564-c83b66b1ad12?q=80&w=600&auto=format&fit=crop
2026-09-13T10:27:57.737Z,2026-09-13T04:27:57.732Z,Bahia Feminino contrata dupla de ataque campeã sul-americana,O Tricolor de Aço se reforça visando a disputa do mata-mata do Brasileiro Feminino A2. Apresentação das novas atletas ocorre nesta segunda.,Salvador News,https://www.gazetaesportiva.com?id=curado-feminino-2-2026-09-13,https://images.unsplash.com/photo-1551958219-acbc608c6d77?q=80&w=600&auto=format&fit=crop
2026-09-13T14:35:38.856Z,2026-09-13T14:35:38.851Z,Fortaleza Feminino goleia e assume a ponta do Brasileirão A1,As Leoas venceram o clássico com autoridade por 4 a 1 e continuam invictas na competição nacional de futebol feminino.,Ceará Esportes,https://www.gazetaesportiva.com?id=curado-feminino-0-2026-09-13,https://images.unsplash.com/photo-1543351611-58f69d7c1781?q=80&w=600&auto=format&fit=crop
2026-09-13T14:35:38.856Z,2026-09-13T11:35:38.851Z,Sport Feminino atrai público recorde na Arena de Pernambuco,Mais de 15 mil torcedores empurraram as Leoas na vitória histórica contra o Bahia. Um novo marco para o esporte feminino no Nordeste.,Pernambuco Press,https://www.gazetaesportiva.com?id=curado-feminino-1-2026-09-13,https://images.unsplash.com/photo-1560272564-c83b66b1ad12?q=80&w=600&auto=format&fit=crop
2026-09-13T14:35:38.856Z,2026-09-13T08:35:38.851Z,Bahia Feminino contrata dupla de ataque campeã sul-americana,O Tricolor de Aço se reforça visando a disputa do mata-mata do Brasileiro Feminino A2. Apresentação das novas atletas ocorre nesta segunda.,Salvador News,https://www.gazetaesportiva.com?id=curado-feminino-2-2026-09-13,https://images.unsplash.com/photo-1551958219-acbc608c6d77?q=80&w=600&auto=format&fit=crop
2026-09-13T17:53:58.165Z,2026-09-13T17:53:58.159Z,Fortaleza Feminino goleia e assume a ponta do Brasileirão A1,As Leoas venceram o clássico com autoridade por 4 a 1 e continuam invictas na competição nacional de futebol feminino.,Ceará Esportes,https://www.gazetaesportiva.com?id=curado-feminino-0-2026-09-13,https://images.unsplash.com/photo-1543351611-58f69d7c1781?q=80&w=600&auto=format&fit=crop
2026-09-13T17:53:58.165Z,2026-09-13T14:53:58.159Z,Sport Feminino atrai público recorde na Arena de Pernambuco,Mais de 15 mil torcedores empurraram as Leoas na vitória histórica contra o Bahia. Um novo marco para o esporte feminino no Nordeste.,Pernambuco Press,https://www.gazetaesportiva.com?id=curado-feminino-1-2026-09-13,https://images.unsplash.com/photo-1560272564-c83b66b1ad12?q=80&w=600&auto=format&fit=crop
2026-09-13T17:53:58.165Z,2026-09-13T11:53:58.159Z,Bahia Feminino contrata dupla de ataque campeã sul-americana,O Tricolor de Aço se reforça visando a disputa do mata-mata do Brasileiro Feminino A2. Apresentação das novas atletas ocorre nesta segunda.,Salvador News,https://www.gazetaesportiva.com?id=curado-feminino-2-2026-09-13,https://images.unsplash.com/photo-1551958219-acbc608c6d77?q=80&w=600&auto=format&fit=crop
2026-09-13T20:16:06.761Z,2026-09-13T20:16:06.756Z,Fortaleza Feminino goleia e assume a ponta do Brasileirão A1,As Leoas venceram o clássico com autoridade por 4 a 1 e continuam invictas na competição nacional de futebol feminino.,Ceará Esportes,https://www.gazetaesportiva.com?id=curado-feminino-0-2026-09-13,https://images.unsplash.com/photo-1543351611-58f69d7c1781?q=80&w=600&auto=format&fit=crop
2026-09-13T20:16:06.761Z,2026-09-13T17:16:06.756Z,Sport Feminino atrai público recorde na Arena de Pernambuco,Mais de 15 mil torcedores empurraram as Leoas na vitória histórica contra o Bahia. Um novo marco para o esporte feminino no Nordeste.,Pernambuco Press,https://www.gazetaesportiva.com?id=curado-feminino-1-2026-09-13,https://images.unsplash.com/photo-1560272564-c83b66b1ad12?q=80&w=600&auto=format&fit=crop
2026-09-13T20:16:06.761Z,2026-09-13T14:16:06.756Z,Bahia Feminino contrata dupla de ataque campeã sul-americana,O Tricolor de Aço se reforça visando a disputa do mata-mata do Brasileiro Feminino A2. Apresentação das novas atletas ocorre nesta segunda.,Salvador News,https://www.gazetaesportiva.com?id=curado-feminino-2-2026-09-13,https://images.unsplash.com/photo-1551958219-acbc608c6d77?q=80&w=600&auto=format&fit=crop
2026-09-13T22:31:56.414Z,2026-09-13T22:31:56.409Z,Fortaleza Feminino goleia e assume a ponta do Brasileirão A1,As Leoas venceram o clássico com autoridade por 4 a 1 e continuam invictas na competição nacional de futebol feminino.,Ceará Esportes,https://www.gazetaesportiva.com?id=curado-feminino-0-2026-09-13,https://images.unsplash.com/photo-1543351611-58f69d7c1781?q=80&w=600&auto=format&fit=crop
2026-09-13T22:31:56.414Z,2026-09-13T19:31:56.409Z,Sport Feminino atrai público recorde na Arena de Pernambuco,Mais de 15 mil torcedores empurraram as Leoas na vitória histórica contra o Bahia. Um novo marco para o esporte feminino no Nordeste.,Pernambuco Press,https://www.gazetaesportiva.com?id=curado-feminino-1-2026-09-13,https://images.unsplash.com/photo-1560272564-c83b66b1ad12?q=80&w=600&auto=format&fit=crop
2026-09-13T22:31:56.414Z,2026-09-13T16:31:56.409Z,Bahia Feminino contrata dupla de ataque campeã sul-americana,O Tricolor de Aço se reforça visando a disputa do mata-mata do Brasileiro Feminino A2. Apresentação das novas atletas ocorre nesta segunda.,Salvador News,https://www.gazetaesportiva.com?id=curado-feminino-2-2026-09-13,https://images.unsplash.com/photo-1551958219-acbc608c6d77?q=80&w=600&auto=format&fit=crop
2026-09-14T00:41:03.377Z,2026-09-14T00:41:03.369Z,Fortaleza Feminino goleia e assume a ponta do Brasileirão A1,As Leoas venceram o clássico com autoridade por 4 a 1 e continuam invictas na competição nacional de futebol feminino.,Ceará Esportes,https://www.gazetaesportiva.com?id=curado-feminino-0-2026-09-14,https://images.unsplash.com/photo-1543351611-58f69d7c1781?q=80&w=600&auto=format&fit=crop
2026-09-14T00:41:03.377Z,2026-09-13T21:41:03.369Z,Sport Feminino atrai público recorde na Arena de Pernambuco,Mais de 15 mil torcedores empurraram as Leoas na vitória histórica contra o Bahia. Um novo marco para o esporte feminino no Nordeste.,Pernambuco Press,https://www.gazetaesportiva.com?id=curado-feminino-1-2026-09-13,https://images.unsplash.com/photo-1560272564-c83b66b1ad12?q=80&w=600&auto=format&fit=crop
2026-09-14T00:41:03.377Z,2026-09-13T18:41:03.369Z,Bahia Feminino contrata dupla de ataque campeã sul-americana,O Tricolor de Aço se reforça visando a disputa do mata-mata do Brasileiro Feminino A2. Apresentação das novas atletas ocorre nesta segunda.,Salvador News,https://www.gazetaesportiva.com?id=curado-feminino-2-2026-09-13,https://images.unsplash.com/photo-1551958219-acbc608c6d77?q=80&w=600&auto=format&fit=crop
2026-09-14T05:44:47.775Z,2026-09-14T05:44:47.766Z,Fortaleza Feminino goleia e assume a ponta do Brasileirão A1,As Leoas venceram o clássico com autoridade por 4 a 1 e continuam invictas na competição nacional de futebol feminino.,Ceará Esportes,https://www.gazetaesportiva.com?id=curado-feminino-0-2026-09-14,https://images.unsplash.com/photo-1543351611-58f69d7c1781?q=80&w=600&auto=format&fit=crop
2026-09-14T05:44:47.775Z,2026-09-14T02:44:47.766Z,Sport Feminino atrai público recorde na Arena de Pernambuco,Mais de 15 mil torcedores empurraram as Leoas na vitória histórica contra o Bahia. Um novo marco para o esporte feminino no Nordeste.,Pernambuco Press,https://www.gazetaesportiva.com?id=curado-feminino-1-2026-09-14,https://images.unsplash.com/photo-1560272564-c83b66b1ad12?q=80&w=600&auto=format&fit=crop
2026-09-14T05:44:47.775Z,2026-09-13T23:44:47.766Z,Bahia Feminino contrata dupla de ataque campeã sul-americana,O Tricolor de Aço se reforça visando a disputa do mata-mata do Brasileiro Feminino A2. Apresentação das novas atletas ocorre nesta segunda.,Salvador News,https://www.gazetaesportiva.com?id=curado-feminino-2-2026-09-13,https://images.unsplash.com/photo-1551958219-acbc608c6d77?q=80&w=600&auto=format&fit=crop
2026-09-14T11:42:54.416Z,2026-09-14T11:42:54.410Z,Fortaleza Feminino goleia e assume a ponta do Brasileirão A1,As Leoas venceram o clássico com autoridade por 4 a 1 e continuam invictas na competição nacional de futebol feminino.,Ceará Esportes,https://www.gazetaesportiva.com?id=curado-feminino-0-2026-09-14,https://images.unsplash.com/photo-1543351611-58f69d7c1781?q=80&w=600&auto=format&fit=crop
2026-09-14T11:42:54.416Z,2026-09-14T08:42:54.410Z,Sport Feminino atrai público recorde na Arena de Pernambuco,Mais de 15 mil torcedores empurraram as Leoas na vitória histórica contra o Bahia. Um novo marco para o esporte feminino no Nordeste.,Pernambuco Press,https://www.gazetaesportiva.com?id=curado-feminino-1-2026-09-14,https://images.unsplash.com/photo-1560272564-c83b66b1ad12?q=80&w=600&auto=format&fit=crop
2026-09-14T11:42:54.416Z,2026-09-14T05:42:54.410Z,Bahia Feminino contrata dupla de ataque campeã sul-americana,O Tricolor de Aço se reforça visando a disputa do mata-mata do Brasileiro Feminino A2. Apresentação das novas atletas ocorre nesta segunda.,Salvador News,https://www.gazetaesportiva.com?id=curado-feminino-2-2026-09-14,https://images.unsplash.com/photo-1551958219-acbc608c6d77?q=80&w=600&auto=format&fit=crop
2026-09-14T17:37:20.385Z,2026-09-14T17:37:20.379Z,Fortaleza Feminino goleia e assume a ponta do Brasileirão A1,As Leoas venceram o clássico com autoridade por 4 a 1 e continuam invictas na competição nacional de futebol feminino.,Ceará Esportes,https://www.gazetaesportiva.com?id=curado-feminino-0-2026-09-14,https://images.unsplash.com/photo-1543351611-58f69d7c1781?q=80&w=600&auto=format&fit=crop
2026-09-14T17:37:20.385Z,2026-09-14T14:37:20.379Z,Sport Feminino atrai público recorde na Arena de Pernambuco,Mais de 15 mil torcedores empurraram as Leoas na vitória histórica contra o Bahia. Um novo marco para o esporte feminino no Nordeste.,Pernambuco Press,https://www.gazetaesportiva.com?id=curado-feminino-1-2026-09-14,https://images.unsplash.com/photo-1560272564-c83b66b1ad12?q=80&w=600&auto=format&fit=crop
2026-09-14T17:37:20.385Z,2026-09-14T11:37:20.379Z,Bahia Feminino contrata dupla de ataque campeã sul-americana,O Tricolor de Aço se reforça visando a disputa do mata-mata do Brasileiro Feminino A2. Apresentação das novas atletas ocorre nesta segunda.,Salvador News,https://www.gazetaesportiva.com?id=curado-feminino-2-2026-09-14,https://images.unsplash.com/photo-1551958219-acbc608c6d77?q=80&w=600&auto=format&fit=crop
2026-09-14T21:25:38.029Z,2026-09-14T21:25:38.023Z,Fortaleza Feminino goleia e assume a ponta do Brasileirão A1,As Leoas venceram o clássico com autoridade por 4 a 1 e continuam invictas na competição nacional de futebol feminino.,Ceará Esportes,https://www.gazetaesportiva.com?id=curado-feminino-0-2026-09-14,https://images.unsplash.com/photo-1543351611-58f69d7c1781?q=80&w=600&auto=format&fit=crop
2026-09-14T21:25:38.029Z,2026-09-14T18:25:38.023Z,Sport Feminino atrai público recorde na Arena de Pernambuco,Mais de 15 mil torcedores empurraram as Leoas na vitória histórica contra o Bahia. Um novo marco para o esporte feminino no Nordeste.,Pernambuco Press,https://www.gazetaesportiva.com?id=curado-feminino-1-2026-09-14,https://images.unsplash.com/photo-1560272564-c83b66b1ad12?q=80&w=600&auto=format&fit=crop
2026-09-14T21:25:38.029Z,2026-09-14T15:25:38.023Z,Bahia Feminino contrata dupla de ataque campeã sul-americana,O Tricolor de Aço se reforça visando a disputa do mata-mata do Brasileiro Feminino A2. Apresentação das novas atletas ocorre nesta segunda.,Salvador News,https://www.gazetaesportiva.com?id=curado-feminino-2-2026-09-14,https://images.unsplash.com/photo-1551958219-acbc608c6d77?q=80&w=600&auto=format&fit=crop
2026-09-14T23:56:33.742Z,2026-09-14T23:56:33.737Z,Fortaleza Feminino goleia e assume a ponta do Brasileirão A1,As Leoas venceram o clássico com autoridade por 4 a 1 e continuam invictas na competição nacional de futebol feminino.,Ceará Esportes,https://www.gazetaesportiva.com?id=curado-feminino-0-2026-09-14,https://images.unsplash.com/photo-1543351611-58f69d7c1781?q=80&w=600&auto=format&fit=crop
2026-09-14T23:56:33.742Z,2026-09-14T20:56:33.737Z,Sport Feminino atrai público recorde na Arena de Pernambuco,Mais de 15 mil torcedores empurraram as Leoas na vitória histórica contra o Bahia. Um novo marco para o esporte feminino no Nordeste.,Pernambuco Press,https://www.gazetaesportiva.com?id=curado-feminino-1-2026-09-14,https://images.unsplash.com/photo-1560272564-c83b66b1ad12?q=80&w=600&auto=format&fit=crop
2026-09-14T23:56:33.742Z,2026-09-14T17:56:33.737Z,Bahia Feminino contrata dupla de ataque campeã sul-americana,O Tricolor de Aço se reforça visando a disputa do mata-mata do Brasileiro Feminino A2. Apresentação das novas atletas ocorre nesta segunda.,Salvador News,https://www.gazetaesportiva.com?id=curado-feminino-2-2026-09-14,https://images.unsplash.com/photo-1551958219-acbc608c6d77?q=80&w=600&auto=format&fit=crop
2026-09-15T03:44:19.907Z,2026-09-15T03:44:19.901Z,Fortaleza Feminino goleia e assume a ponta do Brasileirão A1,As Leoas venceram o clássico com autoridade por 4 a 1 e continuam invictas na competição nacional de futebol feminino.,Ceará Esportes,https://www.gazetaesportiva.com?id=curado-feminino-0-2026-09-15,https://images.unsplash.com/photo-1543351611-58f69d7c1781?q=80&w=600&auto=format&fit=crop
2026-09-15T03:44:19.907Z,2026-09-15T00:44:19.901Z,Sport Feminino atrai público recorde na Arena de Pernambuco,Mais de 15 mil torcedores empurraram as Leoas na vitória histórica contra o Bahia. Um novo marco para o esporte feminino no Nordeste.,Pernambuco Press,https://www.gazetaesportiva.com?id=curado-feminino-1-2026-09-15,https://images.unsplash.com/photo-1560272564-c83b66b1ad12?q=80&w=600&auto=format&fit=crop
2026-09-15T03:44:19.907Z,2026-09-14T23:00:15.000Z,Bahia x Corinthians pelo Brasileirão feminino: veja prováveis escalações e onde assistir ao vivo,"Confira onde assistir ao duelo entre Bahia e Corinthians, pelo jogo de ida da semifinal do Campeonato Brasileiro feminino.
O post Bahia x Corinthians pelo Brasileirão feminino: vej...",Gazeta Esportiva,https://www.gazetaesportiva.com/campeonatos/brasileirao-feminino/bahia-x-corinthians-pelo-brasileirao-feminino-veja-provaveis-escalacoes-e-onde-assistir-ao-vivo-2/,https://static.gazetaesportiva.com/uploads/2026/09/248546.webp
2026-09-15T03:44:19.907Z,2026-09-14T21:44:19.901Z,Bahia Feminino contrata dupla de ataque campeã sul-americana,O Tricolor de Aço se reforça visando a disputa do mata-mata do Brasileiro Feminino A2. Apresentação das novas atletas ocorre nesta segunda.,Salvador News,https://www.gazetaesportiva.com?id=curado-feminino-2-2026-09-14,https://images.unsplash.com/photo-1551958219-acbc608c6d77?q=80&w=600&auto=format&fit=crop
2026-09-15T09:10:23.993Z,2026-09-15T09:10:23.984Z,Fortaleza Feminino goleia e assume a ponta do Brasileirão A1,As Leoas venceram o clássico com autoridade por 4 a 1 e continuam invictas na competição nacional de futebol feminino.,Ceará Esportes,https://www.gazetaesportiva.com?id=curado-feminino-0-2026-09-15,https://images.unsplash.com/photo-1543351611-58f69d7c1781?q=80&w=600&auto=format&fit=crop
2026-09-15T09:10:23.993Z,2026-09-15T06:10:23.984Z,Sport Feminino atrai público recorde na Arena de Pernambuco,Mais de 15 mil torcedores empurraram as Leoas na vitória histórica contra o Bahia. Um novo marco para o esporte feminino no Nordeste.,Pernambuco Press,https://www.gazetaesportiva.com?id=curado-feminino-1-2026-09-15,https://images.unsplash.com/photo-1560272564-c83b66b1ad12?q=80&w=600&auto=format&fit=crop
2026-09-15T09:10:23.993Z,2026-09-15T03:10:23.984Z,Bahia Feminino contrata dupla de ataque campeã sul-americana,O Tricolor de Aço se reforça visando a disputa do mata-mata do Brasileiro Feminino A2. Apresentação das novas atletas ocorre nesta segunda.,Salvador News,https://www.gazetaesportiva.com?id=curado-feminino-2-2026-09-15,https://images.unsplash.com/photo-1551958219-acbc608c6d77?q=80&w=600&auto=format&fit=crop
2026-09-15T09:10:23.993Z,2026-09-14T23:00:15.000Z,Bahia x Corinthians pelo Brasileirão feminino: veja prováveis escalações e onde assistir ao vivo,"Confira onde assistir ao duelo entre Bahia e Corinthians, pelo jogo de ida da semifinal do Campeonato Brasileiro feminino.
O post Bahia x Corinthians pelo Brasileirão feminino: vej...",Gazeta Esportiva,https://www.gazetaesportiva.com/campeonatos/brasileirao-feminino/bahia-x-corinthians-pelo-brasileirao-feminino-veja-provaveis-escalacoes-e-onde-assistir-ao-vivo-2/,https://static.gazetaesportiva.com/uploads/2026/09/248546.webp
2026-09-15T14:23:50.754Z,2026-09-15T14:23:50.748Z,Fortaleza Feminino goleia e assume a ponta do Brasileirão A1,As Leoas venceram o clássico com autoridade por 4 a 1 e continuam invictas na competição nacional de futebol feminino.,Ceará Esportes,https://www.gazetaesportiva.com?id=curado-feminino-0-2026-09-15,https://images.unsplash.com/photo-1543351611-58f69d7c1781?q=80&w=600&auto=format&fit=crop
2026-09-15T14:23:50.754Z,2026-09-15T11:23:50.748Z,Sport Feminino atrai público recorde na Arena de Pernambuco,Mais de 15 mil torcedores empurraram as Leoas na vitória histórica contra o Bahia. Um novo marco para o esporte feminino no Nordeste.,Pernambuco Press,https://www.gazetaesportiva.com?id=curado-feminino-1-2026-09-15,https://images.unsplash.com/photo-1560272564-c83b66b1ad12?q=80&w=600&auto=format&fit=crop
2026-09-15T14:23:50.754Z,2026-09-15T08:23:50.748Z,Bahia Feminino contrata dupla de ataque campeã sul-americana,O Tricolor de Aço se reforça visando a disputa do mata-mata do Brasileiro Feminino A2. Apresentação das novas atletas ocorre nesta segunda.,Salvador News,https://www.gazetaesportiva.com?id=curado-feminino-2-2026-09-15,https://images.unsplash.com/photo-1551958219-acbc608c6d77?q=80&w=600&auto=format&fit=crop
2026-09-15T14:23:50.754Z,2026-09-14T23:00:15.000Z,Bahia x Corinthians pelo Brasileirão feminino: veja prováveis escalações e onde assistir ao vivo,"Confira onde assistir ao duelo entre Bahia e Corinthians, pelo jogo de ida da semifinal do Campeonato Brasileiro feminino.
O post Bahia x Corinthians pelo Brasileirão feminino: vej...",Gazeta Esportiva,https://www.gazetaesportiva.com/campeonatos/brasileirao-feminino/bahia-x-corinthians-pelo-brasileirao-feminino-veja-provaveis-escalacoes-e-onde-assistir-ao-vivo-2/,https://static.gazetaesportiva.com/uploads/2026/09/248546.webp
2026-09-15T18:21:59.885Z,2026-09-15T18:21:59.880Z,Fortaleza Feminino goleia e assume a ponta do Brasileirão A1,As Leoas venceram o clássico com autoridade por 4 a 1 e continuam invictas na competição nacional de futebol feminino.,Ceará Esportes,https://www.gazetaesportiva.com?id=curado-feminino-0-2026-09-15,https://images.unsplash.com/photo-1543351611-58f69d7c1781?q=80&w=600&auto=format&fit=crop
2026-09-15T18:21:59.885Z,2026-09-15T15:21:59.880Z,Sport Feminino atrai público recorde na Arena de Pernambuco,Mais de 15 mil torcedores empurraram as Leoas na vitória histórica contra o Bahia. Um novo marco para o esporte feminino no Nordeste.,Pernambuco Press,https://www.gazetaesportiva.com?id=curado-feminino-1-2026-09-15,https://images.unsplash.com/photo-1560272564-c83b66b1ad12?q=80&w=600&auto=format&fit=crop
2026-09-15T18:21:59.885Z,2026-09-15T12:21:59.880Z,Bahia Feminino contrata dupla de ataque campeã sul-americana,O Tricolor de Aço se reforça visando a disputa do mata-mata do Brasileiro Feminino A2. Apresentação das novas atletas ocorre nesta segunda.,Salvador News,https://www.gazetaesportiva.com?id=curado-feminino-2-2026-09-15,https://images.unsplash.com/photo-1551958219-acbc608c6d77?q=80&w=600&auto=format&fit=crop
2026-09-15T21:36:07.766Z,2026-09-15T21:36:07.760Z,Fortaleza Feminino goleia e assume a ponta do Brasileirão A1,As Leoas venceram o clássico com autoridade por 4 a 1 e continuam invictas na competição nacional de futebol feminino.,Ceará Esportes,https://www.gazetaesportiva.com?id=curado-feminino-0-2026-09-15,https://images.unsplash.com/photo-1543351611-58f69d7c1781?q=80&w=600&auto=format&fit=crop
2026-09-15T21:36:07.766Z,2026-09-15T18:36:07.760Z,Sport Feminino atrai público recorde na Arena de Pernambuco,Mais de 15 mil torcedores empurraram as Leoas na vitória histórica contra o Bahia. Um novo marco para o esporte feminino no Nordeste.,Pernambuco Press,https://www.gazetaesportiva.com?id=curado-feminino-1-2026-09-15,https://images.unsplash.com/photo-1560272564-c83b66b1ad12?q=80&w=600&auto=format&fit=crop
2026-09-15T21:36:07.766Z,2026-09-15T15:36:07.760Z,Bahia Feminino contrata dupla de ataque campeã sul-americana,O Tricolor de Aço se reforça visando a disputa do mata-mata do Brasileiro Feminino A2. Apresentação das novas atletas ocorre nesta segunda.,Salvador News,https://www.gazetaesportiva.com?id=curado-feminino-2-2026-09-15,https://images.unsplash.com/photo-1551958219-acbc608c6d77?q=80&w=600&auto=format&fit=crop
2026-09-15T23:56:55.494Z,2026-09-15T23:56:55.487Z,Fortaleza Feminino goleia e assume a ponta do Brasileirão A1,As Leoas venceram o clássico com autoridade por 4 a 1 e continuam invictas na competição nacional de futebol feminino.,Ceará Esportes,https://www.gazetaesportiva.com?id=curado-feminino-0-2026-09-15,https://images.unsplash.com/photo-1543351611-58f69d7c1781?q=80&w=600&auto=format&fit=crop
2026-09-15T23:56:55.494Z,2026-09-15T20:56:55.487Z,Sport Feminino atrai público recorde na Arena de Pernambuco,Mais de 15 mil torcedores empurraram as Leoas na vitória histórica contra o Bahia. Um novo marco para o esporte feminino no Nordeste.,Pernambuco Press,https://www.gazetaesportiva.com?id=curado-feminino-1-2026-09-15,https://images.unsplash.com/photo-1560272564-c83b66b1ad12?q=80&w=600&auto=format&fit=crop
2026-09-15T23:56:55.494Z,2026-09-15T17:56:55.487Z,Bahia Feminino contrata dupla de ataque campeã sul-americana,O Tricolor de Aço se reforça visando a disputa do mata-mata do Brasileiro Feminino A2. Apresentação das novas atletas ocorre nesta segunda.,Salvador News,https://www.gazetaesportiva.com?id=curado-feminino-2-2026-09-15,https://images.unsplash.com/photo-1551958219-acbc608c6d77?q=80&w=600&auto=format&fit=crop
2026-09-16T03:47:52.504Z,2026-09-16T03:47:52.495Z,Fortaleza Feminino goleia e assume a ponta do Brasileirão A1,As Leoas venceram o clássico com autoridade por 4 a 1 e continuam invictas na competição nacional de futebol feminino.,Ceará Esportes,https://www.gazetaesportiva.com?id=curado-feminino-0-2026-09-16,https://images.unsplash.com/photo-1543351611-58f69d7c1781?q=80&w=600&auto=format&fit=crop
2026-09-16T03:47:52.504Z,2026-09-16T02:48:18.000Z,Corinthians vence Bahia fora de casa e abre vantagem na semifinal do Brasileiro feminino,"O Corinthians largou na frente na semifinal do Campeonato Brasileiro Feminino. Nesta terça-feira, as Brabas venceram o Bahia por 1 a 0, na Arena Fonte Nova, em Salvador, pelo jogo ...",Gazeta Esportiva,https://www.gazetaesportiva.com/times/corinthians/corinthians-vence-bahia-fora-de-casa-e-abre-vantagem-na-semifinal-do-brasileiro-feminino/,https://static.gazetaesportiva.com/uploads/2026/09/WhatsApp-Image-2026-09-15-at-23.41.05.webp
2026-09-16T03:47:52.504Z,2026-09-16T00:47:52.495Z,Sport Feminino atrai público recorde na Arena de Pernambuco,Mais de 15 mil torcedores empurraram as Leoas na vitória histórica contra o Bahia. Um novo marco para o esporte feminino no Nordeste.,Pernambuco Press,https://www.gazetaesportiva.com?id=curado-feminino-1-2026-09-16,https://images.unsplash.com/photo-1560272564-c83b66b1ad12?q=80&w=600&auto=format&fit=crop
2026-09-16T03:47:52.504Z,2026-09-15T21:47:52.495Z,Bahia Feminino contrata dupla de ataque campeã sul-americana,O Tricolor de Aço se reforça visando a disputa do mata-mata do Brasileiro Feminino A2. Apresentação das novas atletas ocorre nesta segunda.,Salvador News,https://www.gazetaesportiva.com?id=curado-feminino-2-2026-09-15,https://images.unsplash.com/photo-1551958219-acbc608c6d77?q=80&w=600&auto=format&fit=crop
2026-09-16T09:02:25.178Z,2026-09-16T09:02:25.167Z,Fortaleza Feminino goleia e assume a ponta do Brasileirão A1,As Leoas venceram o clássico com autoridade por 4 a 1 e continuam invictas na competição nacional de futebol feminino.,Ceará Esportes,https://www.gazetaesportiva.com?id=curado-feminino-0-2026-09-16,https://images.unsplash.com/photo-1543351611-58f69d7c1781?q=80&w=600&auto=format&fit=crop
2026-09-16T09:02:25.178Z,2026-09-16T06:02:25.167Z,Sport Feminino atrai público recorde na Arena de Pernambuco,Mais de 15 mil torcedores empurraram as Leoas na vitória histórica contra o Bahia. Um novo marco para o esporte feminino no Nordeste.,Pernambuco Press,https://www.gazetaesportiva.com?id=curado-feminino-1-2026-09-16,https://images.unsplash.com/photo-1560272564-c83b66b1ad12?q=80&w=600&auto=format&fit=crop
2026-09-16T09:02:25.178Z,2026-09-16T03:02:25.167Z,Bahia Feminino contrata dupla de ataque campeã sul-americana,O Tricolor de Aço se reforça visando a disputa do mata-mata do Brasileiro Feminino A2. Apresentação das novas atletas ocorre nesta segunda.,Salvador News,https://www.gazetaesportiva.com?id=curado-feminino-2-2026-09-16,https://images.unsplash.com/photo-1551958219-acbc608c6d77?q=80&w=600&auto=format&fit=crop
2026-09-16T14:16:40.891Z,2026-09-16T14:16:40.880Z,Fortaleza Feminino goleia e assume a ponta do Brasileirão A1,As Leoas venceram o clássico com autoridade por 4 a 1 e continuam invictas na competição nacional de futebol feminino.,Ceará Esportes,https://www.gazetaesportiva.com?id=curado-feminino-0-2026-09-16,https://images.unsplash.com/photo-1543351611-58f69d7c1781?q=80&w=600&auto=format&fit=crop
2026-09-16T14:16:40.891Z,2026-09-16T11:16:40.880Z,Sport Feminino atrai público recorde na Arena de Pernambuco,Mais de 15 mil torcedores empurraram as Leoas na vitória histórica contra o Bahia. Um novo marco para o esporte feminino no Nordeste.,Pernambuco Press,https://www.gazetaesportiva.com?id=curado-feminino-1-2026-09-16,https://images.unsplash.com/photo-1560272564-c83b66b1ad12?q=80&w=600&auto=format&fit=crop
2026-09-16T14:16:40.891Z,2026-09-16T08:16:40.880Z,Bahia Feminino contrata dupla de ataque campeã sul-americana,O Tricolor de Aço se reforça visando a disputa do mata-mata do Brasileiro Feminino A2. Apresentação das novas atletas ocorre nesta segunda.,Salvador News,https://www.gazetaesportiva.com?id=curado-feminino-2-2026-09-16,https://images.unsplash.com/photo-1551958219-acbc608c6d77?q=80&w=600&auto=format&fit=crop
2026-09-16T18:17:35.356Z,2026-09-16T18:17:35.350Z,Fortaleza Feminino goleia e assume a ponta do Brasileirão A1,As Leoas venceram o clássico com autoridade por 4 a 1 e continuam invictas na competição nacional de futebol feminino.,Ceará Esportes,https://www.gazetaesportiva.com?id=curado-feminino-0-2026-09-16,https://images.unsplash.com/photo-1543351611-58f69d7c1781?q=80&w=600&auto=format&fit=crop
2026-09-16T18:17:35.356Z,2026-09-16T15:17:35.350Z,Sport Feminino atrai público recorde na Arena de Pernambuco,Mais de 15 mil torcedores empurraram as Leoas na vitória histórica contra o Bahia. Um novo marco para o esporte feminino no Nordeste.,Pernambuco Press,https://www.gazetaesportiva.com?id=curado-feminino-1-2026-09-16,https://images.unsplash.com/photo-1560272564-c83b66b1ad12?q=80&w=600&auto=format&fit=crop
2026-09-16T18:17:35.356Z,2026-09-16T12:17:35.350Z,Bahia Feminino contrata dupla de ataque campeã sul-americana,O Tricolor de Aço se reforça visando a disputa do mata-mata do Brasileiro Feminino A2. Apresentação das novas atletas ocorre nesta segunda.,Salvador News,https://www.gazetaesportiva.com?id=curado-feminino-2-2026-09-16,https://images.unsplash.com/photo-1551958219-acbc608c6d77?q=80&w=600&auto=format&fit=crop
2026-09-16T18:17:35.356Z,2026-09-16T02:48:18.000Z,Corinthians vence Bahia fora de casa e abre vantagem na semifinal do Brasileiro feminino,"O Corinthians largou na frente na semifinal do Campeonato Brasileiro Feminino. Nesta terça-feira, as Brabas venceram o Bahia por 1 a 0, na Arena Fonte Nova, em Salvador, pelo jogo ...",Gazeta Esportiva,https://www.gazetaesportiva.com/times/corinthians/corinthians-vence-bahia-fora-de-casa-e-abre-vantagem-na-semifinal-do-brasileiro-feminino/,https://static.gazetaesportiva.com/uploads/2026/09/WhatsApp-Image-2026-09-15-at-23.41.05.webp
2026-09-16T21:30:56.350Z,2026-09-16T21:30:56.344Z,Fortaleza Feminino goleia e assume a ponta do Brasileirão A1,As Leoas venceram o clássico com autoridade por 4 a 1 e continuam invictas na competição nacional de futebol feminino.,Ceará Esportes,https://www.gazetaesportiva.com?id=curado-feminino-0-2026-09-16,https://images.unsplash.com/photo-1543351611-58f69d7c1781?q=80&w=600&auto=format&fit=crop
2026-09-16T21:30:56.350Z,2026-09-16T18:30:56.344Z,Sport Feminino atrai público recorde na Arena de Pernambuco,Mais de 15 mil torcedores empurraram as Leoas na vitória histórica contra o Bahia. Um novo marco para o esporte feminino no Nordeste.,Pernambuco Press,https://www.gazetaesportiva.com?id=curado-feminino-1-2026-09-16,https://images.unsplash.com/photo-1560272564-c83b66b1ad12?q=80&w=600&auto=format&fit=crop
2026-09-16T21:30:56.350Z,2026-09-16T15:30:56.344Z,Bahia Feminino contrata dupla de ataque campeã sul-americana,O Tricolor de Aço se reforça visando a disputa do mata-mata do Brasileiro Feminino A2. Apresentação das novas atletas ocorre nesta segunda.,Salvador News,https://www.gazetaesportiva.com?id=curado-feminino-2-2026-09-16,https://images.unsplash.com/photo-1551958219-acbc608c6d77?q=80&w=600&auto=format&fit=crop
2026-09-17T00:03:02.421Z,2026-09-17T00:03:02.416Z,Fortaleza Feminino goleia e assume a ponta do Brasileirão A1,As Leoas venceram o clássico com autoridade por 4 a 1 e continuam invictas na competição nacional de futebol feminino.,Ceará Esportes,https://www.gazetaesportiva.com?id=curado-feminino-0-2026-09-17,https://images.unsplash.com/photo-1543351611-58f69d7c1781?q=80&w=600&auto=format&fit=crop
2026-09-17T00:03:02.421Z,2026-09-16T21:03:02.416Z,Sport Feminino atrai público recorde na Arena de Pernambuco,Mais de 15 mil torcedores empurraram as Leoas na vitória histórica contra o Bahia. Um novo marco para o esporte feminino no Nordeste.,Pernambuco Press,https://www.gazetaesportiva.com?id=curado-feminino-1-2026-09-16,https://images.unsplash.com/photo-1560272564-c83b66b1ad12?q=80&w=600&auto=format&fit=crop
2026-09-17T00:03:02.421Z,2026-09-16T18:03:02.416Z,Bahia Feminino contrata dupla de ataque campeã sul-americana,O Tricolor de Aço se reforça visando a disputa do mata-mata do Brasileiro Feminino A2. Apresentação das novas atletas ocorre nesta segunda.,Salvador News,https://www.gazetaesportiva.com?id=curado-feminino-2-2026-09-16,https://images.unsplash.com/photo-1551958219-acbc608c6d77?q=80&w=600&auto=format&fit=crop
2026-09-17T05:06:21.952Z,2026-09-17T05:06:21.943Z,Fortaleza Feminino goleia e assume a ponta do Brasileirão A1,As Leoas venceram o clássico com autoridade por 4 a 1 e continuam invictas na competição nacional de futebol feminino.,Ceará Esportes,https://www.gazetaesportiva.com?id=curado-feminino-0-2026-09-17,https://images.unsplash.com/photo-1543351611-58f69d7c1781?q=80&w=600&auto=format&fit=crop
2026-09-17T05:06:21.952Z,2026-09-17T02:06:21.943Z,Sport Feminino atrai público recorde na Arena de Pernambuco,Mais de 15 mil torcedores empurraram as Leoas na vitória histórica contra o Bahia. Um novo marco para o esporte feminino no Nordeste.,Pernambuco Press,https://www.gazetaesportiva.com?id=curado-feminino-1-2026-09-17,https://images.unsplash.com/photo-1560272564-c83b66b1ad12?q=80&w=600&auto=format&fit=crop
2026-09-17T05:06:21.952Z,2026-09-16T23:06:21.943Z,Bahia Feminino contrata dupla de ataque campeã sul-americana,O Tricolor de Aço se reforça visando a disputa do mata-mata do Brasileiro Feminino A2. Apresentação das novas atletas ocorre nesta segunda.,Salvador News,https://www.gazetaesportiva.com?id=curado-feminino-2-2026-09-16,https://images.unsplash.com/photo-1551958219-acbc608c6d77?q=80&w=600&auto=format&fit=crop
2026-09-17T10:14:57.082Z,2026-09-17T10:14:57.074Z,Fortaleza Feminino goleia e assume a ponta do Brasileirão A1,As Leoas venceram o clássico com autoridade por 4 a 1 e continuam invictas na competição nacional de futebol feminino.,Ceará Esportes,https://www.gazetaesportiva.com?id=curado-feminino-0-2026-09-17,https://images.unsplash.com/photo-1543351611-58f69d7c1781?q=80&w=600&auto=format&fit=crop
2026-09-17T10:14:57.082Z,2026-09-17T07:14:57.074Z,Sport Feminino atrai público recorde na Arena de Pernambuco,Mais de 15 mil torcedores empurraram as Leoas na vitória histórica contra o Bahia. Um novo marco para o esporte feminino no Nordeste.,Pernambuco Press,https://www.gazetaesportiva.com?id=curado-feminino-1-2026-09-17,https://images.unsplash.com/photo-1560272564-c83b66b1ad12?q=80&w=600&auto=format&fit=crop
2026-09-17T10:14:57.082Z,2026-09-17T04:14:57.074Z,Bahia Feminino contrata dupla de ataque campeã sul-americana,O Tricolor de Aço se reforça visando a disputa do mata-mata do Brasileiro Feminino A2. Apresentação das novas atletas ocorre nesta segunda.,Salvador News,https://www.gazetaesportiva.com?id=curado-feminino-2-2026-09-17,https://images.unsplash.com/photo-1551958219-acbc608c6d77?q=80&w=600&auto=format&fit=crop
2026-09-17T15:09:41.909Z,2026-09-17T15:09:41.902Z,Fortaleza Feminino goleia e assume a ponta do Brasileirão A1,As Leoas venceram o clássico com autoridade por 4 a 1 e continuam invictas na competição nacional de futebol feminino.,Ceará Esportes,https://www.gazetaesportiva.com?id=curado-feminino-0-2026-09-17,https://images.unsplash.com/photo-1543351611-58f69d7c1781?q=80&w=600&auto=format&fit=crop
2026-09-17T15:09:41.909Z,2026-09-17T12:09:41.902Z,Sport Feminino atrai público recorde na Arena de Pernambuco,Mais de 15 mil torcedores empurraram as Leoas na vitória histórica contra o Bahia. Um novo marco para o esporte feminino no Nordeste.,Pernambuco Press,https://www.gazetaesportiva.com?id=curado-feminino-1-2026-09-17,https://images.unsplash.com/photo-1560272564-c83b66b1ad12?q=80&w=600&auto=format&fit=crop
2026-09-17T15:09:41.909Z,2026-09-17T09:09:41.902Z,Bahia Feminino contrata dupla de ataque campeã sul-americana,O Tricolor de Aço se reforça visando a disputa do mata-mata do Brasileiro Feminino A2. Apresentação das novas atletas ocorre nesta segunda.,Salvador News,https://www.gazetaesportiva.com?id=curado-feminino-2-2026-09-17,https://images.unsplash.com/photo-1551958219-acbc608c6d77?q=80&w=600&auto=format&fit=crop
2026-09-17T19:09:22.265Z,2026-09-17T19:09:22.259Z,Fortaleza Feminino goleia e assume a ponta do Brasileirão A1,As Leoas venceram o clássico com autoridade por 4 a 1 e continuam invictas na competição nacional de futebol feminino.,Ceará Esportes,https://www.gazetaesportiva.com?id=curado-feminino-0-2026-09-17,https://images.unsplash.com/photo-1543351611-58f69d7c1781?q=80&w=600&auto=format&fit=crop
2026-09-17T19:09:22.265Z,2026-09-17T16:09:22.259Z,Sport Feminino atrai público recorde na Arena de Pernambuco,Mais de 15 mil torcedores empurraram as Leoas na vitória histórica contra o Bahia. Um novo marco para o esporte feminino no Nordeste.,Pernambuco Press,https://www.gazetaesportiva.com?id=curado-feminino-1-2026-09-17,https://images.unsplash.com/photo-1560272564-c83b66b1ad12?q=80&w=600&auto=format&fit=crop
2026-09-17T19:09:22.265Z,2026-09-17T13:09:22.259Z,Bahia Feminino contrata dupla de ataque campeã sul-americana,O Tricolor de Aço se reforça visando a disputa do mata-mata do Brasileiro Feminino A2. Apresentação das novas atletas ocorre nesta segunda.,Salvador News,https://www.gazetaesportiva.com?id=curado-feminino-2-2026-09-17,https://images.unsplash.com/photo-1551958219-acbc608c6d77?q=80&w=600&auto=format&fit=crop
2026-09-17T22:19:52.078Z,2026-09-17T22:19:52.071Z,Fortaleza Feminino goleia e assume a ponta do Brasileirão A1,As Leoas venceram o clássico com autoridade por 4 a 1 e continuam invictas na competição nacional de futebol feminino.,Ceará Esportes,https://www.gazetaesportiva.com?id=curado-feminino-0-2026-09-17,https://images.unsplash.com/photo-1543351611-58f69d7c1781?q=80&w=600&auto=format&fit=crop
2026-09-17T22:19:52.078Z,2026-09-17T19:19:52.071Z,Sport Feminino atrai público recorde na Arena de Pernambuco,Mais de 15 mil torcedores empurraram as Leoas na vitória histórica contra o Bahia. Um novo marco para o esporte feminino no Nordeste.,Pernambuco Press,https://www.gazetaesportiva.com?id=curado-feminino-1-2026-09-17,https://images.unsplash.com/photo-1560272564-c83b66b1ad12?q=80&w=600&auto=format&fit=crop
2026-09-17T22:19:52.078Z,2026-09-17T16:19:52.071Z,Bahia Feminino contrata dupla de ataque campeã sul-americana,O Tricolor de Aço se reforça visando a disputa do mata-mata do Brasileiro Feminino A2. Apresentação das novas atletas ocorre nesta segunda.,Salvador News,https://www.gazetaesportiva.com?id=curado-feminino-2-2026-09-17,https://images.unsplash.com/photo-1551958219-acbc608c6d77?q=80&w=600&auto=format&fit=crop
2026-09-18T00:35:51.482Z,2026-09-18T00:35:51.475Z,Fortaleza Feminino goleia e assume a ponta do Brasileirão A1,As Leoas venceram o clássico com autoridade por 4 a 1 e continuam invictas na competição nacional de futebol feminino.,Ceará Esportes,https://www.gazetaesportiva.com?id=curado-feminino-0-2026-09-18,https://images.unsplash.com/photo-1543351611-58f69d7c1781?q=80&w=600&auto=format&fit=crop
2026-09-18T00:35:51.482Z,2026-09-17T21:35:51.475Z,Sport Feminino atrai público recorde na Arena de Pernambuco,Mais de 15 mil torcedores empurraram as Leoas na vitória histórica contra o Bahia. Um novo marco para o esporte feminino no Nordeste.,Pernambuco Press,https://www.gazetaesportiva.com?id=curado-feminino-1-2026-09-17,https://images.unsplash.com/photo-1560272564-c83b66b1ad12?q=80&w=600&auto=format&fit=crop
2026-09-18T00:35:51.482Z,2026-09-17T18:35:51.475Z,Bahia Feminino contrata dupla de ataque campeã sul-americana,O Tricolor de Aço se reforça visando a disputa do mata-mata do Brasileiro Feminino A2. Apresentação das novas atletas ocorre nesta segunda.,Salvador News,https://www.gazetaesportiva.com?id=curado-feminino-2-2026-09-17,https://images.unsplash.com/photo-1551958219-acbc608c6d77?q=80&w=600&auto=format&fit=crop
2026-09-18T05:31:29.383Z,2026-09-18T05:31:29.375Z,Fortaleza Feminino goleia e assume a ponta do Brasileirão A1,As Leoas venceram o clássico com autoridade por 4 a 1 e continuam invictas na competição nacional de futebol feminino.,Ceará Esportes,https://www.gazetaesportiva.com?id=curado-feminino-0-2026-09-18,https://images.unsplash.com/photo-1543351611-58f69d7c1781?q=80&w=600&auto=format&fit=crop
2026-09-18T05:31:29.383Z,2026-09-18T02:31:29.375Z,Sport Feminino atrai público recorde na Arena de Pernambuco,Mais de 15 mil torcedores empurraram as Leoas na vitória histórica contra o Bahia. Um novo marco para o esporte feminino no Nordeste.,Pernambuco Press,https://www.gazetaesportiva.com?id=curado-feminino-1-2026-09-18,https://images.unsplash.com/photo-1560272564-c83b66b1ad12?q=80&w=600&auto=format&fit=crop
2026-09-18T05:31:29.383Z,2026-09-17T23:31:29.375Z,Bahia Feminino contrata dupla de ataque campeã sul-americana,O Tricolor de Aço se reforça visando a disputa do mata-mata do Brasileiro Feminino A2. Apresentação das novas atletas ocorre nesta segunda.,Salvador News,https://www.gazetaesportiva.com?id=curado-feminino-2-2026-09-17,https://images.unsplash.com/photo-1551958219-acbc608c6d77?q=80&w=600&auto=format&fit=crop
2026-09-18T10:30:52.321Z,2026-09-18T10:30:52.314Z,Fortaleza Feminino goleia e assume a ponta do Brasileirão A1,As Leoas venceram o clássico com autoridade por 4 a 1 e continuam invictas na competição nacional de futebol feminino.,Ceará Esportes,https://www.gazetaesportiva.com?id=curado-feminino-0-2026-09-18,https://images.unsplash.com/photo-1543351611-58f69d7c1781?q=80&w=600&auto=format&fit=crop
2026-09-18T10:30:52.321Z,2026-09-18T07:30:52.314Z,Sport Feminino atrai público recorde na Arena de Pernambuco,Mais de 15 mil torcedores empurraram as Leoas na vitória histórica contra o Bahia. Um novo marco para o esporte feminino no Nordeste.,Pernambuco Press,https://www.gazetaesportiva.com?id=curado-feminino-1-2026-09-18,https://images.unsplash.com/photo-1560272564-c83b66b1ad12?q=80&w=600&auto=format&fit=crop
2026-09-18T10:30:52.321Z,2026-09-18T04:30:52.314Z,Bahia Feminino contrata dupla de ataque campeã sul-americana,O Tricolor de Aço se reforça visando a disputa do mata-mata do Brasileiro Feminino A2. Apresentação das novas atletas ocorre nesta segunda.,Salvador News,https://www.gazetaesportiva.com?id=curado-feminino-2-2026-09-18,https://images.unsplash.com/photo-1551958219-acbc608c6d77?q=80&w=600&auto=format&fit=crop
2026-09-18T14:45:34.966Z,2026-09-18T14:45:34.961Z,Fortaleza Feminino goleia e assume a ponta do Brasileirão A1,As Leoas venceram o clássico com autoridade por 4 a 1 e continuam invictas na competição nacional de futebol feminino.,Ceará Esportes,https://www.gazetaesportiva.com?id=curado-feminino-0-2026-09-18,https://images.unsplash.com/photo-1543351611-58f69d7c1781?q=80&w=600&auto=format&fit=crop
2026-09-18T14:45:34.966Z,2026-09-18T11:45:34.961Z,Sport Feminino atrai público recorde na Arena de Pernambuco,Mais de 15 mil torcedores empurraram as Leoas na vitória histórica contra o Bahia. Um novo marco para o esporte feminino no Nordeste.,Pernambuco Press,https://www.gazetaesportiva.com?id=curado-feminino-1-2026-09-18,https://images.unsplash.com/photo-1560272564-c83b66b1ad12?q=80&w=600&auto=format&fit=crop
2026-09-18T14:45:34.966Z,2026-09-18T08:45:34.961Z,Bahia Feminino contrata dupla de ataque campeã sul-americana,O Tricolor de Aço se reforça visando a disputa do mata-mata do Brasileiro Feminino A2. Apresentação das novas atletas ocorre nesta segunda.,Salvador News,https://www.gazetaesportiva.com?id=curado-feminino-2-2026-09-18,https://images.unsplash.com/photo-1551958219-acbc608c6d77?q=80&w=600&auto=format&fit=crop
2026-09-18T18:03:03.166Z,2026-09-18T18:03:03.162Z,Fortaleza Feminino goleia e assume a ponta do Brasileirão A1,As Leoas venceram o clássico com autoridade por 4 a 1 e continuam invictas na competição nacional de futebol feminino.,Ceará Esportes,https://www.gazetaesportiva.com?id=curado-feminino-0-2026-09-18,https://images.unsplash.com/photo-1543351611-58f69d7c1781?q=80&w=600&auto=format&fit=crop
2026-09-18T18:03:03.166Z,2026-09-18T15:03:03.162Z,Sport Feminino atrai público recorde na Arena de Pernambuco,Mais de 15 mil torcedores empurraram as Leoas na vitória histórica contra o Bahia. Um novo marco para o esporte feminino no Nordeste.,Pernambuco Press,https://www.gazetaesportiva.com?id=curado-feminino-1-2026-09-18,https://images.unsplash.com/photo-1560272564-c83b66b1ad12?q=80&w=600&auto=format&fit=crop
2026-09-18T18:03:03.166Z,2026-09-18T12:03:03.162Z,Bahia Feminino contrata dupla de ataque campeã sul-americana,O Tricolor de Aço se reforça visando a disputa do mata-mata do Brasileiro Feminino A2. Apresentação das novas atletas ocorre nesta segunda.,Salvador News,https://www.gazetaesportiva.com?id=curado-feminino-2-2026-09-18,https://images.unsplash.com/photo-1551958219-acbc608c6d77?q=80&w=600&auto=format&fit=crop
2026-09-18T21:05:39.691Z,2026-09-18T21:05:39.684Z,Fortaleza Feminino goleia e assume a ponta do Brasileirão A1,As Leoas venceram o clássico com autoridade por 4 a 1 e continuam invictas na competição nacional de futebol feminino.,Ceará Esportes,https://www.gazetaesportiva.com?id=curado-feminino-0-2026-09-18,https://images.unsplash.com/photo-1543351611-58f69d7c1781?q=80&w=600&auto=format&fit=crop
2026-09-18T21:05:39.691Z,2026-09-18T18:05:39.684Z,Sport Feminino atrai público recorde na Arena de Pernambuco,Mais de 15 mil torcedores empurraram as Leoas na vitória histórica contra o Bahia. Um novo marco para o esporte feminino no Nordeste.,Pernambuco Press,https://www.gazetaesportiva.com?id=curado-feminino-1-2026-09-18,https://images.unsplash.com/photo-1560272564-c83b66b1ad12?q=80&w=600&auto=format&fit=crop
2026-09-18T21:05:39.691Z,2026-09-18T15:05:39.684Z,Bahia Feminino contrata dupla de ataque campeã sul-americana,O Tricolor de Aço se reforça visando a disputa do mata-mata do Brasileiro Feminino A2. Apresentação das novas atletas ocorre nesta segunda.,Salvador News,https://www.gazetaesportiva.com?id=curado-feminino-2-2026-09-18,https://images.unsplash.com/photo-1551958219-acbc608c6d77?q=80&w=600&auto=format&fit=crop
2026-09-18T23:27:25.057Z,2026-09-18T23:27:25.046Z,Fortaleza Feminino goleia e assume a ponta do Brasileirão A1,As Leoas venceram o clássico com autoridade por 4 a 1 e continuam invictas na competição nacional de futebol feminino.,Ceará Esportes,https://www.gazetaesportiva.com?id=curado-feminino-0-2026-09-18,https://images.unsplash.com/photo-1543351611-58f69d7c1781?q=80&w=600&auto=format&fit=crop
2026-09-18T23:27:25.057Z,2026-09-18T20:27:25.046Z,Sport Feminino atrai público recorde na Arena de Pernambuco,Mais de 15 mil torcedores empurraram as Leoas na vitória histórica contra o Bahia. Um novo marco para o esporte feminino no Nordeste.,Pernambuco Press,https://www.gazetaesportiva.com?id=curado-feminino-1-2026-09-18,https://images.unsplash.com/photo-1560272564-c83b66b1ad12?q=80&w=600&auto=format&fit=crop
2026-09-18T23:27:25.057Z,2026-09-18T17:27:25.046Z,Bahia Feminino contrata dupla de ataque campeã sul-americana,O Tricolor de Aço se reforça visando a disputa do mata-mata do Brasileiro Feminino A2. Apresentação das novas atletas ocorre nesta segunda.,Salvador News,https://www.gazetaesportiva.com?id=curado-feminino-2-2026-09-18,https://images.unsplash.com/photo-1551958219-acbc608c6d77?q=80&w=600&auto=format&fit=crop
2026-09-19T01:26:50.969Z,2026-09-19T01:26:50.958Z,Fortaleza Feminino goleia e assume a ponta do Brasileirão A1,As Leoas venceram o clássico com autoridade por 4 a 1 e continuam invictas na competição nacional de futebol feminino.,Ceará Esportes,https://www.gazetaesportiva.com?id=curado-feminino-0-2026-09-19,https://images.unsplash.com/photo-1543351611-58f69d7c1781?q=80&w=600&auto=format&fit=crop
2026-09-19T01:26:50.969Z,2026-09-18T22:26:50.958Z,Sport Feminino atrai público recorde na Arena de Pernambuco,Mais de 15 mil torcedores empurraram as Leoas na vitória histórica contra o Bahia. Um novo marco para o esporte feminino no Nordeste.,Pernambuco Press,https://www.gazetaesportiva.com?id=curado-feminino-1-2026-09-18,https://images.unsplash.com/photo-1560272564-c83b66b1ad12?q=80&w=600&auto=format&fit=crop
2026-09-19T01:26:50.969Z,2026-09-18T19:26:50.958Z,Bahia Feminino contrata dupla de ataque campeã sul-americana,O Tricolor de Aço se reforça visando a disputa do mata-mata do Brasileiro Feminino A2. Apresentação das novas atletas ocorre nesta segunda.,Salvador News,https://www.gazetaesportiva.com?id=curado-feminino-2-2026-09-18,https://images.unsplash.com/photo-1551958219-acbc608c6d77?q=80&w=600&auto=format&fit=crop
2026-09-19T06:20:23.404Z,2026-09-19T06:20:23.400Z,Fortaleza Feminino goleia e assume a ponta do Brasileirão A1,As Leoas venceram o clássico com autoridade por 4 a 1 e continuam invictas na competição nacional de futebol feminino.,Ceará Esportes,https://www.gazetaesportiva.com?id=curado-feminino-0-2026-09-19,https://images.unsplash.com/photo-1543351611-58f69d7c1781?q=80&w=600&auto=format&fit=crop
2026-09-19T06:20:23.404Z,2026-09-19T03:20:23.400Z,Sport Feminino atrai público recorde na Arena de Pernambuco,Mais de 15 mil torcedores empurraram as Leoas na vitória histórica contra o Bahia. Um novo marco para o esporte feminino no Nordeste.,Pernambuco Press,https://www.gazetaesportiva.com?id=curado-feminino-1-2026-09-19,https://images.unsplash.com/photo-1560272564-c83b66b1ad12?q=80&w=600&auto=format&fit=crop
2026-09-19T06:20:23.404Z,2026-09-19T00:20:23.400Z,Bahia Feminino contrata dupla de ataque campeã sul-americana,O Tricolor de Aço se reforça visando a disputa do mata-mata do Brasileiro Feminino A2. Apresentação das novas atletas ocorre nesta segunda.,Salvador News,https://www.gazetaesportiva.com?id=curado-feminino-2-2026-09-19,https://images.unsplash.com/photo-1551958219-acbc608c6d77?q=80&w=600&auto=format&fit=crop
2026-09-19T11:19:16.410Z,2026-09-19T11:19:16.399Z,Fortaleza Feminino goleia e assume a ponta do Brasileirão A1,As Leoas venceram o clássico com autoridade por 4 a 1 e continuam invictas na competição nacional de futebol feminino.,Ceará Esportes,https://www.gazetaesportiva.com?id=curado-feminino-0-2026-09-19,https://images.unsplash.com/photo-1543351611-58f69d7c1781?q=80&w=600&auto=format&fit=crop
2026-09-19T11:19:16.410Z,2026-09-19T08:19:16.399Z,Sport Feminino atrai público recorde na Arena de Pernambuco,Mais de 15 mil torcedores empurraram as Leoas na vitória histórica contra o Bahia. Um novo marco para o esporte feminino no Nordeste.,Pernambuco Press,https://www.gazetaesportiva.com?id=curado-feminino-1-2026-09-19,https://images.unsplash.com/photo-1560272564-c83b66b1ad12?q=80&w=600&auto=format&fit=crop
2026-09-19T11:19:16.410Z,2026-09-19T05:19:16.399Z,Bahia Feminino contrata dupla de ataque campeã sul-americana,O Tricolor de Aço se reforça visando a disputa do mata-mata do Brasileiro Feminino A2. Apresentação das novas atletas ocorre nesta segunda.,Salvador News,https://www.gazetaesportiva.com?id=curado-feminino-2-2026-09-19,https://images.unsplash.com/photo-1551958219-acbc608c6d77?q=80&w=600&auto=format&fit=crop
2026-09-19T14:37:04.131Z,2026-09-19T14:37:04.124Z,Fortaleza Feminino goleia e assume a ponta do Brasileirão A1,As Leoas venceram o clássico com autoridade por 4 a 1 e continuam invictas na competição nacional de futebol feminino.,Ceará Esportes,https://www.gazetaesportiva.com?id=curado-feminino-0-2026-09-19,https://images.unsplash.com/photo-1543351611-58f69d7c1781?q=80&w=600&auto=format&fit=crop
2026-09-19T14:37:04.131Z,2026-09-19T11:37:04.124Z,Sport Feminino atrai público recorde na Arena de Pernambuco,Mais de 15 mil torcedores empurraram as Leoas na vitória histórica contra o Bahia. Um novo marco para o esporte feminino no Nordeste.,Pernambuco Press,https://www.gazetaesportiva.com?id=curado-feminino-1-2026-09-19,https://images.unsplash.com/photo-1560272564-c83b66b1ad12?q=80&w=600&auto=format&fit=crop
2026-09-19T14:37:04.131Z,2026-09-19T08:37:04.124Z,Bahia Feminino contrata dupla de ataque campeã sul-americana,O Tricolor de Aço se reforça visando a disputa do mata-mata do Brasileiro Feminino A2. Apresentação das novas atletas ocorre nesta segunda.,Salvador News,https://www.gazetaesportiva.com?id=curado-feminino-2-2026-09-19,https://images.unsplash.com/photo-1551958219-acbc608c6d77?q=80&w=600&auto=format&fit=crop
2026-09-19T17:44:43.577Z,2026-09-19T17:44:43.572Z,Fortaleza Feminino goleia e assume a ponta do Brasileirão A1,As Leoas venceram o clássico com autoridade por 4 a 1 e continuam invictas na competição nacional de futebol feminino.,Ceará Esportes,https://www.gazetaesportiva.com?id=curado-feminino-0-2026-09-19,https://images.unsplash.com/photo-1543351611-58f69d7c1781?q=80&w=600&auto=format&fit=crop
2026-09-19T17:44:43.577Z,2026-09-19T14:44:43.572Z,Sport Feminino atrai público recorde na Arena de Pernambuco,Mais de 15 mil torcedores empurraram as Leoas na vitória histórica contra o Bahia. Um novo marco para o esporte feminino no Nordeste.,Pernambuco Press,https://www.gazetaesportiva.com?id=curado-feminino-1-2026-09-19,https://images.unsplash.com/photo-1560272564-c83b66b1ad12?q=80&w=600&auto=format&fit=crop
2026-09-19T17:44:43.577Z,2026-09-19T11:44:43.572Z,Bahia Feminino contrata dupla de ataque campeã sul-americana,O Tricolor de Aço se reforça visando a disputa do mata-mata do Brasileiro Feminino A2. Apresentação das novas atletas ocorre nesta segunda.,Salvador News,https://www.gazetaesportiva.com?id=curado-feminino-2-2026-09-19,https://images.unsplash.com/photo-1551958219-acbc608c6d77?q=80&w=600&auto=format&fit=crop
2026-09-19T19:59:53.684Z,2026-09-19T19:59:53.674Z,Fortaleza Feminino goleia e assume a ponta do Brasileirão A1,As Leoas venceram o clássico com autoridade por 4 a 1 e continuam invictas na competição nacional de futebol feminino.,Ceará Esportes,https://www.gazetaesportiva.com?id=curado-feminino-0-2026-09-19,https://images.unsplash.com/photo-1543351611-58f69d7c1781?q=80&w=600&auto=format&fit=crop
2026-09-19T19:59:53.684Z,2026-09-19T16:59:53.674Z,Sport Feminino atrai público recorde na Arena de Pernambuco,Mais de 15 mil torcedores empurraram as Leoas na vitória histórica contra o Bahia. Um novo marco para o esporte feminino no Nordeste.,Pernambuco Press,https://www.gazetaesportiva.com?id=curado-feminino-1-2026-09-19,https://images.unsplash.com/photo-1560272564-c83b66b1ad12?q=80&w=600&auto=format&fit=crop
2026-09-19T19:59:53.684Z,2026-09-19T13:59:53.674Z,Bahia Feminino contrata dupla de ataque campeã sul-americana,O Tricolor de Aço se reforça visando a disputa do mata-mata do Brasileiro Feminino A2. Apresentação das novas atletas ocorre nesta segunda.,Salvador News,https://www.gazetaesportiva.com?id=curado-feminino-2-2026-09-19,https://images.unsplash.com/photo-1551958219-acbc608c6d77?q=80&w=600&auto=format&fit=crop
2026-09-19T22:17:51.035Z,2026-09-19T22:17:51.028Z,Fortaleza Feminino goleia e assume a ponta do Brasileirão A1,As Leoas venceram o clássico com autoridade por 4 a 1 e continuam invictas na competição nacional de futebol feminino.,Ceará Esportes,https://www.gazetaesportiva.com?id=curado-feminino-0-2026-09-19,https://images.unsplash.com/photo-1543351611-58f69d7c1781?q=80&w=600&auto=format&fit=crop
2026-09-19T22:17:51.035Z,2026-09-19T19:17:51.028Z,Sport Feminino atrai público recorde na Arena de Pernambuco,Mais de 15 mil torcedores empurraram as Leoas na vitória histórica contra o Bahia. Um novo marco para o esporte feminino no Nordeste.,Pernambuco Press,https://www.gazetaesportiva.com?id=curado-feminino-1-2026-09-19,https://images.unsplash.com/photo-1560272564-c83b66b1ad12?q=80&w=600&auto=format&fit=crop
2026-09-19T22:17:51.035Z,2026-09-19T16:17:51.028Z,Bahia Feminino contrata dupla de ataque campeã sul-americana,O Tricolor de Aço se reforça visando a disputa do mata-mata do Brasileiro Feminino A2. Apresentação das novas atletas ocorre nesta segunda.,Salvador News,https://www.gazetaesportiva.com?id=curado-feminino-2-2026-09-19,https://images.unsplash.com/photo-1551958219-acbc608c6d77?q=80&w=600&auto=format&fit=crop
2026-09-20T00:14:00.987Z,2026-09-20T00:14:00.982Z,Fortaleza Feminino goleia e assume a ponta do Brasileirão A1,As Leoas venceram o clássico com autoridade por 4 a 1 e continuam invictas na competição nacional de futebol feminino.,Ceará Esportes,https://www.gazetaesportiva.com?id=curado-feminino-0-2026-09-20,https://images.unsplash.com/photo-1543351611-58f69d7c1781?q=80&w=600&auto=format&fit=crop
2026-09-20T00:14:00.987Z,2026-09-19T21:14:00.982Z,Sport Feminino atrai público recorde na Arena de Pernambuco,Mais de 15 mil torcedores empurraram as Leoas na vitória histórica contra o Bahia. Um novo marco para o esporte feminino no Nordeste.,Pernambuco Press,https://www.gazetaesportiva.com?id=curado-feminino-1-2026-09-19,https://images.unsplash.com/photo-1560272564-c83b66b1ad12?q=80&w=600&auto=format&fit=crop
2026-09-20T00:14:00.987Z,2026-09-19T18:14:00.982Z,Bahia Feminino contrata dupla de ataque campeã sul-americana,O Tricolor de Aço se reforça visando a disputa do mata-mata do Brasileiro Feminino A2. Apresentação das novas atletas ocorre nesta segunda.,Salvador News,https://www.gazetaesportiva.com?id=curado-feminino-2-2026-09-19,https://images.unsplash.com/photo-1551958219-acbc608c6d77?q=80&w=600&auto=format&fit=crop
2026-09-20T05:09:58.914Z,2026-09-20T05:09:58.907Z,Fortaleza Feminino goleia e assume a ponta do Brasileirão A1,As Leoas venceram o clássico com autoridade por 4 a 1 e continuam invictas na competição nacional de futebol feminino.,Ceará Esportes,https://www.gazetaesportiva.com?id=curado-feminino-0-2026-09-20,https://images.unsplash.com/photo-1543351611-58f69d7c1781?q=80&w=600&auto=format&fit=crop
2026-09-20T05:09:58.914Z,2026-09-20T02:09:58.907Z,Sport Feminino atrai público recorde na Arena de Pernambuco,Mais de 15 mil torcedores empurraram as Leoas na vitória histórica contra o Bahia. Um novo marco para o esporte feminino no Nordeste.,Pernambuco Press,https://www.gazetaesportiva.com?id=curado-feminino-1-2026-09-20,https://images.unsplash.com/photo-1560272564-c83b66b1ad12?q=80&w=600&auto=format&fit=crop
2026-09-20T05:09:58.914Z,2026-09-19T23:09:58.907Z,Bahia Feminino contrata dupla de ataque campeã sul-americana,O Tricolor de Aço se reforça visando a disputa do mata-mata do Brasileiro Feminino A2. Apresentação das novas atletas ocorre nesta segunda.,Salvador News,https://www.gazetaesportiva.com?id=curado-feminino-2-2026-09-19,https://images.unsplash.com/photo-1551958219-acbc608c6d77?q=80&w=600&auto=format&fit=crop
2026-09-20T09:56:43.305Z,2026-09-20T09:56:43.293Z,Fortaleza Feminino goleia e assume a ponta do Brasileirão A1,As Leoas venceram o clássico com autoridade por 4 a 1 e continuam invictas na competição nacional de futebol feminino.,Ceará Esportes,https://www.gazetaesportiva.com?id=curado-feminino-0-2026-09-20,https://images.unsplash.com/photo-1543351611-58f69d7c1781?q=80&w=600&auto=format&fit=crop
2026-09-20T09:56:43.305Z,2026-09-20T06:56:43.293Z,Sport Feminino atrai público recorde na Arena de Pernambuco,Mais de 15 mil torcedores empurraram as Leoas na vitória histórica contra o Bahia. Um novo marco para o esporte feminino no Nordeste.,Pernambuco Press,https://www.gazetaesportiva.com?id=curado-feminino-1-2026-09-20,https://images.unsplash.com/photo-1560272564-c83b66b1ad12?q=80&w=600&auto=format&fit=crop
2026-09-20T09:56:43.305Z,2026-09-20T03:56:43.293Z,Bahia Feminino contrata dupla de ataque campeã sul-americana,O Tricolor de Aço se reforça visando a disputa do mata-mata do Brasileiro Feminino A2. Apresentação das novas atletas ocorre nesta segunda.,Salvador News,https://www.gazetaesportiva.com?id=curado-feminino-2-2026-09-20,https://images.unsplash.com/photo-1551958219-acbc608c6d77?q=80&w=600&auto=format&fit=crop
2026-09-20T13:58:49.503Z,2026-09-20T13:58:49.496Z,Fortaleza Feminino goleia e assume a ponta do Brasileirão A1,As Leoas venceram o clássico com autoridade por 4 a 1 e continuam invictas na competição nacional de futebol feminino.,Ceará Esportes,https://www.gazetaesportiva.com?id=curado-feminino-0-2026-09-20,https://images.unsplash.com/photo-1543351611-58f69d7c1781?q=80&w=600&auto=format&fit=crop
2026-09-20T13:58:49.503Z,2026-09-20T10:58:49.496Z,Sport Feminino atrai público recorde na Arena de Pernambuco,Mais de 15 mil torcedores empurraram as Leoas na vitória histórica contra o Bahia. Um novo marco para o esporte feminino no Nordeste.,Pernambuco Press,https://www.gazetaesportiva.com?id=curado-feminino-1-2026-09-20,https://images.unsplash.com/photo-1560272564-c83b66b1ad12?q=80&w=600&auto=format&fit=crop
2026-09-20T13:58:49.503Z,2026-09-20T07:58:49.496Z,Bahia Feminino contrata dupla de ataque campeã sul-americana,O Tricolor de Aço se reforça visando a disputa do mata-mata do Brasileiro Feminino A2. Apresentação das novas atletas ocorre nesta segunda.,Salvador News,https://www.gazetaesportiva.com?id=curado-feminino-2-2026-09-20,https://images.unsplash.com/photo-1551958219-acbc608c6d77?q=80&w=600&auto=format&fit=crop
2026-09-20T17:22:10.316Z,2026-09-20T17:22:10.308Z,Fortaleza Feminino goleia e assume a ponta do Brasileirão A1,As Leoas venceram o clássico com autoridade por 4 a 1 e continuam invictas na competição nacional de futebol feminino.,Ceará Esportes,https://www.gazetaesportiva.com?id=curado-feminino-0-2026-09-20,https://images.unsplash.com/photo-1543351611-58f69d7c1781?q=80&w=600&auto=format&fit=crop
2026-09-20T17:22:10.316Z,2026-09-20T14:22:10.308Z,Sport Feminino atrai público recorde na Arena de Pernambuco,Mais de 15 mil torcedores empurraram as Leoas na vitória histórica contra o Bahia. Um novo marco para o esporte feminino no Nordeste.,Pernambuco Press,https://www.gazetaesportiva.com?id=curado-feminino-1-2026-09-20,https://images.unsplash.com/photo-1560272564-c83b66b1ad12?q=80&w=600&auto=format&fit=crop
2026-09-20T17:22:10.316Z,2026-09-20T11:22:10.308Z,Bahia Feminino contrata dupla de ataque campeã sul-americana,O Tricolor de Aço se reforça visando a disputa do mata-mata do Brasileiro Feminino A2. Apresentação das novas atletas ocorre nesta segunda.,Salvador News,https://www.gazetaesportiva.com?id=curado-feminino-2-2026-09-20,https://images.unsplash.com/photo-1551958219-acbc608c6d77?q=80&w=600&auto=format&fit=crop
2026-09-20T19:37:24.128Z,2026-09-20T19:37:24.123Z,Fortaleza Feminino goleia e assume a ponta do Brasileirão A1,As Leoas venceram o clássico com autoridade por 4 a 1 e continuam invictas na competição nacional de futebol feminino.,Ceará Esportes,https://www.gazetaesportiva.com?id=curado-feminino-0-2026-09-20,https://images.unsplash.com/photo-1543351611-58f69d7c1781?q=80&w=600&auto=format&fit=crop
2026-09-20T19:37:24.128Z,2026-09-20T16:37:24.123Z,Sport Feminino atrai público recorde na Arena de Pernambuco,Mais de 15 mil torcedores empurraram as Leoas na vitória histórica contra o Bahia. Um novo marco para o esporte feminino no Nordeste.,Pernambuco Press,https://www.gazetaesportiva.com?id=curado-feminino-1-2026-09-20,https://images.unsplash.com/photo-1560272564-c83b66b1ad12?q=80&w=600&auto=format&fit=crop
2026-09-20T19:37:24.128Z,2026-09-20T13:37:24.123Z,Bahia Feminino contrata dupla de ataque campeã sul-americana,O Tricolor de Aço se reforça visando a disputa do mata-mata do Brasileiro Feminino A2. Apresentação das novas atletas ocorre nesta segunda.,Salvador News,https://www.gazetaesportiva.com?id=curado-feminino-2-2026-09-20,https://images.unsplash.com/photo-1551958219-acbc608c6d77?q=80&w=600&auto=format&fit=crop
2026-09-20T22:09:47.601Z,2026-09-20T22:09:47.595Z,Fortaleza Feminino goleia e assume a ponta do Brasileirão A1,As Leoas venceram o clássico com autoridade por 4 a 1 e continuam invictas na competição nacional de futebol feminino.,Ceará Esportes,https://www.gazetaesportiva.com?id=curado-feminino-0-2026-09-20,https://images.unsplash.com/photo-1543351611-58f69d7c1781?q=80&w=600&auto=format&fit=crop
2026-09-20T22:09:47.601Z,2026-09-20T19:09:47.595Z,Sport Feminino atrai público recorde na Arena de Pernambuco,Mais de 15 mil torcedores empurraram as Leoas na vitória histórica contra o Bahia. Um novo marco para o esporte feminino no Nordeste.,Pernambuco Press,https://www.gazetaesportiva.com?id=curado-feminino-1-2026-09-20,https://images.unsplash.com/photo-1560272564-c83b66b1ad12?q=80&w=600&auto=format&fit=crop
2026-09-20T22:09:47.601Z,2026-09-20T16:09:47.595Z,Bahia Feminino contrata dupla de ataque campeã sul-americana,O Tricolor de Aço se reforça visando a disputa do mata-mata do Brasileiro Feminino A2. Apresentação das novas atletas ocorre nesta segunda.,Salvador News,https://www.gazetaesportiva.com?id=curado-feminino-2-2026-09-20,https://images.unsplash.com/photo-1551958219-acbc608c6d77?q=80&w=600&auto=format&fit=crop
2026-09-21T00:23:36.416Z,2026-09-21T00:23:36.408Z,Fortaleza Feminino goleia e assume a ponta do Brasileirão A1,As Leoas venceram o clássico com autoridade por 4 a 1 e continuam invictas na competição nacional de futebol feminino.,Ceará Esportes,https://www.gazetaesportiva.com?id=curado-feminino-0-2026-09-21,https://images.unsplash.com/photo-1543351611-58f69d7c1781?q=80&w=600&auto=format&fit=crop
2026-09-21T00:23:36.416Z,2026-09-20T23:00:20.000Z,"Corinthians x Bahia: onde assistir, horário e prováveis escalações pelo Brasileirão Feminino","Corinthians e Bahia se enfrentam nesta segunda-feira, pelo jogo de volta da semifinal do Campeonato Brasileiro Feminino, na Neo Química Arena. O Timão venceu a ida por 1 a 0 e prec...",Gazeta Esportiva,https://www.gazetaesportiva.com/campeonatos/brasileirao-feminino/corinthians-x-bahia-brasileirao-feminino/,https://static.gazetaesportiva.com/uploads/2026/09/813525537_18407374432091171_6312286729264343493_n.webp
2026-09-21T00:23:36.416Z,2026-09-20T21:23:36.408Z,Sport Feminino atrai público recorde na Arena de Pernambuco,Mais de 15 mil torcedores empurraram as Leoas na vitória histórica contra o Bahia. Um novo marco para o esporte feminino no Nordeste.,Pernambuco Press,https://www.gazetaesportiva.com?id=curado-feminino-1-2026-09-20,https://images.unsplash.com/photo-1560272564-c83b66b1ad12?q=80&w=600&auto=format&fit=crop
2026-09-21T00:23:36.416Z,2026-09-20T18:23:36.408Z,Bahia Feminino contrata dupla de ataque campeã sul-americana,O Tricolor de Aço se reforça visando a disputa do mata-mata do Brasileiro Feminino A2. Apresentação das novas atletas ocorre nesta segunda.,Salvador News,https://www.gazetaesportiva.com?id=curado-feminino-2-2026-09-20,https://images.unsplash.com/photo-1551958219-acbc608c6d77?q=80&w=600&auto=format&fit=crop
2026-09-21T05:15:01.551Z,2026-09-21T05:15:01.540Z,Fortaleza Feminino goleia e assume a ponta do Brasileirão A1,As Leoas venceram o clássico com autoridade por 4 a 1 e continuam invictas na competição nacional de futebol feminino.,Ceará Esportes,https://www.gazetaesportiva.com?id=curado-feminino-0-2026-09-21,https://images.unsplash.com/photo-1543351611-58f69d7c1781?q=80&w=600&auto=format&fit=crop
2026-09-21T05:15:01.551Z,2026-09-21T02:15:01.540Z,Sport Feminino atrai público recorde na Arena de Pernambuco,Mais de 15 mil torcedores empurraram as Leoas na vitória histórica contra o Bahia. Um novo marco para o esporte feminino no Nordeste.,Pernambuco Press,https://www.gazetaesportiva.com?id=curado-feminino-1-2026-09-21,https://images.unsplash.com/photo-1560272564-c83b66b1ad12?q=80&w=600&auto=format&fit=crop
2026-09-21T05:15:01.551Z,2026-09-20T23:15:01.540Z,Bahia Feminino contrata dupla de ataque campeã sul-americana,O Tricolor de Aço se reforça visando a disputa do mata-mata do Brasileiro Feminino A2. Apresentação das novas atletas ocorre nesta segunda.,Salvador News,https://www.gazetaesportiva.com?id=curado-feminino-2-2026-09-20,https://images.unsplash.com/photo-1551958219-acbc608c6d77?q=80&w=600&auto=format&fit=crop
2026-09-21T05:15:01.551Z,2026-09-20T23:00:20.000Z,"Corinthians x Bahia: onde assistir, horário e prováveis escalações pelo Brasileirão Feminino","Corinthians e Bahia se enfrentam nesta segunda-feira, pelo jogo de volta da semifinal do Campeonato Brasileiro Feminino, na Neo Química Arena. O Timão venceu a ida por 1 a 0 e prec...",Gazeta Esportiva,https://www.gazetaesportiva.com/campeonatos/brasileirao-feminino/corinthians-x-bahia-brasileirao-feminino/,https://static.gazetaesportiva.com/uploads/2026/09/813525537_18407374432091171_6312286729264343493_n.webp
2026-09-21T10:56:48.274Z,2026-09-21T10:56:48.263Z,Fortaleza Feminino goleia e assume a ponta do Brasileirão A1,As Leoas venceram o clássico com autoridade por 4 a 1 e continuam invictas na competição nacional de futebol feminino.,Ceará Esportes,https://www.gazetaesportiva.com?id=curado-feminino-0-2026-09-21,https://images.unsplash.com/photo-1543351611-58f69d7c1781?q=80&w=600&auto=format&fit=crop
2026-09-21T10:56:48.274Z,2026-09-21T07:56:48.263Z,Sport Feminino atrai público recorde na Arena de Pernambuco,Mais de 15 mil torcedores empurraram as Leoas na vitória histórica contra o Bahia. Um novo marco para o esporte feminino no Nordeste.,Pernambuco Press,https://www.gazetaesportiva.com?id=curado-feminino-1-2026-09-21,https://images.unsplash.com/photo-1560272564-c83b66b1ad12?q=80&w=600&auto=format&fit=crop
2026-09-21T10:56:48.274Z,2026-09-21T04:56:48.263Z,Bahia Feminino contrata dupla de ataque campeã sul-americana,O Tricolor de Aço se reforça visando a disputa do mata-mata do Brasileiro Feminino A2. Apresentação das novas atletas ocorre nesta segunda.,Salvador News,https://www.gazetaesportiva.com?id=curado-feminino-2-2026-09-21,https://images.unsplash.com/photo-1551958219-acbc608c6d77?q=80&w=600&auto=format&fit=crop
2026-09-21T16:49:04.672Z,2026-09-21T16:49:04.661Z,Fortaleza Feminino goleia e assume a ponta do Brasileirão A1,As Leoas venceram o clássico com autoridade por 4 a 1 e continuam invictas na competição nacional de futebol feminino.,Ceará Esportes,https://www.gazetaesportiva.com?id=curado-feminino-0-2026-09-21,https://images.unsplash.com/photo-1543351611-58f69d7c1781?q=80&w=600&auto=format&fit=crop
2026-09-21T16:49:04.672Z,2026-09-21T13:49:04.661Z,Sport Feminino atrai público recorde na Arena de Pernambuco,Mais de 15 mil torcedores empurraram as Leoas na vitória histórica contra o Bahia. Um novo marco para o esporte feminino no Nordeste.,Pernambuco Press,https://www.gazetaesportiva.com?id=curado-feminino-1-2026-09-21,https://images.unsplash.com/photo-1560272564-c83b66b1ad12?q=80&w=600&auto=format&fit=crop
2026-09-21T16:49:04.672Z,2026-09-21T10:49:04.661Z,Bahia Feminino contrata dupla de ataque campeã sul-americana,O Tricolor de Aço se reforça visando a disputa do mata-mata do Brasileiro Feminino A2. Apresentação das novas atletas ocorre nesta segunda.,Salvador News,https://www.gazetaesportiva.com?id=curado-feminino-2-2026-09-21,https://images.unsplash.com/photo-1551958219-acbc608c6d77?q=80&w=600&auto=format&fit=crop
2026-09-21T20:45:38.723Z,2026-09-21T20:45:38.712Z,Fortaleza Feminino goleia e assume a ponta do Brasileirão A1,As Leoas venceram o clássico com autoridade por 4 a 1 e continuam invictas na competição nacional de futebol feminino.,Ceará Esportes,https://www.gazetaesportiva.com?id=curado-feminino-0-2026-09-21,https://images.unsplash.com/photo-1543351611-58f69d7c1781?q=80&w=600&auto=format&fit=crop
2026-09-21T20:45:38.723Z,2026-09-21T17:45:38.712Z,Sport Feminino atrai público recorde na Arena de Pernambuco,Mais de 15 mil torcedores empurraram as Leoas na vitória histórica contra o Bahia. Um novo marco para o esporte feminino no Nordeste.,Pernambuco Press,https://www.gazetaesportiva.com?id=curado-feminino-1-2026-09-21,https://images.unsplash.com/photo-1560272564-c83b66b1ad12?q=80&w=600&auto=format&fit=crop
2026-09-21T20:45:38.723Z,2026-09-21T14:45:38.712Z,Bahia Feminino contrata dupla de ataque campeã sul-americana,O Tricolor de Aço se reforça visando a disputa do mata-mata do Brasileiro Feminino A2. Apresentação das novas atletas ocorre nesta segunda.,Salvador News,https://www.gazetaesportiva.com?id=curado-feminino-2-2026-09-21,https://images.unsplash.com/photo-1551958219-acbc608c6d77?q=80&w=600&auto=format&fit=crop
2026-09-21T23:48:02.578Z,2026-09-21T23:48:02.568Z,Fortaleza Feminino goleia e assume a ponta do Brasileirão A1,As Leoas venceram o clássico com autoridade por 4 a 1 e continuam invictas na competição nacional de futebol feminino.,Ceará Esportes,https://www.gazetaesportiva.com?id=curado-feminino-0-2026-09-21,https://images.unsplash.com/photo-1543351611-58f69d7c1781?q=80&w=600&auto=format&fit=crop
2026-09-21T23:48:02.578Z,2026-09-21T20:48:02.568Z,Sport Feminino atrai público recorde na Arena de Pernambuco,Mais de 15 mil torcedores empurraram as Leoas na vitória histórica contra o Bahia. Um novo marco para o esporte feminino no Nordeste.,Pernambuco Press,https://www.gazetaesportiva.com?id=curado-feminino-1-2026-09-21,https://images.unsplash.com/photo-1560272564-c83b66b1ad12?q=80&w=600&auto=format&fit=crop
2026-09-21T23:48:02.578Z,2026-09-21T17:48:02.568Z,Bahia Feminino contrata dupla de ataque campeã sul-americana,O Tricolor de Aço se reforça visando a disputa do mata-mata do Brasileiro Feminino A2. Apresentação das novas atletas ocorre nesta segunda.,Salvador News,https://www.gazetaesportiva.com?id=curado-feminino-2-2026-09-21,https://images.unsplash.com/photo-1551958219-acbc608c6d77?q=80&w=600&auto=format&fit=crop
2026-09-22T03:11:05.328Z,2026-09-22T03:11:05.317Z,Fortaleza Feminino goleia e assume a ponta do Brasileirão A1,As Leoas venceram o clássico com autoridade por 4 a 1 e continuam invictas na competição nacional de futebol feminino.,Ceará Esportes,https://www.gazetaesportiva.com?id=curado-feminino-0-2026-09-22,https://images.unsplash.com/photo-1543351611-58f69d7c1781?q=80&w=600&auto=format&fit=crop
2026-09-22T03:11:05.328Z,2026-09-22T00:11:05.317Z,Sport Feminino atrai público recorde na Arena de Pernambuco,Mais de 15 mil torcedores empurraram as Leoas na vitória histórica contra o Bahia. Um novo marco para o esporte feminino no Nordeste.,Pernambuco Press,https://www.gazetaesportiva.com?id=curado-feminino-1-2026-09-22,https://images.unsplash.com/photo-1560272564-c83b66b1ad12?q=80&w=600&auto=format&fit=crop
2026-09-22T03:11:05.328Z,2026-09-21T21:11:05.317Z,Bahia Feminino contrata dupla de ataque campeã sul-americana,O Tricolor de Aço se reforça visando a disputa do mata-mata do Brasileiro Feminino A2. Apresentação das novas atletas ocorre nesta segunda.,Salvador News,https://www.gazetaesportiva.com?id=curado-feminino-2-2026-09-21,https://images.unsplash.com/photo-1551958219-acbc608c6d77?q=80&w=600&auto=format&fit=crop
2026-09-22T08:43:08.882Z,2026-09-22T08:43:08.873Z,Fortaleza Feminino goleia e assume a ponta do Brasileirão A1,As Leoas venceram o clássico com autoridade por 4 a 1 e continuam invictas na competição nacional de futebol feminino.,Ceará Esportes,https://www.gazetaesportiva.com?id=curado-feminino-0-2026-09-22,https://images.unsplash.com/photo-1543351611-58f69d7c1781?q=80&w=600&auto=format&fit=crop
2026-09-22T08:43:08.882Z,2026-09-22T05:43:08.873Z,Sport Feminino atrai público recorde na Arena de Pernambuco,Mais de 15 mil torcedores empurraram as Leoas na vitória histórica contra o Bahia. Um novo marco para o esporte feminino no Nordeste.,Pernambuco Press,https://www.gazetaesportiva.com?id=curado-feminino-1-2026-09-22,https://images.unsplash.com/photo-1560272564-c83b66b1ad12?q=80&w=600&auto=format&fit=crop
2026-09-22T08:43:08.882Z,2026-09-22T02:43:08.873Z,Bahia Feminino contrata dupla de ataque campeã sul-americana,O Tricolor de Aço se reforça visando a disputa do mata-mata do Brasileiro Feminino A2. Apresentação das novas atletas ocorre nesta segunda.,Salvador News,https://www.gazetaesportiva.com?id=curado-feminino-2-2026-09-22,https://images.unsplash.com/photo-1551958219-acbc608c6d77?q=80&w=600&auto=format&fit=crop
2026-09-22T08:43:08.882Z,2026-09-22T02:37:43.000Z,"Com uma a menos, Corinthians vence o Bahia e vai à final do Brasileiro feminino","Mesmo com a expulsão de Thais Regina ainda no primeiro tempo, o Corinthians bateu o Bahia e garantiu vaga na final do Brasileirão Feminino contra o São Paulo.
O post Com uma a meno...",Gazeta Esportiva,https://www.gazetaesportiva.com/times/corinthians/siga-o-placar-ao-vivo-de-corinthians-x-bahia-pelo-brasileirao-feminino/,https://static.gazetaesportiva.com/uploads/2026/09/imagem_2026-09-21_232130771.webp
2026-09-22T13:52:26.090Z,2026-09-22T13:52:26.079Z,Fortaleza Feminino goleia e assume a ponta do Brasileirão A1,As Leoas venceram o clássico com autoridade por 4 a 1 e continuam invictas na competição nacional de futebol feminino.,Ceará Esportes,https://www.gazetaesportiva.com?id=curado-feminino-0-2026-09-22,https://images.unsplash.com/photo-1543351611-58f69d7c1781?q=80&w=600&auto=format&fit=crop
2026-09-22T13:52:26.090Z,2026-09-22T10:52:26.079Z,Sport Feminino atrai público recorde na Arena de Pernambuco,Mais de 15 mil torcedores empurraram as Leoas na vitória histórica contra o Bahia. Um novo marco para o esporte feminino no Nordeste.,Pernambuco Press,https://www.gazetaesportiva.com?id=curado-feminino-1-2026-09-22,https://images.unsplash.com/photo-1560272564-c83b66b1ad12?q=80&w=600&auto=format&fit=crop
2026-09-22T13:52:26.090Z,2026-09-22T07:52:26.079Z,Bahia Feminino contrata dupla de ataque campeã sul-americana,O Tricolor de Aço se reforça visando a disputa do mata-mata do Brasileiro Feminino A2. Apresentação das novas atletas ocorre nesta segunda.,Salvador News,https://www.gazetaesportiva.com?id=curado-feminino-2-2026-09-22,https://images.unsplash.com/photo-1551958219-acbc608c6d77?q=80&w=600&auto=format&fit=crop
2026-09-22T17:54:51.836Z,2026-09-22T17:54:51.828Z,Fortaleza Feminino goleia e assume a ponta do Brasileirão A1,As Leoas venceram o clássico com autoridade por 4 a 1 e continuam invictas na competição nacional de futebol feminino.,Ceará Esportes,https://www.gazetaesportiva.com?id=curado-feminino-0-2026-09-22,https://images.unsplash.com/photo-1543351611-58f69d7c1781?q=80&w=600&auto=format&fit=crop
2026-09-22T17:54:51.836Z,2026-09-22T14:54:51.828Z,Sport Feminino atrai público recorde na Arena de Pernambuco,Mais de 15 mil torcedores empurraram as Leoas na vitória histórica contra o Bahia. Um novo marco para o esporte feminino no Nordeste.,Pernambuco Press,https://www.gazetaesportiva.com?id=curado-feminino-1-2026-09-22,https://images.unsplash.com/photo-1560272564-c83b66b1ad12?q=80&w=600&auto=format&fit=crop
2026-09-22T17:54:51.836Z,2026-09-22T11:54:51.828Z,Bahia Feminino contrata dupla de ataque campeã sul-americana,O Tricolor de Aço se reforça visando a disputa do mata-mata do Brasileiro Feminino A2. Apresentação das novas atletas ocorre nesta segunda.,Salvador News,https://www.gazetaesportiva.com?id=curado-feminino-2-2026-09-22,https://images.unsplash.com/photo-1551958219-acbc608c6d77?q=80&w=600&auto=format&fit=crop
2026-09-22T20:51:01.011Z,2026-09-22T20:51:01.004Z,Fortaleza Feminino goleia e assume a ponta do Brasileirão A1,As Leoas venceram o clássico com autoridade por 4 a 1 e continuam invictas na competição nacional de futebol feminino.,Ceará Esportes,https://www.gazetaesportiva.com?id=curado-feminino-0-2026-09-22,https://images.unsplash.com/photo-1543351611-58f69d7c1781?q=80&w=600&auto=format&fit=crop
2026-09-22T20:51:01.011Z,2026-09-22T19:28:11.000Z,Arthur Elias convoca Seleção Feminina para amistosos contra Argentina,"O técnico da Seleção Feminina, Arthur Elias, convocou 28 atletas para os jogos em outubro no Brasil: dia 10 no Beira-Rio e dia 13 na Arena de Pernambuco.
O post Arthur Elias convoc...",Gazeta Esportiva,https://www.gazetaesportiva.com/todas-as-noticias/arthur-elias-convoca-selecao-feminina-para-amistosos-contra-argentina/,https://static.gazetaesportiva.com/uploads/2026/09/lc4bq7q3-1920Arthur-Elias.webp
2026-09-22T20:51:01.011Z,2026-09-22T17:51:01.004Z,Sport Feminino atrai público recorde na Arena de Pernambuco,Mais de 15 mil torcedores empurraram as Leoas na vitória histórica contra o Bahia. Um novo marco para o esporte feminino no Nordeste.,Pernambuco Press,https://www.gazetaesportiva.com?id=curado-feminino-1-2026-09-22,https://images.unsplash.com/photo-1560272564-c83b66b1ad12?q=80&w=600&auto=format&fit=crop
2026-09-22T20:51:01.011Z,2026-09-22T02:37:43.000Z,"Com uma a menos, Corinthians vence o Bahia e vai à final do Brasileiro feminino","Mesmo com a expulsão de Thais Regina ainda no primeiro tempo, o Corinthians bateu o Bahia e garantiu vaga na final do Brasileirão Feminino contra o São Paulo.
O post Com uma a meno...",Gazeta Esportiva,https://www.gazetaesportiva.com/times/corinthians/siga-o-placar-ao-vivo-de-corinthians-x-bahia-pelo-brasileirao-feminino/,https://static.gazetaesportiva.com/uploads/2026/09/imagem_2026-09-21_232130771.webp
2026-09-22T23:27:44.889Z,2026-09-22T23:27:44.881Z,Fortaleza Feminino goleia e assume a ponta do Brasileirão A1,As Leoas venceram o clássico com autoridade por 4 a 1 e continuam invictas na competição nacional de futebol feminino.,Ceará Esportes,https://www.gazetaesportiva.com?id=curado-feminino-0-2026-09-22,https://images.unsplash.com/photo-1543351611-58f69d7c1781?q=80&w=600&auto=format&fit=crop
2026-09-22T23:27:44.889Z,2026-09-22T20:27:44.881Z,Sport Feminino atrai público recorde na Arena de Pernambuco,Mais de 15 mil torcedores empurraram as Leoas na vitória histórica contra o Bahia. Um novo marco para o esporte feminino no Nordeste.,Pernambuco Press,https://www.gazetaesportiva.com?id=curado-feminino-1-2026-09-22,https://images.unsplash.com/photo-1560272564-c83b66b1ad12?q=80&w=600&auto=format&fit=crop
2026-09-22T23:27:44.889Z,2026-09-22T17:27:44.881Z,Bahia Feminino contrata dupla de ataque campeã sul-americana,O Tricolor de Aço se reforça visando a disputa do mata-mata do Brasileiro Feminino A2. Apresentação das novas atletas ocorre nesta segunda.,Salvador News,https://www.gazetaesportiva.com?id=curado-feminino-2-2026-09-22,https://images.unsplash.com/photo-1551958219-acbc608c6d77?q=80&w=600&auto=format&fit=crop
2026-09-23T01:41:39.616Z,2026-09-23T01:41:39.609Z,Fortaleza Feminino goleia e assume a ponta do Brasileirão A1,As Leoas venceram o clássico com autoridade por 4 a 1 e continuam invictas na competição nacional de futebol feminino.,Ceará Esportes,https://www.gazetaesportiva.com?id=curado-feminino-0-2026-09-23,https://images.unsplash.com/photo-1543351611-58f69d7c1781?q=80&w=600&auto=format&fit=crop
2026-09-23T01:41:39.616Z,2026-09-22T22:41:39.609Z,Sport Feminino atrai público recorde na Arena de Pernambuco,Mais de 15 mil torcedores empurraram as Leoas na vitória histórica contra o Bahia. Um novo marco para o esporte feminino no Nordeste.,Pernambuco Press,https://www.gazetaesportiva.com?id=curado-feminino-1-2026-09-22,https://images.unsplash.com/photo-1560272564-c83b66b1ad12?q=80&w=600&auto=format&fit=crop
2026-09-23T01:41:39.616Z,2026-09-22T19:41:39.609Z,Bahia Feminino contrata dupla de ataque campeã sul-americana,O Tricolor de Aço se reforça visando a disputa do mata-mata do Brasileiro Feminino A2. Apresentação das novas atletas ocorre nesta segunda.,Salvador News,https://www.gazetaesportiva.com?id=curado-feminino-2-2026-09-22,https://images.unsplash.com/photo-1551958219-acbc608c6d77?q=80&w=600&auto=format&fit=crop
2026-09-23T01:41:39.616Z,2026-09-22T19:28:11.000Z,Arthur Elias convoca Seleção Feminina para amistosos contra Argentina,"O técnico da Seleção Feminina, Arthur Elias, convocou 28 atletas para os jogos em outubro no Brasil: dia 10 no Beira-Rio e dia 13 na Arena de Pernambuco.
O post Arthur Elias convoc...",Gazeta Esportiva,https://www.gazetaesportiva.com/todas-as-noticias/arthur-elias-convoca-selecao-feminina-para-amistosos-contra-argentina/,https://static.gazetaesportiva.com/uploads/2026/09/lc4bq7q3-1920Arthur-Elias.webp
2026-09-23T07:17:59.386Z,2026-09-23T07:17:59.378Z,Fortaleza Feminino goleia e assume a ponta do Brasileirão A1,As Leoas venceram o clássico com autoridade por 4 a 1 e continuam invictas na competição nacional de futebol feminino.,Ceará Esportes,https://www.gazetaesportiva.com?id=curado-feminino-0-2026-09-23,https://images.unsplash.com/photo-1543351611-58f69d7c1781?q=80&w=600&auto=format&fit=crop
2026-09-23T07:17:59.386Z,2026-09-23T04:17:59.378Z,Sport Feminino atrai público recorde na Arena de Pernambuco,Mais de 15 mil torcedores empurraram as Leoas na vitória histórica contra o Bahia. Um novo marco para o esporte feminino no Nordeste.,Pernambuco Press,https://www.gazetaesportiva.com?id=curado-feminino-1-2026-09-23,https://images.unsplash.com/photo-1560272564-c83b66b1ad12?q=80&w=600&auto=format&fit=crop
2026-09-23T07:17:59.386Z,2026-09-23T01:17:59.378Z,Bahia Feminino contrata dupla de ataque campeã sul-americana,O Tricolor de Aço se reforça visando a disputa do mata-mata do Brasileiro Feminino A2. Apresentação das novas atletas ocorre nesta segunda.,Salvador News,https://www.gazetaesportiva.com?id=curado-feminino-2-2026-09-23,https://images.unsplash.com/photo-1551958219-acbc608c6d77?q=80&w=600&auto=format&fit=crop
2026-09-23T12:52:57.994Z,2026-09-23T12:52:57.986Z,Fortaleza Feminino goleia e assume a ponta do Brasileirão A1,As Leoas venceram o clássico com autoridade por 4 a 1 e continuam invictas na competição nacional de futebol feminino.,Ceará Esportes,https://www.gazetaesportiva.com?id=curado-feminino-0-2026-09-23,https://images.unsplash.com/photo-1543351611-58f69d7c1781?q=80&w=600&auto=format&fit=crop
2026-09-23T12:52:57.994Z,2026-09-23T09:52:57.986Z,Sport Feminino atrai público recorde na Arena de Pernambuco,Mais de 15 mil torcedores empurraram as Leoas na vitória histórica contra o Bahia. Um novo marco para o esporte feminino no Nordeste.,Pernambuco Press,https://www.gazetaesportiva.com?id=curado-feminino-1-2026-09-23,https://images.unsplash.com/photo-1560272564-c83b66b1ad12?q=80&w=600&auto=format&fit=crop
2026-09-23T12:52:57.994Z,2026-09-23T06:52:57.986Z,Bahia Feminino contrata dupla de ataque campeã sul-americana,O Tricolor de Aço se reforça visando a disputa do mata-mata do Brasileiro Feminino A2. Apresentação das novas atletas ocorre nesta segunda.,Salvador News,https://www.gazetaesportiva.com?id=curado-feminino-2-2026-09-23,https://images.unsplash.com/photo-1551958219-acbc608c6d77?q=80&w=600&auto=format&fit=crop
2026-09-23T12:52:57.994Z,2026-09-22T19:28:11.000Z,Arthur Elias convoca Seleção Feminina para amistosos contra Argentina,"O técnico da Seleção Feminina, Arthur Elias, convocou 28 atletas para os jogos em outubro no Brasil: dia 10 no Beira-Rio e dia 13 na Arena de Pernambuco.
O post Arthur Elias convoc...",Gazeta Esportiva,https://www.gazetaesportiva.com/todas-as-noticias/arthur-elias-convoca-selecao-feminina-para-amistosos-contra-argentina/,https://static.gazetaesportiva.com/uploads/2026/09/lc4bq7q3-1920Arthur-Elias.webp
2026-09-23T17:41:00.475Z,2026-09-23T17:41:00.463Z,Fortaleza Feminino goleia e assume a ponta do Brasileirão A1,As Leoas venceram o clássico com autoridade por 4 a 1 e continuam invictas na competição nacional de futebol feminino.,Ceará Esportes,https://www.gazetaesportiva.com?id=curado-feminino-0-2026-09-23,https://images.unsplash.com/photo-1543351611-58f69d7c1781?q=80&w=600&auto=format&fit=crop
2026-09-23T17:41:00.475Z,2026-09-23T14:41:00.463Z,Sport Feminino atrai público recorde na Arena de Pernambuco,Mais de 15 mil torcedores empurraram as Leoas na vitória histórica contra o Bahia. Um novo marco para o esporte feminino no Nordeste.,Pernambuco Press,https://www.gazetaesportiva.com?id=curado-feminino-1-2026-09-23,https://images.unsplash.com/photo-1560272564-c83b66b1ad12?q=80&w=600&auto=format&fit=crop
2026-09-23T17:41:00.475Z,2026-09-23T11:41:00.463Z,Bahia Feminino contrata dupla de ataque campeã sul-americana,O Tricolor de Aço se reforça visando a disputa do mata-mata do Brasileiro Feminino A2. Apresentação das novas atletas ocorre nesta segunda.,Salvador News,https://www.gazetaesportiva.com?id=curado-feminino-2-2026-09-23,https://images.unsplash.com/photo-1551958219-acbc608c6d77?q=80&w=600&auto=format&fit=crop
2026-09-23T21:02:23.017Z,2026-09-23T21:02:23.009Z,Fortaleza Feminino goleia e assume a ponta do Brasileirão A1,As Leoas venceram o clássico com autoridade por 4 a 1 e continuam invictas na competição nacional de futebol feminino.,Ceará Esportes,https://www.gazetaesportiva.com?id=curado-feminino-0-2026-09-23,https://images.unsplash.com/photo-1543351611-58f69d7c1781?q=80&w=600&auto=format&fit=crop
2026-09-23T21:02:23.017Z,2026-09-23T18:02:23.009Z,Sport Feminino atrai público recorde na Arena de Pernambuco,Mais de 15 mil torcedores empurraram as Leoas na vitória histórica contra o Bahia. Um novo marco para o esporte feminino no Nordeste.,Pernambuco Press,https://www.gazetaesportiva.com?id=curado-feminino-1-2026-09-23,https://images.unsplash.com/photo-1560272564-c83b66b1ad12?q=80&w=600&auto=format&fit=crop
2026-09-23T21:02:23.017Z,2026-09-23T15:02:23.009Z,Bahia Feminino contrata dupla de ataque campeã sul-americana,O Tricolor de Aço se reforça visando a disputa do mata-mata do Brasileiro Feminino A2. Apresentação das novas atletas ocorre nesta segunda.,Salvador News,https://www.gazetaesportiva.com?id=curado-feminino-2-2026-09-23,https://images.unsplash.com/photo-1551958219-acbc608c6d77?q=80&w=600&auto=format&fit=crop
2026-09-23T23:50:28.337Z,2026-09-23T23:50:28.329Z,Fortaleza Feminino goleia e assume a ponta do Brasileirão A1,As Leoas venceram o clássico com autoridade por 4 a 1 e continuam invictas na competição nacional de futebol feminino.,Ceará Esportes,https://www.gazetaesportiva.com?id=curado-feminino-0-2026-09-23,https://images.unsplash.com/photo-1543351611-58f69d7c1781?q=80&w=600&auto=format&fit=crop
2026-09-23T23:50:28.337Z,2026-09-23T20:50:28.329Z,Sport Feminino atrai público recorde na Arena de Pernambuco,Mais de 15 mil torcedores empurraram as Leoas na vitória histórica contra o Bahia. Um novo marco para o esporte feminino no Nordeste.,Pernambuco Press,https://www.gazetaesportiva.com?id=curado-feminino-1-2026-09-23,https://images.unsplash.com/photo-1560272564-c83b66b1ad12?q=80&w=600&auto=format&fit=crop
2026-09-23T23:50:28.337Z,2026-09-23T17:50:28.329Z,Bahia Feminino contrata dupla de ataque campeã sul-americana,O Tricolor de Aço se reforça visando a disputa do mata-mata do Brasileiro Feminino A2. Apresentação das novas atletas ocorre nesta segunda.,Salvador News,https://www.gazetaesportiva.com?id=curado-feminino-2-2026-09-23,https://images.unsplash.com/photo-1551958219-acbc608c6d77?q=80&w=600&auto=format&fit=crop
2026-09-24T03:01:37.421Z,2026-09-24T03:01:37.413Z,Fortaleza Feminino goleia e assume a ponta do Brasileirão A1,As Leoas venceram o clássico com autoridade por 4 a 1 e continuam invictas na competição nacional de futebol feminino.,Ceará Esportes,https://www.gazetaesportiva.com?id=curado-feminino-0-2026-09-24,https://images.unsplash.com/photo-1543351611-58f69d7c1781?q=80&w=600&auto=format&fit=crop
2026-09-24T03:01:37.421Z,2026-09-24T00:01:37.414Z,Sport Feminino atrai público recorde na Arena de Pernambuco,Mais de 15 mil torcedores empurraram as Leoas na vitória histórica contra o Bahia. Um novo marco para o esporte feminino no Nordeste.,Pernambuco Press,https://www.gazetaesportiva.com?id=curado-feminino-1-2026-09-24,https://images.unsplash.com/photo-1560272564-c83b66b1ad12?q=80&w=600&auto=format&fit=crop
2026-09-24T03:01:37.421Z,2026-09-23T21:01:37.414Z,Bahia Feminino contrata dupla de ataque campeã sul-americana,O Tricolor de Aço se reforça visando a disputa do mata-mata do Brasileiro Feminino A2. Apresentação das novas atletas ocorre nesta segunda.,Salvador News,https://www.gazetaesportiva.com?id=curado-feminino-2-2026-09-23,https://images.unsplash.com/photo-1551958219-acbc608c6d77?q=80&w=600&auto=format&fit=crop
2026-09-24T08:38:33.974Z,2026-09-24T08:38:33.967Z,Fortaleza Feminino goleia e assume a ponta do Brasileirão A1,As Leoas venceram o clássico com autoridade por 4 a 1 e continuam invictas na competição nacional de futebol feminino.,Ceará Esportes,https://www.gazetaesportiva.com?id=curado-feminino-0-2026-09-24,https://images.unsplash.com/photo-1543351611-58f69d7c1781?q=80&w=600&auto=format&fit=crop
2026-09-24T08:38:33.974Z,2026-09-24T05:38:33.967Z,Sport Feminino atrai público recorde na Arena de Pernambuco,Mais de 15 mil torcedores empurraram as Leoas na vitória histórica contra o Bahia. Um novo marco para o esporte feminino no Nordeste.,Pernambuco Press,https://www.gazetaesportiva.com?id=curado-feminino-1-2026-09-24,https://images.unsplash.com/photo-1560272564-c83b66b1ad12?q=80&w=600&auto=format&fit=crop
2026-09-24T08:38:33.974Z,2026-09-24T02:38:33.967Z,Bahia Feminino contrata dupla de ataque campeã sul-americana,O Tricolor de Aço se reforça visando a disputa do mata-mata do Brasileiro Feminino A2. Apresentação das novas atletas ocorre nesta segunda.,Salvador News,https://www.gazetaesportiva.com?id=curado-feminino-2-2026-09-24,https://images.unsplash.com/photo-1551958219-acbc608c6d77?q=80&w=600&auto=format&fit=crop
2026-09-24T13:59:33.563Z,2026-09-24T13:59:33.557Z,Fortaleza Feminino goleia e assume a ponta do Brasileirão A1,As Leoas venceram o clássico com autoridade por 4 a 1 e continuam invictas na competição nacional de futebol feminino.,Ceará Esportes,https://www.gazetaesportiva.com?id=curado-feminino-0-2026-09-24,https://images.unsplash.com/photo-1543351611-58f69d7c1781?q=80&w=600&auto=format&fit=crop
2026-09-24T13:59:33.563Z,2026-09-24T10:59:33.557Z,Sport Feminino atrai público recorde na Arena de Pernambuco,Mais de 15 mil torcedores empurraram as Leoas na vitória histórica contra o Bahia. Um novo marco para o esporte feminino no Nordeste.,Pernambuco Press,https://www.gazetaesportiva.com?id=curado-feminino-1-2026-09-24,https://images.unsplash.com/photo-1560272564-c83b66b1ad12?q=80&w=600&auto=format&fit=crop
2026-09-24T13:59:33.563Z,2026-09-24T07:59:33.557Z,Bahia Feminino contrata dupla de ataque campeã sul-americana,O Tricolor de Aço se reforça visando a disputa do mata-mata do Brasileiro Feminino A2. Apresentação das novas atletas ocorre nesta segunda.,Salvador News,https://www.gazetaesportiva.com?id=curado-feminino-2-2026-09-24,https://images.unsplash.com/photo-1551958219-acbc608c6d77?q=80&w=600&auto=format&fit=crop
2026-09-24T18:22:26.368Z,2026-09-24T18:22:26.361Z,Fortaleza Feminino goleia e assume a ponta do Brasileirão A1,As Leoas venceram o clássico com autoridade por 4 a 1 e continuam invictas na competição nacional de futebol feminino.,Ceará Esportes,https://www.gazetaesportiva.com?id=curado-feminino-0-2026-09-24,https://images.unsplash.com/photo-1543351611-58f69d7c1781?q=80&w=600&auto=format&fit=crop
2026-09-24T18:22:26.368Z,2026-09-24T15:22:26.361Z,Sport Feminino atrai público recorde na Arena de Pernambuco,Mais de 15 mil torcedores empurraram as Leoas na vitória histórica contra o Bahia. Um novo marco para o esporte feminino no Nordeste.,Pernambuco Press,https://www.gazetaesportiva.com?id=curado-feminino-1-2026-09-24,https://images.unsplash.com/photo-1560272564-c83b66b1ad12?q=80&w=600&auto=format&fit=crop
2026-09-24T18:22:26.368Z,2026-09-24T12:22:26.361Z,Bahia Feminino contrata dupla de ataque campeã sul-americana,O Tricolor de Aço se reforça visando a disputa do mata-mata do Brasileiro Feminino A2. Apresentação das novas atletas ocorre nesta segunda.,Salvador News,https://www.gazetaesportiva.com?id=curado-feminino-2-2026-09-24,https://images.unsplash.com/photo-1551958219-acbc608c6d77?q=80&w=600&auto=format&fit=crop
2026-09-24T21:40:09.487Z,2026-09-24T21:40:09.479Z,Fortaleza Feminino goleia e assume a ponta do Brasileirão A1,As Leoas venceram o clássico com autoridade por 4 a 1 e continuam invictas na competição nacional de futebol feminino.,Ceará Esportes,https://www.gazetaesportiva.com?id=curado-feminino-0-2026-09-24,https://images.unsplash.com/photo-1543351611-58f69d7c1781?q=80&w=600&auto=format&fit=crop
2026-09-24T21:40:09.487Z,2026-09-24T18:40:09.479Z,Sport Feminino atrai público recorde na Arena de Pernambuco,Mais de 15 mil torcedores empurraram as Leoas na vitória histórica contra o Bahia. Um novo marco para o esporte feminino no Nordeste.,Pernambuco Press,https://www.gazetaesportiva.com?id=curado-feminino-1-2026-09-24,https://images.unsplash.com/photo-1560272564-c83b66b1ad12?q=80&w=600&auto=format&fit=crop
2026-09-24T21:40:09.487Z,2026-09-24T15:40:09.479Z,Bahia Feminino contrata dupla de ataque campeã sul-americana,O Tricolor de Aço se reforça visando a disputa do mata-mata do Brasileiro Feminino A2. Apresentação das novas atletas ocorre nesta segunda.,Salvador News,https://www.gazetaesportiva.com?id=curado-feminino-2-2026-09-24,https://images.unsplash.com/photo-1551958219-acbc608c6d77?q=80&w=600&auto=format&fit=crop
2026-09-25T00:14:47.169Z,2026-09-25T00:14:47.162Z,Fortaleza Feminino goleia e assume a ponta do Brasileirão A1,As Leoas venceram o clássico com autoridade por 4 a 1 e continuam invictas na competição nacional de futebol feminino.,Ceará Esportes,https://www.gazetaesportiva.com?id=curado-feminino-0-2026-09-25,https://images.unsplash.com/photo-1543351611-58f69d7c1781?q=80&w=600&auto=format&fit=crop
2026-09-25T00:14:47.169Z,2026-09-24T21:14:47.162Z,Sport Feminino atrai público recorde na Arena de Pernambuco,Mais de 15 mil torcedores empurraram as Leoas na vitória histórica contra o Bahia. Um novo marco para o esporte feminino no Nordeste.,Pernambuco Press,https://www.gazetaesportiva.com?id=curado-feminino-1-2026-09-24,https://images.unsplash.com/photo-1560272564-c83b66b1ad12?q=80&w=600&auto=format&fit=crop
2026-09-25T00:14:47.169Z,2026-09-24T18:14:47.162Z,Bahia Feminino contrata dupla de ataque campeã sul-americana,O Tricolor de Aço se reforça visando a disputa do mata-mata do Brasileiro Feminino A2. Apresentação das novas atletas ocorre nesta segunda.,Salvador News,https://www.gazetaesportiva.com?id=curado-feminino-2-2026-09-24,https://images.unsplash.com/photo-1551958219-acbc608c6d77?q=80&w=600&auto=format&fit=crop
2026-09-25T05:11:07.044Z,2026-09-25T05:11:07.037Z,Fortaleza Feminino goleia e assume a ponta do Brasileirão A1,As Leoas venceram o clássico com autoridade por 4 a 1 e continuam invictas na competição nacional de futebol feminino.,Ceará Esportes,https://www.gazetaesportiva.com?id=curado-feminino-0-2026-09-25,https://images.unsplash.com/photo-1543351611-58f69d7c1781?q=80&w=600&auto=format&fit=crop
2026-09-25T05:11:07.044Z,2026-09-25T02:11:07.037Z,Sport Feminino atrai público recorde na Arena de Pernambuco,Mais de 15 mil torcedores empurraram as Leoas na vitória histórica contra o Bahia. Um novo marco para o esporte feminino no Nordeste.,Pernambuco Press,https://www.gazetaesportiva.com?id=curado-feminino-1-2026-09-25,https://images.unsplash.com/photo-1560272564-c83b66b1ad12?q=80&w=600&auto=format&fit=crop
2026-09-25T05:11:07.044Z,2026-09-24T23:11:07.037Z,Bahia Feminino contrata dupla de ataque campeã sul-americana,O Tricolor de Aço se reforça visando a disputa do mata-mata do Brasileiro Feminino A2. Apresentação das novas atletas ocorre nesta segunda.,Salvador News,https://www.gazetaesportiva.com?id=curado-feminino-2-2026-09-24,https://images.unsplash.com/photo-1551958219-acbc608c6d77?q=80&w=600&auto=format&fit=crop
2026-09-25T10:23:04.392Z,2026-09-25T10:23:04.384Z,Fortaleza Feminino goleia e assume a ponta do Brasileirão A1,As Leoas venceram o clássico com autoridade por 4 a 1 e continuam invictas na competição nacional de futebol feminino.,Ceará Esportes,https://www.gazetaesportiva.com?id=curado-feminino-0-2026-09-25,https://images.unsplash.com/photo-1543351611-58f69d7c1781?q=80&w=600&auto=format&fit=crop
2026-09-25T10:23:04.392Z,2026-09-25T07:23:04.384Z,Sport Feminino atrai público recorde na Arena de Pernambuco,Mais de 15 mil torcedores empurraram as Leoas na vitória histórica contra o Bahia. Um novo marco para o esporte feminino no Nordeste.,Pernambuco Press,https://www.gazetaesportiva.com?id=curado-feminino-1-2026-09-25,https://images.unsplash.com/photo-1560272564-c83b66b1ad12?q=80&w=600&auto=format&fit=crop
2026-09-25T10:23:04.392Z,2026-09-25T04:23:04.384Z,Bahia Feminino contrata dupla de ataque campeã sul-americana,O Tricolor de Aço se reforça visando a disputa do mata-mata do Brasileiro Feminino A2. Apresentação das novas atletas ocorre nesta segunda.,Salvador News,https://www.gazetaesportiva.com?id=curado-feminino-2-2026-09-25,https://images.unsplash.com/photo-1551958219-acbc608c6d77?q=80&w=600&auto=format&fit=crop
2026-09-25T15:24:22.551Z,2026-09-25T15:24:22.541Z,Fortaleza Feminino goleia e assume a ponta do Brasileirão A1,As Leoas venceram o clássico com autoridade por 4 a 1 e continuam invictas na competição nacional de futebol feminino.,Ceará Esportes,https://www.gazetaesportiva.com?id=curado-feminino-0-2026-09-25,https://images.unsplash.com/photo-1543351611-58f69d7c1781?q=80&w=600&auto=format&fit=crop
2026-09-25T15:24:22.551Z,2026-09-25T12:24:22.541Z,Sport Feminino atrai público recorde na Arena de Pernambuco,Mais de 15 mil torcedores empurraram as Leoas na vitória histórica contra o Bahia. Um novo marco para o esporte feminino no Nordeste.,Pernambuco Press,https://www.gazetaesportiva.com?id=curado-feminino-1-2026-09-25,https://images.unsplash.com/photo-1560272564-c83b66b1ad12?q=80&w=600&auto=format&fit=crop
2026-09-25T15:24:22.551Z,2026-09-25T09:24:22.541Z,Bahia Feminino contrata dupla de ataque campeã sul-americana,O Tricolor de Aço se reforça visando a disputa do mata-mata do Brasileiro Feminino A2. Apresentação das novas atletas ocorre nesta segunda.,Salvador News,https://www.gazetaesportiva.com?id=curado-feminino-2-2026-09-25,https://images.unsplash.com/photo-1551958219-acbc608c6d77?q=80&w=600&auto=format&fit=crop
2026-09-25T19:24:34.267Z,2026-09-25T19:24:34.259Z,Fortaleza Feminino goleia e assume a ponta do Brasileirão A1,As Leoas venceram o clássico com autoridade por 4 a 1 e continuam invictas na competição nacional de futebol feminino.,Ceará Esportes,https://www.gazetaesportiva.com?id=curado-feminino-0-2026-09-25,https://images.unsplash.com/photo-1543351611-58f69d7c1781?q=80&w=600&auto=format&fit=crop
2026-09-25T19:24:34.267Z,2026-09-25T16:24:34.259Z,Sport Feminino atrai público recorde na Arena de Pernambuco,Mais de 15 mil torcedores empurraram as Leoas na vitória histórica contra o Bahia. Um novo marco para o esporte feminino no Nordeste.,Pernambuco Press,https://www.gazetaesportiva.com?id=curado-feminino-1-2026-09-25,https://images.unsplash.com/photo-1560272564-c83b66b1ad12?q=80&w=600&auto=format&fit=crop
2026-09-25T19:24:34.267Z,2026-09-25T13:24:34.259Z,Bahia Feminino contrata dupla de ataque campeã sul-americana,O Tricolor de Aço se reforça visando a disputa do mata-mata do Brasileiro Feminino A2. Apresentação das novas atletas ocorre nesta segunda.,Salvador News,https://www.gazetaesportiva.com?id=curado-feminino-2-2026-09-25,https://images.unsplash.com/photo-1551958219-acbc608c6d77?q=80&w=600&auto=format&fit=crop
2026-09-25T22:37:37.129Z,2026-09-25T22:37:37.121Z,Fortaleza Feminino goleia e assume a ponta do Brasileirão A1,As Leoas venceram o clássico com autoridade por 4 a 1 e continuam invictas na competição nacional de futebol feminino.,Ceará Esportes,https://www.gazetaesportiva.com?id=curado-feminino-0-2026-09-25,https://images.unsplash.com/photo-1543351611-58f69d7c1781?q=80&w=600&auto=format&fit=crop
2026-09-25T22:37:37.129Z,2026-09-25T19:37:37.121Z,Sport Feminino atrai público recorde na Arena de Pernambuco,Mais de 15 mil torcedores empurraram as Leoas na vitória histórica contra o Bahia. Um novo marco para o esporte feminino no Nordeste.,Pernambuco Press,https://www.gazetaesportiva.com?id=curado-feminino-1-2026-09-25,https://images.unsplash.com/photo-1560272564-c83b66b1ad12?q=80&w=600&auto=format&fit=crop
2026-09-25T22:37:37.129Z,2026-09-25T16:37:37.121Z,Bahia Feminino contrata dupla de ataque campeã sul-americana,O Tricolor de Aço se reforça visando a disputa do mata-mata do Brasileiro Feminino A2. Apresentação das novas atletas ocorre nesta segunda.,Salvador News,https://www.gazetaesportiva.com?id=curado-feminino-2-2026-09-25,https://images.unsplash.com/photo-1551958219-acbc608c6d77?q=80&w=600&auto=format&fit=crop
2026-09-26T01:09:49.886Z,2026-09-26T01:09:49.878Z,Fortaleza Feminino goleia e assume a ponta do Brasileirão A1,As Leoas venceram o clássico com autoridade por 4 a 1 e continuam invictas na competição nacional de futebol feminino.,Ceará Esportes,https://www.gazetaesportiva.com?id=curado-feminino-0-2026-09-26,https://images.unsplash.com/photo-1543351611-58f69d7c1781?q=80&w=600&auto=format&fit=crop
2026-09-26T01:09:49.886Z,2026-09-25T22:09:49.878Z,Sport Feminino atrai público recorde na Arena de Pernambuco,Mais de 15 mil torcedores empurraram as Leoas na vitória histórica contra o Bahia. Um novo marco para o esporte feminino no Nordeste.,Pernambuco Press,https://www.gazetaesportiva.com?id=curado-feminino-1-2026-09-25,https://images.unsplash.com/photo-1560272564-c83b66b1ad12?q=80&w=600&auto=format&fit=crop
2026-09-26T01:09:49.886Z,2026-09-25T19:09:49.878Z,Bahia Feminino contrata dupla de ataque campeã sul-americana,O Tricolor de Aço se reforça visando a disputa do mata-mata do Brasileiro Feminino A2. Apresentação das novas atletas ocorre nesta segunda.,Salvador News,https://www.gazetaesportiva.com?id=curado-feminino-2-2026-09-25,https://images.unsplash.com/photo-1551958219-acbc608c6d77?q=80&w=600&auto=format&fit=crop
2026-09-26T06:22:20.743Z,2026-09-26T06:22:20.735Z,Fortaleza Feminino goleia e assume a ponta do Brasileirão A1,As Leoas venceram o clássico com autoridade por 4 a 1 e continuam invictas na competição nacional de futebol feminino.,Ceará Esportes,https://www.gazetaesportiva.com?id=curado-feminino-0-2026-09-26,https://images.unsplash.com/photo-1543351611-58f69d7c1781?q=80&w=600&auto=format&fit=crop
2026-09-26T06:22:20.743Z,2026-09-26T03:22:20.735Z,Sport Feminino atrai público recorde na Arena de Pernambuco,Mais de 15 mil torcedores empurraram as Leoas na vitória histórica contra o Bahia. Um novo marco para o esporte feminino no Nordeste.,Pernambuco Press,https://www.gazetaesportiva.com?id=curado-feminino-1-2026-09-26,https://images.unsplash.com/photo-1560272564-c83b66b1ad12?q=80&w=600&auto=format&fit=crop
2026-09-26T06:22:20.743Z,2026-09-26T00:22:20.735Z,Bahia Feminino contrata dupla de ataque campeã sul-americana,O Tricolor de Aço se reforça visando a disputa do mata-mata do Brasileiro Feminino A2. Apresentação das novas atletas ocorre nesta segunda.,Salvador News,https://www.gazetaesportiva.com?id=curado-feminino-2-2026-09-26,https://images.unsplash.com/photo-1551958219-acbc608c6d77?q=80&w=600&auto=format&fit=crop
2026-09-26T11:39:00.466Z,2026-09-26T11:39:00.453Z,Fortaleza Feminino goleia e assume a ponta do Brasileirão A1,As Leoas venceram o clássico com autoridade por 4 a 1 e continuam invictas na competição nacional de futebol feminino.,Ceará Esportes,https://www.gazetaesportiva.com?id=curado-feminino-0-2026-09-26,https://images.unsplash.com/photo-1543351611-58f69d7c1781?q=80&w=600&auto=format&fit=crop
2026-09-26T11:39:00.466Z,2026-09-26T08:39:00.453Z,Sport Feminino atrai público recorde na Arena de Pernambuco,Mais de 15 mil torcedores empurraram as Leoas na vitória histórica contra o Bahia. Um novo marco para o esporte feminino no Nordeste.,Pernambuco Press,https://www.gazetaesportiva.com?id=curado-feminino-1-2026-09-26,https://images.unsplash.com/photo-1560272564-c83b66b1ad12?q=80&w=600&auto=format&fit=crop
2026-09-26T11:39:00.466Z,2026-09-26T05:39:00.453Z,Bahia Feminino contrata dupla de ataque campeã sul-americana,O Tricolor de Aço se reforça visando a disputa do mata-mata do Brasileiro Feminino A2. Apresentação das novas atletas ocorre nesta segunda.,Salvador News,https://www.gazetaesportiva.com?id=curado-feminino-2-2026-09-26,https://images.unsplash.com/photo-1551958219-acbc608c6d77?q=80&w=600&auto=format&fit=crop
2026-09-26T15:42:50.455Z,2026-09-26T15:42:50.448Z,Fortaleza Feminino goleia e assume a ponta do Brasileirão A1,As Leoas venceram o clássico com autoridade por 4 a 1 e continuam invictas na competição nacional de futebol feminino.,Ceará Esportes,https://www.gazetaesportiva.com?id=curado-feminino-0-2026-09-26,https://images.unsplash.com/photo-1543351611-58f69d7c1781?q=80&w=600&auto=format&fit=crop
2026-09-26T15:42:50.455Z,2026-09-26T12:42:50.448Z,Sport Feminino atrai público recorde na Arena de Pernambuco,Mais de 15 mil torcedores empurraram as Leoas na vitória histórica contra o Bahia. Um novo marco para o esporte feminino no Nordeste.,Pernambuco Press,https://www.gazetaesportiva.com?id=curado-feminino-1-2026-09-26,https://images.unsplash.com/photo-1560272564-c83b66b1ad12?q=80&w=600&auto=format&fit=crop
2026-09-26T15:42:50.455Z,2026-09-26T09:42:50.448Z,Bahia Feminino contrata dupla de ataque campeã sul-americana,O Tricolor de Aço se reforça visando a disputa do mata-mata do Brasileiro Feminino A2. Apresentação das novas atletas ocorre nesta segunda.,Salvador News,https://www.gazetaesportiva.com?id=curado-feminino-2-2026-09-26,https://images.unsplash.com/photo-1551958219-acbc608c6d77?q=80&w=600&auto=format&fit=crop
