data_busca,data_publicacao,titulo,resumo,fonte,url,imagem_url
2026-09-01T00:21:42.077Z,2026-09-01T00:21:42.074Z,Everton Ribeiro completa 120 jogos pelo Bahia com golaço na Fonte Nova,"O veterano meia do Bahia comandou a vitória tricolor com passes decisivos e um belíssimo gol de fora da área, aplaudido de pé.",Bahia Esportes,https://www.gazetaesportiva.com?id=curado-jogadores-0-2026-09-01,https://images.unsplash.com/photo-1543351611-58f69d7c1781?q=80&w=600&auto=format&fit=crop
2026-09-01T00:21:42.077Z,2026-08-31T23:49:04.000Z,Hansi Flick exalta Gabriel Jesus e celebra chegada do brasileiro ao Barcelona,"O técnico do Barcelona, Hansi Flick, elogiou Gabriel Jesus após a vitória sobre o Rayo Vallecano pelo Campeonato Espanhol. O treinador classificou o brasileiro como um ""atacante to...",Gazeta Esportiva,https://www.gazetaesportiva.com/times/barcelona/hansi-flick-exalta-gabriel-jesus-e-celebra-chegada-do-brasileiro-ao-barcelona/,https://static.gazetaesportiva.com/uploads/2026/02/AFP__20260215__97MZ8JG__v1__HighRes__776452864.webp
2026-09-01T00:21:42.077Z,2026-08-31T21:21:42.074Z,Renato Kayzer entra na mira de clubes europeus após grande fase no Castelão,Artilheiro do Fortaleza marcou 15 gols nos últimos 20 jogos. Agentes confirmam contatos de times da Itália e de Portugal.,Diário do Ceará,https://www.gazetaesportiva.com?id=curado-jogadores-1-2026-08-31,https://images.unsplash.com/photo-1518063319789-7217e6706b04?q=80&w=600&auto=format&fit=crop
2026-09-01T00:21:42.077Z,2026-08-31T18:21:42.074Z,Revelação do Ceará SC viaja para testes na Alemanha neste fim de semana,O jovem meio-campista de apenas 18 anos despertou interesse de clubes da Bundesliga após excelente atuação na Copa São Paulo.,Vozão Diário,https://www.gazetaesportiva.com?id=curado-jogadores-2-2026-08-31,https://images.unsplash.com/photo-1508098682722-e99c43a406b2?q=80&w=600&auto=format&fit=crop
2026-09-01T05:26:32.201Z,2026-09-01T05:26:32.198Z,Everton Ribeiro completa 120 jogos pelo Bahia com golaço na Fonte Nova,"O veterano meia do Bahia comandou a vitória tricolor com passes decisivos e um belíssimo gol de fora da área, aplaudido de pé.",Bahia Esportes,https://www.gazetaesportiva.com?id=curado-jogadores-0-2026-09-01,https://images.unsplash.com/photo-1543351611-58f69d7c1781?q=80&w=600&auto=format&fit=crop
2026-09-01T05:26:32.201Z,2026-09-01T02:26:32.198Z,Renato Kayzer entra na mira de clubes europeus após grande fase no Castelão,Artilheiro do Fortaleza marcou 15 gols nos últimos 20 jogos. Agentes confirmam contatos de times da Itália e de Portugal.,Diário do Ceará,https://www.gazetaesportiva.com?id=curado-jogadores-1-2026-09-01,https://images.unsplash.com/photo-1518063319789-7217e6706b04?q=80&w=600&auto=format&fit=crop
2026-09-01T05:26:32.201Z,2026-09-01T01:27:24.000Z,Fabinho comemora vitória e valoriza força do elenco do Coritiba,"Autor de um dos gols da vitória sobre o Remo, Fabinho destacou a força do elenco do Coritiba e celebrou o resultado fora de casa.
O post Fabinho comemora vitória e valoriza força d...",Gazeta Esportiva,https://www.gazetaesportiva.com/campeonatos/fabinho-comemora-vitoria-e-valoriza-forca-do-elenco-do-coritiba/,https://static.gazetaesportiva.com/uploads/2026/08/imagem_2026-08-31_215915159.webp
2026-09-01T05:26:32.201Z,2026-08-31T23:49:04.000Z,Hansi Flick exalta Gabriel Jesus e celebra chegada do brasileiro ao Barcelona,"O técnico do Barcelona, Hansi Flick, elogiou Gabriel Jesus após a vitória sobre o Rayo Vallecano pelo Campeonato Espanhol. O treinador classificou o brasileiro como um ""atacante to...",Gazeta Esportiva,https://www.gazetaesportiva.com/times/barcelona/hansi-flick-exalta-gabriel-jesus-e-celebra-chegada-do-brasileiro-ao-barcelona/,https://static.gazetaesportiva.com/uploads/2026/02/AFP__20260215__97MZ8JG__v1__HighRes__776452864.webp
2026-09-01T10:20:18.668Z,2026-09-01T10:20:18.666Z,Everton Ribeiro completa 120 jogos pelo Bahia com golaço na Fonte Nova,"O veterano meia do Bahia comandou a vitória tricolor com passes decisivos e um belíssimo gol de fora da área, aplaudido de pé.",Bahia Esportes,https://www.gazetaesportiva.com?id=curado-jogadores-0-2026-09-01,https://images.unsplash.com/photo-1543351611-58f69d7c1781?q=80&w=600&auto=format&fit=crop
2026-09-01T10:20:18.668Z,2026-09-01T07:20:18.666Z,Renato Kayzer entra na mira de clubes europeus após grande fase no Castelão,Artilheiro do Fortaleza marcou 15 gols nos últimos 20 jogos. Agentes confirmam contatos de times da Itália e de Portugal.,Diário do Ceará,https://www.gazetaesportiva.com?id=curado-jogadores-1-2026-09-01,https://images.unsplash.com/photo-1518063319789-7217e6706b04?q=80&w=600&auto=format&fit=crop
2026-09-01T10:20:18.668Z,2026-09-01T01:27:24.000Z,Fabinho comemora vitória e valoriza força do elenco do Coritiba,"Autor de um dos gols da vitória sobre o Remo, Fabinho destacou a força do elenco do Coritiba e celebrou o resultado fora de casa.
O post Fabinho comemora vitória e valoriza força d...",Gazeta Esportiva,https://www.gazetaesportiva.com/campeonatos/fabinho-comemora-vitoria-e-valoriza-forca-do-elenco-do-coritiba/,https://static.gazetaesportiva.com/uploads/2026/08/imagem_2026-08-31_215915159.webp
2026-09-01T10:20:18.668Z,2026-08-31T23:49:04.000Z,Hansi Flick exalta Gabriel Jesus e celebra chegada do brasileiro ao Barcelona,"O técnico do Barcelona, Hansi Flick, elogiou Gabriel Jesus após a vitória sobre o Rayo Vallecano pelo Campeonato Espanhol. O treinador classificou o brasileiro como um ""atacante to...",Gazeta Esportiva,https://www.gazetaesportiva.com/times/barcelona/hansi-flick-exalta-gabriel-jesus-e-celebra-chegada-do-brasileiro-ao-barcelona/,https://static.gazetaesportiva.com/uploads/2026/02/AFP__20260215__97MZ8JG__v1__HighRes__776452864.webp
2026-09-01T15:03:12.070Z,2026-09-01T15:03:12.068Z,Everton Ribeiro completa 120 jogos pelo Bahia com golaço na Fonte Nova,"O veterano meia do Bahia comandou a vitória tricolor com passes decisivos e um belíssimo gol de fora da área, aplaudido de pé.",Bahia Esportes,https://www.gazetaesportiva.com?id=curado-jogadores-0-2026-09-01,https://images.unsplash.com/photo-1543351611-58f69d7c1781?q=80&w=600&auto=format&fit=crop
2026-09-01T15:03:12.070Z,2026-09-01T12:03:12.068Z,Renato Kayzer entra na mira de clubes europeus após grande fase no Castelão,Artilheiro do Fortaleza marcou 15 gols nos últimos 20 jogos. Agentes confirmam contatos de times da Itália e de Portugal.,Diário do Ceará,https://www.gazetaesportiva.com?id=curado-jogadores-1-2026-09-01,https://images.unsplash.com/photo-1518063319789-7217e6706b04?q=80&w=600&auto=format&fit=crop
2026-09-01T15:03:12.070Z,2026-09-01T01:27:24.000Z,Fabinho comemora vitória e valoriza força do elenco do Coritiba,"Autor de um dos gols da vitória sobre o Remo, Fabinho destacou a força do elenco do Coritiba e celebrou o resultado fora de casa.
O post Fabinho comemora vitória e valoriza força d...",Gazeta Esportiva,https://www.gazetaesportiva.com/campeonatos/fabinho-comemora-vitoria-e-valoriza-forca-do-elenco-do-coritiba/,https://static.gazetaesportiva.com/uploads/2026/08/imagem_2026-08-31_215915159.webp
2026-09-01T15:03:12.070Z,2026-08-31T23:49:04.000Z,Hansi Flick exalta Gabriel Jesus e celebra chegada do brasileiro ao Barcelona,"O técnico do Barcelona, Hansi Flick, elogiou Gabriel Jesus após a vitória sobre o Rayo Vallecano pelo Campeonato Espanhol. O treinador classificou o brasileiro como um ""atacante to...",Gazeta Esportiva,https://www.gazetaesportiva.com/times/barcelona/hansi-flick-exalta-gabriel-jesus-e-celebra-chegada-do-brasileiro-ao-barcelona/,https://static.gazetaesportiva.com/uploads/2026/02/AFP__20260215__97MZ8JG__v1__HighRes__776452864.webp
2026-09-01T18:42:16.490Z,2026-09-01T18:42:16.487Z,Everton Ribeiro completa 120 jogos pelo Bahia com golaço na Fonte Nova,"O veterano meia do Bahia comandou a vitória tricolor com passes decisivos e um belíssimo gol de fora da área, aplaudido de pé.",Bahia Esportes,https://www.gazetaesportiva.com?id=curado-jogadores-0-2026-09-01,https://images.unsplash.com/photo-1543351611-58f69d7c1781?q=80&w=600&auto=format&fit=crop
2026-09-01T18:42:16.490Z,2026-09-01T15:42:16.487Z,Renato Kayzer entra na mira de clubes europeus após grande fase no Castelão,Artilheiro do Fortaleza marcou 15 gols nos últimos 20 jogos. Agentes confirmam contatos de times da Itália e de Portugal.,Diário do Ceará,https://www.gazetaesportiva.com?id=curado-jogadores-1-2026-09-01,https://images.unsplash.com/photo-1518063319789-7217e6706b04?q=80&w=600&auto=format&fit=crop
2026-09-01T18:42:16.490Z,2026-09-01T12:42:16.487Z,Revelação do Ceará SC viaja para testes na Alemanha neste fim de semana,O jovem meio-campista de apenas 18 anos despertou interesse de clubes da Bundesliga após excelente atuação na Copa São Paulo.,Vozão Diário,https://www.gazetaesportiva.com?id=curado-jogadores-2-2026-09-01,https://images.unsplash.com/photo-1508098682722-e99c43a406b2?q=80&w=600&auto=format&fit=crop
2026-09-01T21:34:17.882Z,2026-09-01T21:34:17.880Z,Everton Ribeiro completa 120 jogos pelo Bahia com golaço na Fonte Nova,"O veterano meia do Bahia comandou a vitória tricolor com passes decisivos e um belíssimo gol de fora da área, aplaudido de pé.",Bahia Esportes,https://www.gazetaesportiva.com?id=curado-jogadores-0-2026-09-01,https://images.unsplash.com/photo-1543351611-58f69d7c1781?q=80&w=600&auto=format&fit=crop
2026-09-01T21:34:17.882Z,2026-09-01T18:34:17.880Z,Renato Kayzer entra na mira de clubes europeus após grande fase no Castelão,Artilheiro do Fortaleza marcou 15 gols nos últimos 20 jogos. Agentes confirmam contatos de times da Itália e de Portugal.,Diário do Ceará,https://www.gazetaesportiva.com?id=curado-jogadores-1-2026-09-01,https://images.unsplash.com/photo-1518063319789-7217e6706b04?q=80&w=600&auto=format&fit=crop
2026-09-01T21:34:17.882Z,2026-09-01T15:34:17.880Z,Revelação do Ceará SC viaja para testes na Alemanha neste fim de semana,O jovem meio-campista de apenas 18 anos despertou interesse de clubes da Bundesliga após excelente atuação na Copa São Paulo.,Vozão Diário,https://www.gazetaesportiva.com?id=curado-jogadores-2-2026-09-01,https://images.unsplash.com/photo-1508098682722-e99c43a406b2?q=80&w=600&auto=format&fit=crop
2026-09-01T23:45:56.613Z,2026-09-01T23:45:56.611Z,Everton Ribeiro completa 120 jogos pelo Bahia com golaço na Fonte Nova,"O veterano meia do Bahia comandou a vitória tricolor com passes decisivos e um belíssimo gol de fora da área, aplaudido de pé.",Bahia Esportes,https://www.gazetaesportiva.com?id=curado-jogadores-0-2026-09-01,https://images.unsplash.com/photo-1543351611-58f69d7c1781?q=80&w=600&auto=format&fit=crop
2026-09-01T23:45:56.613Z,2026-09-01T20:45:56.611Z,Renato Kayzer entra na mira de clubes europeus após grande fase no Castelão,Artilheiro do Fortaleza marcou 15 gols nos últimos 20 jogos. Agentes confirmam contatos de times da Itália e de Portugal.,Diário do Ceará,https://www.gazetaesportiva.com?id=curado-jogadores-1-2026-09-01,https://images.unsplash.com/photo-1518063319789-7217e6706b04?q=80&w=600&auto=format&fit=crop
2026-09-01T23:45:56.613Z,2026-09-01T17:45:56.611Z,Revelação do Ceará SC viaja para testes na Alemanha neste fim de semana,O jovem meio-campista de apenas 18 anos despertou interesse de clubes da Bundesliga após excelente atuação na Copa São Paulo.,Vozão Diário,https://www.gazetaesportiva.com?id=curado-jogadores-2-2026-09-01,https://images.unsplash.com/photo-1508098682722-e99c43a406b2?q=80&w=600&auto=format&fit=crop
2026-09-02T02:44:39.682Z,2026-09-02T02:44:39.679Z,Everton Ribeiro completa 120 jogos pelo Bahia com golaço na Fonte Nova,"O veterano meia do Bahia comandou a vitória tricolor com passes decisivos e um belíssimo gol de fora da área, aplaudido de pé.",Bahia Esportes,https://www.gazetaesportiva.com?id=curado-jogadores-0-2026-09-02,https://images.unsplash.com/photo-1543351611-58f69d7c1781?q=80&w=600&auto=format&fit=crop
2026-09-02T02:44:39.682Z,2026-09-01T22:39:40.000Z,Vasco realiza último treino antes da viagem para Salvador,"Elenco Cruz-Maltino fez últimas atividades no Rio antes de partida decisiva contra o Vitória pelas quartas de final da Copa do Brasil.
O post Vasco realiza último treino antes da v...",Gazeta Esportiva,https://www.gazetaesportiva.com/todas-as-noticias/vasco-realiza-ultimo-treino-antes-da-viagem-para-salvador/,https://static.gazetaesportiva.com/uploads/2026/09/xl0gtsyh-1920Vasco.webp
2026-09-02T02:44:39.682Z,2026-09-01T21:15:04.000Z,Arthur é o novo reforço do Santos,"Meio-campista de 30 anos assinou contrato por quatro meses até o fim da temporada de 2026.
O post Arthur é o novo reforço do Santos apareceu primeiro em Gazeta Esportiva.",Gazeta Esportiva,https://www.gazetaesportiva.com/todas-as-noticias/arthur-e-o-novo-reforco-do-santos/,https://static.gazetaesportiva.com/uploads/2026/09/3prqs2ae-1920Arthur.webp
2026-09-02T02:44:39.682Z,2026-09-01T20:27:33.000Z,"Ex-Athletico e Vitória, Charlys acerta com a Inter de Milão","Charlys tem um novo desafio na carreira. O volante brasileiro, revelado pelo Vitória, acertou sua transferência para a Inter de Milão aos 22 anos. O jogador chega por empréstimo de...",Gazeta Esportiva,https://www.gazetaesportiva.com/times/internazionale/ex-athletico-e-vitoria-charlys-acerta-com-a-inter-de-milao/,https://static.gazetaesportiva.com/uploads/2026/09/Welcome_U23_16x9.webp
2026-09-02T07:35:31.937Z,2026-09-02T07:35:31.936Z,Everton Ribeiro completa 120 jogos pelo Bahia com golaço na Fonte Nova,"O veterano meia do Bahia comandou a vitória tricolor com passes decisivos e um belíssimo gol de fora da área, aplaudido de pé.",Bahia Esportes,https://www.gazetaesportiva.com?id=curado-jogadores-0-2026-09-02,https://images.unsplash.com/photo-1543351611-58f69d7c1781?q=80&w=600&auto=format&fit=crop
2026-09-02T07:35:31.937Z,2026-09-01T22:39:40.000Z,Vasco realiza último treino antes da viagem para Salvador,"Elenco Cruz-Maltino fez últimas atividades no Rio antes de partida decisiva contra o Vitória pelas quartas de final da Copa do Brasil.
O post Vasco realiza último treino antes da v...",Gazeta Esportiva,https://www.gazetaesportiva.com/todas-as-noticias/vasco-realiza-ultimo-treino-antes-da-viagem-para-salvador/,https://static.gazetaesportiva.com/uploads/2026/09/xl0gtsyh-1920Vasco.webp
2026-09-02T07:35:31.937Z,2026-09-01T21:15:04.000Z,Arthur é o novo reforço do Santos,"Meio-campista de 30 anos assinou contrato por quatro meses até o fim da temporada de 2026.
O post Arthur é o novo reforço do Santos apareceu primeiro em Gazeta Esportiva.",Gazeta Esportiva,https://www.gazetaesportiva.com/todas-as-noticias/arthur-e-o-novo-reforco-do-santos/,https://static.gazetaesportiva.com/uploads/2026/09/3prqs2ae-1920Arthur.webp
2026-09-02T07:35:31.937Z,2026-09-01T20:27:33.000Z,"Ex-Athletico e Vitória, Charlys acerta com a Inter de Milão","Charlys tem um novo desafio na carreira. O volante brasileiro, revelado pelo Vitória, acertou sua transferência para a Inter de Milão aos 22 anos. O jogador chega por empréstimo de...",Gazeta Esportiva,https://www.gazetaesportiva.com/times/internazionale/ex-athletico-e-vitoria-charlys-acerta-com-a-inter-de-milao/,https://static.gazetaesportiva.com/uploads/2026/09/Welcome_U23_16x9.webp
2026-09-02T12:30:33.634Z,2026-09-02T12:30:33.631Z,Everton Ribeiro completa 120 jogos pelo Bahia com golaço na Fonte Nova,"O veterano meia do Bahia comandou a vitória tricolor com passes decisivos e um belíssimo gol de fora da área, aplaudido de pé.",Bahia Esportes,https://www.gazetaesportiva.com?id=curado-jogadores-0-2026-09-02,https://images.unsplash.com/photo-1543351611-58f69d7c1781?q=80&w=600&auto=format&fit=crop
2026-09-02T12:30:33.634Z,2026-09-02T11:48:58.000Z,Alexandre Pato completa 37 anos: veja fotos da carreira do atacante,"Alexandre Pato completa 37 anos: veja fotos da carreira do atacante
O post Alexandre Pato completa 37 anos: veja fotos da carreira do atacante apareceu primeiro em Gazeta Esportiva...",Gazeta Esportiva,https://www.gazetaesportiva.com/futebol/alexandre-pato-completa-31-anos-veja-fotos-da-carreira-do-atacante/,https://static.gazetaesportiva.com/uploads/imagem/2023/09/19/PATO.jpg
2026-09-02T12:30:33.634Z,2026-09-01T22:39:40.000Z,Vasco realiza último treino antes da viagem para Salvador,"Elenco Cruz-Maltino fez últimas atividades no Rio antes de partida decisiva contra o Vitória pelas quartas de final da Copa do Brasil.
O post Vasco realiza último treino antes da v...",Gazeta Esportiva,https://www.gazetaesportiva.com/todas-as-noticias/vasco-realiza-ultimo-treino-antes-da-viagem-para-salvador/,https://static.gazetaesportiva.com/uploads/2026/09/xl0gtsyh-1920Vasco.webp
2026-09-02T12:30:33.634Z,2026-09-01T21:15:04.000Z,Arthur é o novo reforço do Santos,"Meio-campista de 30 anos assinou contrato por quatro meses até o fim da temporada de 2026.
O post Arthur é o novo reforço do Santos apareceu primeiro em Gazeta Esportiva.",Gazeta Esportiva,https://www.gazetaesportiva.com/todas-as-noticias/arthur-e-o-novo-reforco-do-santos/,https://static.gazetaesportiva.com/uploads/2026/09/3prqs2ae-1920Arthur.webp
2026-09-02T16:57:50.249Z,2026-09-02T16:57:50.246Z,Everton Ribeiro completa 120 jogos pelo Bahia com golaço na Fonte Nova,"O veterano meia do Bahia comandou a vitória tricolor com passes decisivos e um belíssimo gol de fora da área, aplaudido de pé.",Bahia Esportes,https://www.gazetaesportiva.com?id=curado-jogadores-0-2026-09-02,https://images.unsplash.com/photo-1543351611-58f69d7c1781?q=80&w=600&auto=format&fit=crop
2026-09-02T16:57:50.249Z,2026-09-02T13:57:50.246Z,Renato Kayzer entra na mira de clubes europeus após grande fase no Castelão,Artilheiro do Fortaleza marcou 15 gols nos últimos 20 jogos. Agentes confirmam contatos de times da Itália e de Portugal.,Diário do Ceará,https://www.gazetaesportiva.com?id=curado-jogadores-1-2026-09-02,https://images.unsplash.com/photo-1518063319789-7217e6706b04?q=80&w=600&auto=format&fit=crop
2026-09-02T16:57:50.249Z,2026-09-02T12:40:30.000Z,Arteta confirma que o Arsenal ainda busca novos reforços,"Arteta confirma que o Arsenal ainda busca novos reforços
O post Arteta confirma que o Arsenal ainda busca novos reforços apareceu primeiro em Gazeta Esportiva.",Gazeta Esportiva,https://www.gazetaesportiva.com/times/arsenal/arteta-confirma-que-o-arsenal-ainda-busca-novos-reforcos/,https://static.gazetaesportiva.com/uploads/2026/08/uq042nt6-1920Mikel-Arteta.webp
2026-09-02T16:57:50.249Z,2026-09-02T11:48:58.000Z,Alexandre Pato completa 37 anos: veja fotos da carreira do atacante,"Alexandre Pato completa 37 anos: veja fotos da carreira do atacante
O post Alexandre Pato completa 37 anos: veja fotos da carreira do atacante apareceu primeiro em Gazeta Esportiva...",Gazeta Esportiva,https://www.gazetaesportiva.com/futebol/alexandre-pato-completa-31-anos-veja-fotos-da-carreira-do-atacante/,https://static.gazetaesportiva.com/uploads/imagem/2023/09/19/PATO.jpg
2026-09-02T19:39:01.232Z,2026-09-02T19:39:01.228Z,Everton Ribeiro completa 120 jogos pelo Bahia com golaço na Fonte Nova,"O veterano meia do Bahia comandou a vitória tricolor com passes decisivos e um belíssimo gol de fora da área, aplaudido de pé.",Bahia Esportes,https://www.gazetaesportiva.com?id=curado-jogadores-0-2026-09-02,https://images.unsplash.com/photo-1543351611-58f69d7c1781?q=80&w=600&auto=format&fit=crop
2026-09-02T19:39:01.232Z,2026-09-02T16:39:01.228Z,Renato Kayzer entra na mira de clubes europeus após grande fase no Castelão,Artilheiro do Fortaleza marcou 15 gols nos últimos 20 jogos. Agentes confirmam contatos de times da Itália e de Portugal.,Diário do Ceará,https://www.gazetaesportiva.com?id=curado-jogadores-1-2026-09-02,https://images.unsplash.com/photo-1518063319789-7217e6706b04?q=80&w=600&auto=format&fit=crop
2026-09-02T19:39:01.232Z,2026-09-02T13:39:01.228Z,Revelação do Ceará SC viaja para testes na Alemanha neste fim de semana,O jovem meio-campista de apenas 18 anos despertou interesse de clubes da Bundesliga após excelente atuação na Copa São Paulo.,Vozão Diário,https://www.gazetaesportiva.com?id=curado-jogadores-2-2026-09-02,https://images.unsplash.com/photo-1508098682722-e99c43a406b2?q=80&w=600&auto=format&fit=crop
2026-09-02T22:19:14.233Z,2026-09-02T22:19:14.230Z,Everton Ribeiro completa 120 jogos pelo Bahia com golaço na Fonte Nova,"O veterano meia do Bahia comandou a vitória tricolor com passes decisivos e um belíssimo gol de fora da área, aplaudido de pé.",Bahia Esportes,https://www.gazetaesportiva.com?id=curado-jogadores-0-2026-09-02,https://images.unsplash.com/photo-1543351611-58f69d7c1781?q=80&w=600&auto=format&fit=crop
2026-09-02T22:19:14.233Z,2026-09-02T19:19:14.230Z,Renato Kayzer entra na mira de clubes europeus após grande fase no Castelão,Artilheiro do Fortaleza marcou 15 gols nos últimos 20 jogos. Agentes confirmam contatos de times da Itália e de Portugal.,Diário do Ceará,https://www.gazetaesportiva.com?id=curado-jogadores-1-2026-09-02,https://images.unsplash.com/photo-1518063319789-7217e6706b04?q=80&w=600&auto=format&fit=crop
2026-09-02T22:19:14.233Z,2026-09-02T16:19:14.230Z,Revelação do Ceará SC viaja para testes na Alemanha neste fim de semana,O jovem meio-campista de apenas 18 anos despertou interesse de clubes da Bundesliga após excelente atuação na Copa São Paulo.,Vozão Diário,https://www.gazetaesportiva.com?id=curado-jogadores-2-2026-09-02,https://images.unsplash.com/photo-1508098682722-e99c43a406b2?q=80&w=600&auto=format&fit=crop
2026-09-03T00:28:34.493Z,2026-09-03T00:28:34.490Z,Everton Ribeiro completa 120 jogos pelo Bahia com golaço na Fonte Nova,"O veterano meia do Bahia comandou a vitória tricolor com passes decisivos e um belíssimo gol de fora da área, aplaudido de pé.",Bahia Esportes,https://www.gazetaesportiva.com?id=curado-jogadores-0-2026-09-03,https://images.unsplash.com/photo-1543351611-58f69d7c1781?q=80&w=600&auto=format&fit=crop
2026-09-03T00:28:34.493Z,2026-09-02T21:28:34.490Z,Renato Kayzer entra na mira de clubes europeus após grande fase no Castelão,Artilheiro do Fortaleza marcou 15 gols nos últimos 20 jogos. Agentes confirmam contatos de times da Itália e de Portugal.,Diário do Ceará,https://www.gazetaesportiva.com?id=curado-jogadores-1-2026-09-02,https://images.unsplash.com/photo-1518063319789-7217e6706b04?q=80&w=600&auto=format&fit=crop
2026-09-03T00:28:34.493Z,2026-09-02T18:28:34.490Z,Revelação do Ceará SC viaja para testes na Alemanha neste fim de semana,O jovem meio-campista de apenas 18 anos despertou interesse de clubes da Bundesliga após excelente atuação na Copa São Paulo.,Vozão Diário,https://www.gazetaesportiva.com?id=curado-jogadores-2-2026-09-02,https://images.unsplash.com/photo-1508098682722-e99c43a406b2?q=80&w=600&auto=format&fit=crop
2026-09-03T04:54:19.144Z,2026-09-03T04:54:19.141Z,Everton Ribeiro completa 120 jogos pelo Bahia com golaço na Fonte Nova,"O veterano meia do Bahia comandou a vitória tricolor com passes decisivos e um belíssimo gol de fora da área, aplaudido de pé.",Bahia Esportes,https://www.gazetaesportiva.com?id=curado-jogadores-0-2026-09-03,https://images.unsplash.com/photo-1543351611-58f69d7c1781?q=80&w=600&auto=format&fit=crop
2026-09-03T04:54:19.144Z,2026-09-03T01:54:19.141Z,Renato Kayzer entra na mira de clubes europeus após grande fase no Castelão,Artilheiro do Fortaleza marcou 15 gols nos últimos 20 jogos. Agentes confirmam contatos de times da Itália e de Portugal.,Diário do Ceará,https://www.gazetaesportiva.com?id=curado-jogadores-1-2026-09-03,https://images.unsplash.com/photo-1518063319789-7217e6706b04?q=80&w=600&auto=format&fit=crop
2026-09-03T04:54:19.144Z,2026-09-03T00:46:10.000Z,Jorginho destaca evolução do Flamengo após vitória e projeta sequência do Brasileirão,"Após a vitória por 2 a 0 sobre o Mirassol, nesta quarta-feira, no Maracanã, Jorginho destacou a evolução do Flamengo nas últimas partidas e afirmou que o elenco precisa manter o fo...",Gazeta Esportiva,https://www.gazetaesportiva.com/times/flamengo/jorginho-destaca-evolucao-do-flamengo-apos-vitoria-e-projeta-sequencia-do-brasileirao/,https://static.gazetaesportiva.com/uploads/2026/03/55136635456_95a17ec1b4_o.webp
2026-09-03T04:54:19.144Z,2026-09-02T22:54:19.141Z,Revelação do Ceará SC viaja para testes na Alemanha neste fim de semana,O jovem meio-campista de apenas 18 anos despertou interesse de clubes da Bundesliga após excelente atuação na Copa São Paulo.,Vozão Diário,https://www.gazetaesportiva.com?id=curado-jogadores-2-2026-09-02,https://images.unsplash.com/photo-1508098682722-e99c43a406b2?q=80&w=600&auto=format&fit=crop
2026-09-03T09:25:36.580Z,2026-09-03T09:25:36.577Z,Everton Ribeiro completa 120 jogos pelo Bahia com golaço na Fonte Nova,"O veterano meia do Bahia comandou a vitória tricolor com passes decisivos e um belíssimo gol de fora da área, aplaudido de pé.",Bahia Esportes,https://www.gazetaesportiva.com?id=curado-jogadores-0-2026-09-03,https://images.unsplash.com/photo-1543351611-58f69d7c1781?q=80&w=600&auto=format&fit=crop
2026-09-03T09:25:36.580Z,2026-09-03T06:25:36.577Z,Renato Kayzer entra na mira de clubes europeus após grande fase no Castelão,Artilheiro do Fortaleza marcou 15 gols nos últimos 20 jogos. Agentes confirmam contatos de times da Itália e de Portugal.,Diário do Ceará,https://www.gazetaesportiva.com?id=curado-jogadores-1-2026-09-03,https://images.unsplash.com/photo-1518063319789-7217e6706b04?q=80&w=600&auto=format&fit=crop
2026-09-03T09:25:36.580Z,2026-09-03T03:25:36.577Z,Revelação do Ceará SC viaja para testes na Alemanha neste fim de semana,O jovem meio-campista de apenas 18 anos despertou interesse de clubes da Bundesliga após excelente atuação na Copa São Paulo.,Vozão Diário,https://www.gazetaesportiva.com?id=curado-jogadores-2-2026-09-03,https://images.unsplash.com/photo-1508098682722-e99c43a406b2?q=80&w=600&auto=format&fit=crop
2026-09-03T13:45:24.806Z,2026-09-03T13:45:24.804Z,Everton Ribeiro completa 120 jogos pelo Bahia com golaço na Fonte Nova,"O veterano meia do Bahia comandou a vitória tricolor com passes decisivos e um belíssimo gol de fora da área, aplaudido de pé.",Bahia Esportes,https://www.gazetaesportiva.com?id=curado-jogadores-0-2026-09-03,https://images.unsplash.com/photo-1543351611-58f69d7c1781?q=80&w=600&auto=format&fit=crop
2026-09-03T13:45:24.806Z,2026-09-03T12:28:29.000Z,Leonardo Jardim avalia retorno de Plata e novos reforços do Flamengo,"Leonardo Jardim avalia retorno de Plata e novos reforços do Flamengo
O post Leonardo Jardim avalia retorno de Plata e novos reforços do Flamengo apareceu primeiro em Gazeta Esporti...",Gazeta Esportiva,https://www.gazetaesportiva.com/todas-as-noticias/leonardo-jardim-avalia-retorno-de-plata-e-novos-reforcos-do-flamengo/,https://static.gazetaesportiva.com/uploads/2026/05/Leonardo-Jardim-fala.webp
2026-09-03T13:45:24.806Z,2026-09-03T10:45:24.804Z,Renato Kayzer entra na mira de clubes europeus após grande fase no Castelão,Artilheiro do Fortaleza marcou 15 gols nos últimos 20 jogos. Agentes confirmam contatos de times da Itália e de Portugal.,Diário do Ceará,https://www.gazetaesportiva.com?id=curado-jogadores-1-2026-09-03,https://images.unsplash.com/photo-1518063319789-7217e6706b04?q=80&w=600&auto=format&fit=crop
2026-09-03T13:45:24.806Z,2026-09-03T00:46:10.000Z,Jorginho destaca evolução do Flamengo após vitória e projeta sequência do Brasileirão,"Após a vitória por 2 a 0 sobre o Mirassol, nesta quarta-feira, no Maracanã, Jorginho destacou a evolução do Flamengo nas últimas partidas e afirmou que o elenco precisa manter o fo...",Gazeta Esportiva,https://www.gazetaesportiva.com/times/flamengo/jorginho-destaca-evolucao-do-flamengo-apos-vitoria-e-projeta-sequencia-do-brasileirao/,https://static.gazetaesportiva.com/uploads/2026/03/55136635456_95a17ec1b4_o.webp
2026-09-03T17:29:40.296Z,2026-09-03T17:29:40.292Z,Everton Ribeiro completa 120 jogos pelo Bahia com golaço na Fonte Nova,"O veterano meia do Bahia comandou a vitória tricolor com passes decisivos e um belíssimo gol de fora da área, aplaudido de pé.",Bahia Esportes,https://www.gazetaesportiva.com?id=curado-jogadores-0-2026-09-03,https://images.unsplash.com/photo-1543351611-58f69d7c1781?q=80&w=600&auto=format&fit=crop
2026-09-03T17:29:40.296Z,2026-09-03T14:29:40.292Z,Renato Kayzer entra na mira de clubes europeus após grande fase no Castelão,Artilheiro do Fortaleza marcou 15 gols nos últimos 20 jogos. Agentes confirmam contatos de times da Itália e de Portugal.,Diário do Ceará,https://www.gazetaesportiva.com?id=curado-jogadores-1-2026-09-03,https://images.unsplash.com/photo-1518063319789-7217e6706b04?q=80&w=600&auto=format&fit=crop
2026-09-03T17:29:40.296Z,2026-09-03T11:29:40.292Z,Revelação do Ceará SC viaja para testes na Alemanha neste fim de semana,O jovem meio-campista de apenas 18 anos despertou interesse de clubes da Bundesliga após excelente atuação na Copa São Paulo.,Vozão Diário,https://www.gazetaesportiva.com?id=curado-jogadores-2-2026-09-03,https://images.unsplash.com/photo-1508098682722-e99c43a406b2?q=80&w=600&auto=format&fit=crop
2026-09-03T20:05:01.170Z,2026-09-03T20:05:01.166Z,Everton Ribeiro completa 120 jogos pelo Bahia com golaço na Fonte Nova,"O veterano meia do Bahia comandou a vitória tricolor com passes decisivos e um belíssimo gol de fora da área, aplaudido de pé.",Bahia Esportes,https://www.gazetaesportiva.com?id=curado-jogadores-0-2026-09-03,https://images.unsplash.com/photo-1543351611-58f69d7c1781?q=80&w=600&auto=format&fit=crop
2026-09-03T20:05:01.170Z,2026-09-03T17:05:01.166Z,Renato Kayzer entra na mira de clubes europeus após grande fase no Castelão,Artilheiro do Fortaleza marcou 15 gols nos últimos 20 jogos. Agentes confirmam contatos de times da Itália e de Portugal.,Diário do Ceará,https://www.gazetaesportiva.com?id=curado-jogadores-1-2026-09-03,https://images.unsplash.com/photo-1518063319789-7217e6706b04?q=80&w=600&auto=format&fit=crop
2026-09-03T20:05:01.170Z,2026-09-03T14:05:01.166Z,Revelação do Ceará SC viaja para testes na Alemanha neste fim de semana,O jovem meio-campista de apenas 18 anos despertou interesse de clubes da Bundesliga após excelente atuação na Copa São Paulo.,Vozão Diário,https://www.gazetaesportiva.com?id=curado-jogadores-2-2026-09-03,https://images.unsplash.com/photo-1508098682722-e99c43a406b2?q=80&w=600&auto=format&fit=crop
2026-09-03T22:43:03.763Z,2026-09-03T22:43:03.761Z,Everton Ribeiro completa 120 jogos pelo Bahia com golaço na Fonte Nova,"O veterano meia do Bahia comandou a vitória tricolor com passes decisivos e um belíssimo gol de fora da área, aplaudido de pé.",Bahia Esportes,https://www.gazetaesportiva.com?id=curado-jogadores-0-2026-09-03,https://images.unsplash.com/photo-1543351611-58f69d7c1781?q=80&w=600&auto=format&fit=crop
2026-09-03T22:43:03.763Z,2026-09-03T20:39:42.000Z,Lille de Davide Ancelotti vence mais uma e dorme na liderança do Campeonato Francês,"O Lille venceu o Toulouse por 1 a 0, fora de casa, pela terceira rodada da Ligue 1. Em sua estreia pelo clube, o atacante japonês Ayase Ueda marcou o gol da vitória e garantiu a li...",Gazeta Esportiva,https://www.gazetaesportiva.com/times/lille/lille-de-davide-ancelotti-vence-mais-uma-e-dorme-na-lideranca-do-campeonato-frances/,https://static.gazetaesportiva.com/uploads/2026/09/AFP__20260903__C7AX2WH__v1__HighRes__FblFraLigue1ToulouseLille.webp
2026-09-03T22:43:03.763Z,2026-09-03T19:43:03.761Z,Renato Kayzer entra na mira de clubes europeus após grande fase no Castelão,Artilheiro do Fortaleza marcou 15 gols nos últimos 20 jogos. Agentes confirmam contatos de times da Itália e de Portugal.,Diário do Ceará,https://www.gazetaesportiva.com?id=curado-jogadores-1-2026-09-03,https://images.unsplash.com/photo-1518063319789-7217e6706b04?q=80&w=600&auto=format&fit=crop
2026-09-03T22:43:03.763Z,2026-09-03T16:43:03.761Z,Revelação do Ceará SC viaja para testes na Alemanha neste fim de semana,O jovem meio-campista de apenas 18 anos despertou interesse de clubes da Bundesliga após excelente atuação na Copa São Paulo.,Vozão Diário,https://www.gazetaesportiva.com?id=curado-jogadores-2-2026-09-03,https://images.unsplash.com/photo-1508098682722-e99c43a406b2?q=80&w=600&auto=format&fit=crop
2026-09-04T00:43:27.362Z,2026-09-04T00:43:27.359Z,Everton Ribeiro completa 120 jogos pelo Bahia com golaço na Fonte Nova,"O veterano meia do Bahia comandou a vitória tricolor com passes decisivos e um belíssimo gol de fora da área, aplaudido de pé.",Bahia Esportes,https://www.gazetaesportiva.com?id=curado-jogadores-0-2026-09-04,https://images.unsplash.com/photo-1543351611-58f69d7c1781?q=80&w=600&auto=format&fit=crop
2026-09-04T00:43:27.362Z,2026-09-03T21:43:27.359Z,Renato Kayzer entra na mira de clubes europeus após grande fase no Castelão,Artilheiro do Fortaleza marcou 15 gols nos últimos 20 jogos. Agentes confirmam contatos de times da Itália e de Portugal.,Diário do Ceará,https://www.gazetaesportiva.com?id=curado-jogadores-1-2026-09-03,https://images.unsplash.com/photo-1518063319789-7217e6706b04?q=80&w=600&auto=format&fit=crop
2026-09-04T00:43:27.362Z,2026-09-03T20:39:42.000Z,Lille de Davide Ancelotti vence mais uma e dorme na liderança do Campeonato Francês,"O Lille venceu o Toulouse por 1 a 0, fora de casa, pela terceira rodada da Ligue 1. Em sua estreia pelo clube, o atacante japonês Ayase Ueda marcou o gol da vitória e garantiu a li...",Gazeta Esportiva,https://www.gazetaesportiva.com/times/lille/lille-de-davide-ancelotti-vence-mais-uma-e-dorme-na-lideranca-do-campeonato-frances/,https://static.gazetaesportiva.com/uploads/2026/09/AFP__20260903__C7AX2WH__v1__HighRes__FblFraLigue1ToulouseLille.webp
2026-09-04T00:43:27.362Z,2026-09-03T18:43:27.359Z,Revelação do Ceará SC viaja para testes na Alemanha neste fim de semana,O jovem meio-campista de apenas 18 anos despertou interesse de clubes da Bundesliga após excelente atuação na Copa São Paulo.,Vozão Diário,https://www.gazetaesportiva.com?id=curado-jogadores-2-2026-09-03,https://images.unsplash.com/photo-1508098682722-e99c43a406b2?q=80&w=600&auto=format&fit=crop
2026-09-04T05:27:06.156Z,2026-09-04T05:27:06.153Z,Everton Ribeiro completa 120 jogos pelo Bahia com golaço na Fonte Nova,"O veterano meia do Bahia comandou a vitória tricolor com passes decisivos e um belíssimo gol de fora da área, aplaudido de pé.",Bahia Esportes,https://www.gazetaesportiva.com?id=curado-jogadores-0-2026-09-04,https://images.unsplash.com/photo-1543351611-58f69d7c1781?q=80&w=600&auto=format&fit=crop
2026-09-04T05:27:06.156Z,2026-09-04T02:27:06.153Z,Renato Kayzer entra na mira de clubes europeus após grande fase no Castelão,Artilheiro do Fortaleza marcou 15 gols nos últimos 20 jogos. Agentes confirmam contatos de times da Itália e de Portugal.,Diário do Ceará,https://www.gazetaesportiva.com?id=curado-jogadores-1-2026-09-04,https://images.unsplash.com/photo-1518063319789-7217e6706b04?q=80&w=600&auto=format&fit=crop
2026-09-04T05:27:06.156Z,2026-09-03T23:27:06.153Z,Revelação do Ceará SC viaja para testes na Alemanha neste fim de semana,O jovem meio-campista de apenas 18 anos despertou interesse de clubes da Bundesliga após excelente atuação na Copa São Paulo.,Vozão Diário,https://www.gazetaesportiva.com?id=curado-jogadores-2-2026-09-03,https://images.unsplash.com/photo-1508098682722-e99c43a406b2?q=80&w=600&auto=format&fit=crop
2026-09-04T05:27:06.156Z,2026-09-03T20:39:42.000Z,Lille de Davide Ancelotti vence mais uma e dorme na liderança do Campeonato Francês,"O Lille venceu o Toulouse por 1 a 0, fora de casa, pela terceira rodada da Ligue 1. Em sua estreia pelo clube, o atacante japonês Ayase Ueda marcou o gol da vitória e garantiu a li...",Gazeta Esportiva,https://www.gazetaesportiva.com/times/lille/lille-de-davide-ancelotti-vence-mais-uma-e-dorme-na-lideranca-do-campeonato-frances/,https://static.gazetaesportiva.com/uploads/2026/09/AFP__20260903__C7AX2WH__v1__HighRes__FblFraLigue1ToulouseLille.webp
2026-09-04T09:51:20.503Z,2026-09-04T09:51:20.501Z,Everton Ribeiro completa 120 jogos pelo Bahia com golaço na Fonte Nova,"O veterano meia do Bahia comandou a vitória tricolor com passes decisivos e um belíssimo gol de fora da área, aplaudido de pé.",Bahia Esportes,https://www.gazetaesportiva.com?id=curado-jogadores-0-2026-09-04,https://images.unsplash.com/photo-1543351611-58f69d7c1781?q=80&w=600&auto=format&fit=crop
2026-09-04T09:51:20.503Z,2026-09-04T06:51:20.501Z,Renato Kayzer entra na mira de clubes europeus após grande fase no Castelão,Artilheiro do Fortaleza marcou 15 gols nos últimos 20 jogos. Agentes confirmam contatos de times da Itália e de Portugal.,Diário do Ceará,https://www.gazetaesportiva.com?id=curado-jogadores-1-2026-09-04,https://images.unsplash.com/photo-1518063319789-7217e6706b04?q=80&w=600&auto=format&fit=crop
2026-09-04T09:51:20.503Z,2026-09-04T03:51:20.501Z,Revelação do Ceará SC viaja para testes na Alemanha neste fim de semana,O jovem meio-campista de apenas 18 anos despertou interesse de clubes da Bundesliga após excelente atuação na Copa São Paulo.,Vozão Diário,https://www.gazetaesportiva.com?id=curado-jogadores-2-2026-09-04,https://images.unsplash.com/photo-1508098682722-e99c43a406b2?q=80&w=600&auto=format&fit=crop
2026-09-04T09:51:20.503Z,2026-09-03T20:39:42.000Z,Lille de Davide Ancelotti vence mais uma e dorme na liderança do Campeonato Francês,"O Lille venceu o Toulouse por 1 a 0, fora de casa, pela terceira rodada da Ligue 1. Em sua estreia pelo clube, o atacante japonês Ayase Ueda marcou o gol da vitória e garantiu a li...",Gazeta Esportiva,https://www.gazetaesportiva.com/times/lille/lille-de-davide-ancelotti-vence-mais-uma-e-dorme-na-lideranca-do-campeonato-frances/,https://static.gazetaesportiva.com/uploads/2026/09/AFP__20260903__C7AX2WH__v1__HighRes__FblFraLigue1ToulouseLille.webp
2026-09-04T13:58:32.062Z,2026-09-04T13:58:32.059Z,Everton Ribeiro completa 120 jogos pelo Bahia com golaço na Fonte Nova,"O veterano meia do Bahia comandou a vitória tricolor com passes decisivos e um belíssimo gol de fora da área, aplaudido de pé.",Bahia Esportes,https://www.gazetaesportiva.com?id=curado-jogadores-0-2026-09-04,https://images.unsplash.com/photo-1543351611-58f69d7c1781?q=80&w=600&auto=format&fit=crop
2026-09-04T13:58:32.062Z,2026-09-04T10:58:32.059Z,Renato Kayzer entra na mira de clubes europeus após grande fase no Castelão,Artilheiro do Fortaleza marcou 15 gols nos últimos 20 jogos. Agentes confirmam contatos de times da Itália e de Portugal.,Diário do Ceará,https://www.gazetaesportiva.com?id=curado-jogadores-1-2026-09-04,https://images.unsplash.com/photo-1518063319789-7217e6706b04?q=80&w=600&auto=format&fit=crop
2026-09-04T13:58:32.062Z,2026-09-04T07:58:32.059Z,Revelação do Ceará SC viaja para testes na Alemanha neste fim de semana,O jovem meio-campista de apenas 18 anos despertou interesse de clubes da Bundesliga após excelente atuação na Copa São Paulo.,Vozão Diário,https://www.gazetaesportiva.com?id=curado-jogadores-2-2026-09-04,https://images.unsplash.com/photo-1508098682722-e99c43a406b2?q=80&w=600&auto=format&fit=crop
2026-09-04T17:30:50.389Z,2026-09-04T17:30:50.386Z,Everton Ribeiro completa 120 jogos pelo Bahia com golaço na Fonte Nova,"O veterano meia do Bahia comandou a vitória tricolor com passes decisivos e um belíssimo gol de fora da área, aplaudido de pé.",Bahia Esportes,https://www.gazetaesportiva.com?id=curado-jogadores-0-2026-09-04,https://images.unsplash.com/photo-1543351611-58f69d7c1781?q=80&w=600&auto=format&fit=crop
2026-09-04T17:30:50.389Z,2026-09-04T14:30:50.386Z,Renato Kayzer entra na mira de clubes europeus após grande fase no Castelão,Artilheiro do Fortaleza marcou 15 gols nos últimos 20 jogos. Agentes confirmam contatos de times da Itália e de Portugal.,Diário do Ceará,https://www.gazetaesportiva.com?id=curado-jogadores-1-2026-09-04,https://images.unsplash.com/photo-1518063319789-7217e6706b04?q=80&w=600&auto=format&fit=crop
2026-09-04T17:30:50.389Z,2026-09-04T11:30:50.386Z,Revelação do Ceará SC viaja para testes na Alemanha neste fim de semana,O jovem meio-campista de apenas 18 anos despertou interesse de clubes da Bundesliga após excelente atuação na Copa São Paulo.,Vozão Diário,https://www.gazetaesportiva.com?id=curado-jogadores-2-2026-09-04,https://images.unsplash.com/photo-1508098682722-e99c43a406b2?q=80&w=600&auto=format&fit=crop
2026-09-04T20:13:56.871Z,2026-09-04T20:13:56.867Z,Everton Ribeiro completa 120 jogos pelo Bahia com golaço na Fonte Nova,"O veterano meia do Bahia comandou a vitória tricolor com passes decisivos e um belíssimo gol de fora da área, aplaudido de pé.",Bahia Esportes,https://www.gazetaesportiva.com?id=curado-jogadores-0-2026-09-04,https://images.unsplash.com/photo-1543351611-58f69d7c1781?q=80&w=600&auto=format&fit=crop
2026-09-04T20:13:56.871Z,2026-09-04T17:13:56.867Z,Renato Kayzer entra na mira de clubes europeus após grande fase no Castelão,Artilheiro do Fortaleza marcou 15 gols nos últimos 20 jogos. Agentes confirmam contatos de times da Itália e de Portugal.,Diário do Ceará,https://www.gazetaesportiva.com?id=curado-jogadores-1-2026-09-04,https://images.unsplash.com/photo-1518063319789-7217e6706b04?q=80&w=600&auto=format&fit=crop
2026-09-04T20:13:56.871Z,2026-09-04T14:13:56.867Z,Revelação do Ceará SC viaja para testes na Alemanha neste fim de semana,O jovem meio-campista de apenas 18 anos despertou interesse de clubes da Bundesliga após excelente atuação na Copa São Paulo.,Vozão Diário,https://www.gazetaesportiva.com?id=curado-jogadores-2-2026-09-04,https://images.unsplash.com/photo-1508098682722-e99c43a406b2?q=80&w=600&auto=format&fit=crop
2026-09-04T22:26:35.199Z,2026-09-04T22:26:35.196Z,Everton Ribeiro completa 120 jogos pelo Bahia com golaço na Fonte Nova,"O veterano meia do Bahia comandou a vitória tricolor com passes decisivos e um belíssimo gol de fora da área, aplaudido de pé.",Bahia Esportes,https://www.gazetaesportiva.com?id=curado-jogadores-0-2026-09-04,https://images.unsplash.com/photo-1543351611-58f69d7c1781?q=80&w=600&auto=format&fit=crop
2026-09-04T22:26:35.199Z,2026-09-04T21:57:00.000Z,"Ex-São Paulo, Gabriel Sara marca golaço de falta e decide vitória do Galatasaray na Turquia","Revelado pelo São Paulo, Gabriel Sara voltou a ser decisivo pelo Galatasaray ao marcar o gol da vitória por 3 a 2 sobre o İstanbul Başakşehir, pelo Campeonato Turco. O meia balanço...",Gazeta Esportiva,https://www.gazetaesportiva.com/times/galatasaray/gabriel-sara-decide-galatasaray-gol-falta/,https://static.gazetaesportiva.com/uploads/2026/09/HQ684NwXIAAktzt.webp
2026-09-04T22:26:35.199Z,2026-09-04T19:26:35.196Z,Renato Kayzer entra na mira de clubes europeus após grande fase no Castelão,Artilheiro do Fortaleza marcou 15 gols nos últimos 20 jogos. Agentes confirmam contatos de times da Itália e de Portugal.,Diário do Ceará,https://www.gazetaesportiva.com?id=curado-jogadores-1-2026-09-04,https://images.unsplash.com/photo-1518063319789-7217e6706b04?q=80&w=600&auto=format&fit=crop
2026-09-04T22:26:35.199Z,2026-09-04T16:26:35.196Z,Revelação do Ceará SC viaja para testes na Alemanha neste fim de semana,O jovem meio-campista de apenas 18 anos despertou interesse de clubes da Bundesliga após excelente atuação na Copa São Paulo.,Vozão Diário,https://www.gazetaesportiva.com?id=curado-jogadores-2-2026-09-04,https://images.unsplash.com/photo-1508098682722-e99c43a406b2?q=80&w=600&auto=format&fit=crop
2026-09-05T00:16:14.109Z,2026-09-05T00:16:14.106Z,Everton Ribeiro completa 120 jogos pelo Bahia com golaço na Fonte Nova,"O veterano meia do Bahia comandou a vitória tricolor com passes decisivos e um belíssimo gol de fora da área, aplaudido de pé.",Bahia Esportes,https://www.gazetaesportiva.com?id=curado-jogadores-0-2026-09-05,https://images.unsplash.com/photo-1543351611-58f69d7c1781?q=80&w=600&auto=format&fit=crop
2026-09-05T00:16:14.109Z,2026-09-04T21:57:00.000Z,"Ex-São Paulo, Gabriel Sara marca golaço de falta e decide vitória do Galatasaray na Turquia","Revelado pelo São Paulo, Gabriel Sara voltou a ser decisivo pelo Galatasaray ao marcar o gol da vitória por 3 a 2 sobre o İstanbul Başakşehir, pelo Campeonato Turco. O meia balanço...",Gazeta Esportiva,https://www.gazetaesportiva.com/times/galatasaray/gabriel-sara-decide-galatasaray-gol-falta/,https://static.gazetaesportiva.com/uploads/2026/09/HQ684NwXIAAktzt.webp
2026-09-05T00:16:14.109Z,2026-09-04T21:16:14.106Z,Renato Kayzer entra na mira de clubes europeus após grande fase no Castelão,Artilheiro do Fortaleza marcou 15 gols nos últimos 20 jogos. Agentes confirmam contatos de times da Itália e de Portugal.,Diário do Ceará,https://www.gazetaesportiva.com?id=curado-jogadores-1-2026-09-04,https://images.unsplash.com/photo-1518063319789-7217e6706b04?q=80&w=600&auto=format&fit=crop
2026-09-05T00:16:14.109Z,2026-09-04T18:16:14.106Z,Revelação do Ceará SC viaja para testes na Alemanha neste fim de semana,O jovem meio-campista de apenas 18 anos despertou interesse de clubes da Bundesliga após excelente atuação na Copa São Paulo.,Vozão Diário,https://www.gazetaesportiva.com?id=curado-jogadores-2-2026-09-04,https://images.unsplash.com/photo-1508098682722-e99c43a406b2?q=80&w=600&auto=format&fit=crop
2026-09-05T04:47:13.859Z,2026-09-05T04:47:13.855Z,Everton Ribeiro completa 120 jogos pelo Bahia com golaço na Fonte Nova,"O veterano meia do Bahia comandou a vitória tricolor com passes decisivos e um belíssimo gol de fora da área, aplaudido de pé.",Bahia Esportes,https://www.gazetaesportiva.com?id=curado-jogadores-0-2026-09-05,https://images.unsplash.com/photo-1543351611-58f69d7c1781?q=80&w=600&auto=format&fit=crop
2026-09-05T04:47:13.859Z,2026-09-05T01:47:13.855Z,Renato Kayzer entra na mira de clubes europeus após grande fase no Castelão,Artilheiro do Fortaleza marcou 15 gols nos últimos 20 jogos. Agentes confirmam contatos de times da Itália e de Portugal.,Diário do Ceará,https://www.gazetaesportiva.com?id=curado-jogadores-1-2026-09-05,https://images.unsplash.com/photo-1518063319789-7217e6706b04?q=80&w=600&auto=format&fit=crop
2026-09-05T04:47:13.859Z,2026-09-04T22:47:13.855Z,Revelação do Ceará SC viaja para testes na Alemanha neste fim de semana,O jovem meio-campista de apenas 18 anos despertou interesse de clubes da Bundesliga após excelente atuação na Copa São Paulo.,Vozão Diário,https://www.gazetaesportiva.com?id=curado-jogadores-2-2026-09-04,https://images.unsplash.com/photo-1508098682722-e99c43a406b2?q=80&w=600&auto=format&fit=crop
2026-09-05T08:47:08.321Z,2026-09-05T08:47:08.315Z,Everton Ribeiro completa 120 jogos pelo Bahia com golaço na Fonte Nova,"O veterano meia do Bahia comandou a vitória tricolor com passes decisivos e um belíssimo gol de fora da área, aplaudido de pé.",Bahia Esportes,https://www.gazetaesportiva.com?id=curado-jogadores-0-2026-09-05,https://images.unsplash.com/photo-1543351611-58f69d7c1781?q=80&w=600&auto=format&fit=crop
2026-09-05T08:47:08.321Z,2026-09-05T05:47:08.315Z,Renato Kayzer entra na mira de clubes europeus após grande fase no Castelão,Artilheiro do Fortaleza marcou 15 gols nos últimos 20 jogos. Agentes confirmam contatos de times da Itália e de Portugal.,Diário do Ceará,https://www.gazetaesportiva.com?id=curado-jogadores-1-2026-09-05,https://images.unsplash.com/photo-1518063319789-7217e6706b04?q=80&w=600&auto=format&fit=crop
2026-09-05T08:47:08.321Z,2026-09-05T02:47:08.315Z,Revelação do Ceará SC viaja para testes na Alemanha neste fim de semana,O jovem meio-campista de apenas 18 anos despertou interesse de clubes da Bundesliga após excelente atuação na Copa São Paulo.,Vozão Diário,https://www.gazetaesportiva.com?id=curado-jogadores-2-2026-09-05,https://images.unsplash.com/photo-1508098682722-e99c43a406b2?q=80&w=600&auto=format&fit=crop
2026-09-05T12:20:19.136Z,2026-09-05T12:20:19.131Z,Everton Ribeiro completa 120 jogos pelo Bahia com golaço na Fonte Nova,"O veterano meia do Bahia comandou a vitória tricolor com passes decisivos e um belíssimo gol de fora da área, aplaudido de pé.",Bahia Esportes,https://www.gazetaesportiva.com?id=curado-jogadores-0-2026-09-05,https://images.unsplash.com/photo-1543351611-58f69d7c1781?q=80&w=600&auto=format&fit=crop
2026-09-05T12:20:19.136Z,2026-09-05T09:20:19.131Z,Renato Kayzer entra na mira de clubes europeus após grande fase no Castelão,Artilheiro do Fortaleza marcou 15 gols nos últimos 20 jogos. Agentes confirmam contatos de times da Itália e de Portugal.,Diário do Ceará,https://www.gazetaesportiva.com?id=curado-jogadores-1-2026-09-05,https://images.unsplash.com/photo-1518063319789-7217e6706b04?q=80&w=600&auto=format&fit=crop
2026-09-05T12:20:19.136Z,2026-09-05T06:20:19.131Z,Revelação do Ceará SC viaja para testes na Alemanha neste fim de semana,O jovem meio-campista de apenas 18 anos despertou interesse de clubes da Bundesliga após excelente atuação na Copa São Paulo.,Vozão Diário,https://www.gazetaesportiva.com?id=curado-jogadores-2-2026-09-05,https://images.unsplash.com/photo-1508098682722-e99c43a406b2?q=80&w=600&auto=format&fit=crop
2026-09-05T15:25:19.831Z,2026-09-05T15:25:19.828Z,Everton Ribeiro completa 120 jogos pelo Bahia com golaço na Fonte Nova,"O veterano meia do Bahia comandou a vitória tricolor com passes decisivos e um belíssimo gol de fora da área, aplaudido de pé.",Bahia Esportes,https://www.gazetaesportiva.com?id=curado-jogadores-0-2026-09-05,https://images.unsplash.com/photo-1543351611-58f69d7c1781?q=80&w=600&auto=format&fit=crop
2026-09-05T15:25:19.831Z,2026-09-05T11:00:52.000Z,Ex-São Paulo revela susto com Ronaldinho no Ravenna e projeta parceria,"Vinicius Di Stefano, atacante revelado pelo São Paulo e atualmente no Ravenna, da Itália, contou à Gazeta Esportiva como foi a experiência de conhecer Ronaldinho Gaúcho após o ex-c...",Gazeta Esportiva,https://www.gazetaesportiva.com/futebol/vinicius-di-stefano-ronaldinho-gaucho-ravenna/,https://static.gazetaesportiva.com/uploads/2026/08/WhatsApp-Image-2026-08-27-at-19.18.16-3.webp
2026-09-05T15:25:19.831Z,2026-09-05T08:30:47.000Z,Carrasco do Palmeiras no sub-20 tem como inspirações Romário e Coutinho,"Andrey Fernandes marcou os dois gols da vitória do Vasco sobre o Palmeiras e decidiu o título inédito do Campeonato Brasileiro sub-20. Conheça a trajetória do atacante de 18 anos, ...",Gazeta Esportiva,https://www.gazetaesportiva.com/times/vasco/quem-e-andrey-fernandes-vasco-carrasco-palmeiras-sub-20/,https://static.gazetaesportiva.com/uploads/2026/09/HRZ-GbuXQAUN8-c.webp
2026-09-05T15:25:19.831Z,2026-09-04T21:57:00.000Z,"Ex-São Paulo, Gabriel Sara marca golaço de falta e decide vitória do Galatasaray na Turquia","Revelado pelo São Paulo, Gabriel Sara voltou a ser decisivo pelo Galatasaray ao marcar o gol da vitória por 3 a 2 sobre o İstanbul Başakşehir, pelo Campeonato Turco. O meia balanço...",Gazeta Esportiva,https://www.gazetaesportiva.com/times/galatasaray/gabriel-sara-decide-galatasaray-gol-falta/,https://static.gazetaesportiva.com/uploads/2026/09/HQ684NwXIAAktzt.webp
2026-09-05T17:26:57.402Z,2026-09-05T17:26:57.398Z,Everton Ribeiro completa 120 jogos pelo Bahia com golaço na Fonte Nova,"O veterano meia do Bahia comandou a vitória tricolor com passes decisivos e um belíssimo gol de fora da área, aplaudido de pé.",Bahia Esportes,https://www.gazetaesportiva.com?id=curado-jogadores-0-2026-09-05,https://images.unsplash.com/photo-1543351611-58f69d7c1781?q=80&w=600&auto=format&fit=crop
2026-09-05T17:26:57.402Z,2026-09-05T15:39:13.000Z,Iraola elogia contribuição de Isak na vitória sobre o Ipswich,"Andoni Iraola destacou as boas atuações de Alexander Isak depois que o atacante sueco marcou dois gols para ajudar o Liverpool FC a voltar de Portman Road com os três pontos.
O pos...",Gazeta Esportiva,https://www.gazetaesportiva.com/todas-as-noticias/iraola-elogia-contribuicao-de-isak-na-vitoria-sobre-o-ipswich/,https://static.gazetaesportiva.com/uploads/2026/09/gsv2s4ee-1920Iraola.webp
2026-09-05T17:26:57.402Z,2026-09-05T11:00:52.000Z,Ex-São Paulo revela susto com Ronaldinho no Ravenna e projeta parceria,"Vinicius Di Stefano, atacante revelado pelo São Paulo e atualmente no Ravenna, da Itália, contou à Gazeta Esportiva como foi a experiência de conhecer Ronaldinho Gaúcho após o ex-c...",Gazeta Esportiva,https://www.gazetaesportiva.com/futebol/vinicius-di-stefano-ronaldinho-gaucho-ravenna/,https://static.gazetaesportiva.com/uploads/2026/08/WhatsApp-Image-2026-08-27-at-19.18.16-3.webp
2026-09-05T17:26:57.402Z,2026-09-05T08:30:47.000Z,Carrasco do Palmeiras no sub-20 tem como inspirações Romário e Coutinho,"Andrey Fernandes marcou os dois gols da vitória do Vasco sobre o Palmeiras e decidiu o título inédito do Campeonato Brasileiro sub-20. Conheça a trajetória do atacante de 18 anos, ...",Gazeta Esportiva,https://www.gazetaesportiva.com/times/vasco/quem-e-andrey-fernandes-vasco-carrasco-palmeiras-sub-20/,https://static.gazetaesportiva.com/uploads/2026/09/HRZ-GbuXQAUN8-c.webp
2026-09-05T19:17:32.173Z,2026-09-05T19:17:32.170Z,Everton Ribeiro completa 120 jogos pelo Bahia com golaço na Fonte Nova,"O veterano meia do Bahia comandou a vitória tricolor com passes decisivos e um belíssimo gol de fora da área, aplaudido de pé.",Bahia Esportes,https://www.gazetaesportiva.com?id=curado-jogadores-0-2026-09-05,https://images.unsplash.com/photo-1543351611-58f69d7c1781?q=80&w=600&auto=format&fit=crop
2026-09-05T19:17:32.173Z,2026-09-05T15:39:13.000Z,Iraola elogia contribuição de Isak na vitória sobre o Ipswich,"Andoni Iraola destacou as boas atuações de Alexander Isak depois que o atacante sueco marcou dois gols para ajudar o Liverpool FC a voltar de Portman Road com os três pontos.
O pos...",Gazeta Esportiva,https://www.gazetaesportiva.com/todas-as-noticias/iraola-elogia-contribuicao-de-isak-na-vitoria-sobre-o-ipswich/,https://static.gazetaesportiva.com/uploads/2026/09/gsv2s4ee-1920Iraola.webp
2026-09-05T19:17:32.173Z,2026-09-05T11:00:52.000Z,Ex-São Paulo revela susto com Ronaldinho no Ravenna e projeta parceria,"Vinicius Di Stefano, atacante revelado pelo São Paulo e atualmente no Ravenna, da Itália, contou à Gazeta Esportiva como foi a experiência de conhecer Ronaldinho Gaúcho após o ex-c...",Gazeta Esportiva,https://www.gazetaesportiva.com/futebol/vinicius-di-stefano-ronaldinho-gaucho-ravenna/,https://static.gazetaesportiva.com/uploads/2026/08/WhatsApp-Image-2026-08-27-at-19.18.16-3.webp
2026-09-05T19:17:32.173Z,2026-09-05T08:30:47.000Z,Carrasco do Palmeiras no sub-20 tem como inspirações Romário e Coutinho,"Andrey Fernandes marcou os dois gols da vitória do Vasco sobre o Palmeiras e decidiu o título inédito do Campeonato Brasileiro sub-20. Conheça a trajetória do atacante de 18 anos, ...",Gazeta Esportiva,https://www.gazetaesportiva.com/times/vasco/quem-e-andrey-fernandes-vasco-carrasco-palmeiras-sub-20/,https://static.gazetaesportiva.com/uploads/2026/09/HRZ-GbuXQAUN8-c.webp
2026-09-05T21:28:31.193Z,2026-09-05T21:28:31.189Z,Everton Ribeiro completa 120 jogos pelo Bahia com golaço na Fonte Nova,"O veterano meia do Bahia comandou a vitória tricolor com passes decisivos e um belíssimo gol de fora da área, aplaudido de pé.",Bahia Esportes,https://www.gazetaesportiva.com?id=curado-jogadores-0-2026-09-05,https://images.unsplash.com/photo-1543351611-58f69d7c1781?q=80&w=600&auto=format&fit=crop
2026-09-05T21:28:31.193Z,2026-09-05T21:00:15.000Z,"Com um a mais, Fortaleza vence o Goiás pela Série B do Brasileiro","Neste sábado, com um jogador a mais desde o primeiro tempo, o Fortaleza venceu o Goiás por 1 a 0, na Serrinha, em Goiânia, pela 26ª rodada da Série B do Campeonato Brasileiro.
O po...",Gazeta Esportiva,https://www.gazetaesportiva.com/times/fortaleza/com-um-a-mais-fortaleza-vence-o-goias-pela-serie-b-do-brasileiro/,https://static.gazetaesportiva.com/uploads/2026/09/HQcdNtOWgAAPlNW.webp
2026-09-05T21:28:31.193Z,2026-09-05T20:43:32.000Z,Bastidores Flamengo 2 x Mirassol 0 no Brasileirão,"Bastidores da vitória em cima do Mirassol por 2x0 no Maracanã pelo Brasileirão. A partida também apresentou os reforços Anthony Valencia e Joaquín Freitas a nação flamenguista.
O p...",Gazeta Esportiva,https://www.gazetaesportiva.com/todas-as-noticias/bastidores-flamengo-2-x-mirassol-0-no-brasileirao/,https://static.gazetaesportiva.com/uploads/2026/09/nf8njicx-1920x0-1.webp
2026-09-05T21:28:31.193Z,2026-09-05T18:28:31.189Z,Renato Kayzer entra na mira de clubes europeus após grande fase no Castelão,Artilheiro do Fortaleza marcou 15 gols nos últimos 20 jogos. Agentes confirmam contatos de times da Itália e de Portugal.,Diário do Ceará,https://www.gazetaesportiva.com?id=curado-jogadores-1-2026-09-05,https://images.unsplash.com/photo-1518063319789-7217e6706b04?q=80&w=600&auto=format&fit=crop
2026-09-05T23:10:30.035Z,2026-09-05T23:10:30.031Z,Everton Ribeiro completa 120 jogos pelo Bahia com golaço na Fonte Nova,"O veterano meia do Bahia comandou a vitória tricolor com passes decisivos e um belíssimo gol de fora da área, aplaudido de pé.",Bahia Esportes,https://www.gazetaesportiva.com?id=curado-jogadores-0-2026-09-05,https://images.unsplash.com/photo-1543351611-58f69d7c1781?q=80&w=600&auto=format&fit=crop
2026-09-05T23:10:30.035Z,2026-09-05T22:57:08.000Z,"David Nogueira marca duas vezes, e Santos vence São Paulo pelo Brasileiro sub-17","David Nogueira marcou duas vezes na vitória do Santos por 3 a 1 sobre o São Paulo, pelo Campeonato Brasileiro sub-17. O atacante chegou a seis gols na temporada, e o Peixe segue na...",Gazeta Esportiva,https://www.gazetaesportiva.com/times/santos/david-nogueira-dois-gols-santos-sao-paulo-brasileiro-sub-17/,https://static.gazetaesportiva.com/uploads/2026/09/HRe6JR4aUAAXO-D.webp
2026-09-05T23:10:30.035Z,2026-09-05T21:00:15.000Z,"Com um a mais, Fortaleza vence o Goiás pela Série B do Brasileiro","Neste sábado, com um jogador a mais desde o primeiro tempo, o Fortaleza venceu o Goiás por 1 a 0, na Serrinha, em Goiânia, pela 26ª rodada da Série B do Campeonato Brasileiro.
O po...",Gazeta Esportiva,https://www.gazetaesportiva.com/times/fortaleza/com-um-a-mais-fortaleza-vence-o-goias-pela-serie-b-do-brasileiro/,https://static.gazetaesportiva.com/uploads/2026/09/HQcdNtOWgAAPlNW.webp
2026-09-05T23:10:30.035Z,2026-09-05T20:43:32.000Z,Bastidores Flamengo 2 x Mirassol 0 no Brasileirão,"Bastidores da vitória em cima do Mirassol por 2x0 no Maracanã pelo Brasileirão. A partida também apresentou os reforços Anthony Valencia e Joaquín Freitas a nação flamenguista.
O p...",Gazeta Esportiva,https://www.gazetaesportiva.com/todas-as-noticias/bastidores-flamengo-2-x-mirassol-0-no-brasileirao/,https://static.gazetaesportiva.com/uploads/2026/09/nf8njicx-1920x0-1.webp
2026-09-06T01:11:25.257Z,2026-09-06T01:11:25.254Z,Everton Ribeiro completa 120 jogos pelo Bahia com golaço na Fonte Nova,"O veterano meia do Bahia comandou a vitória tricolor com passes decisivos e um belíssimo gol de fora da área, aplaudido de pé.",Bahia Esportes,https://www.gazetaesportiva.com?id=curado-jogadores-0-2026-09-06,https://images.unsplash.com/photo-1543351611-58f69d7c1781?q=80&w=600&auto=format&fit=crop
2026-09-06T01:11:25.257Z,2026-09-05T22:11:25.254Z,Renato Kayzer entra na mira de clubes europeus após grande fase no Castelão,Artilheiro do Fortaleza marcou 15 gols nos últimos 20 jogos. Agentes confirmam contatos de times da Itália e de Portugal.,Diário do Ceará,https://www.gazetaesportiva.com?id=curado-jogadores-1-2026-09-05,https://images.unsplash.com/photo-1518063319789-7217e6706b04?q=80&w=600&auto=format&fit=crop
2026-09-06T01:11:25.257Z,2026-09-05T19:11:25.254Z,Revelação do Ceará SC viaja para testes na Alemanha neste fim de semana,O jovem meio-campista de apenas 18 anos despertou interesse de clubes da Bundesliga após excelente atuação na Copa São Paulo.,Vozão Diário,https://www.gazetaesportiva.com?id=curado-jogadores-2-2026-09-05,https://images.unsplash.com/photo-1508098682722-e99c43a406b2?q=80&w=600&auto=format&fit=crop
2026-09-06T06:15:59.369Z,2026-09-06T06:15:59.364Z,Everton Ribeiro completa 120 jogos pelo Bahia com golaço na Fonte Nova,"O veterano meia do Bahia comandou a vitória tricolor com passes decisivos e um belíssimo gol de fora da área, aplaudido de pé.",Bahia Esportes,https://www.gazetaesportiva.com?id=curado-jogadores-0-2026-09-06,https://images.unsplash.com/photo-1543351611-58f69d7c1781?q=80&w=600&auto=format&fit=crop
2026-09-06T06:15:59.369Z,2026-09-06T03:15:59.364Z,Renato Kayzer entra na mira de clubes europeus após grande fase no Castelão,Artilheiro do Fortaleza marcou 15 gols nos últimos 20 jogos. Agentes confirmam contatos de times da Itália e de Portugal.,Diário do Ceará,https://www.gazetaesportiva.com?id=curado-jogadores-1-2026-09-06,https://images.unsplash.com/photo-1518063319789-7217e6706b04?q=80&w=600&auto=format&fit=crop
2026-09-06T06:15:59.369Z,2026-09-06T00:15:59.364Z,Revelação do Ceará SC viaja para testes na Alemanha neste fim de semana,O jovem meio-campista de apenas 18 anos despertou interesse de clubes da Bundesliga após excelente atuação na Copa São Paulo.,Vozão Diário,https://www.gazetaesportiva.com?id=curado-jogadores-2-2026-09-06,https://images.unsplash.com/photo-1508098682722-e99c43a406b2?q=80&w=600&auto=format&fit=crop
2026-09-06T11:12:11.688Z,2026-09-06T11:12:11.683Z,Everton Ribeiro completa 120 jogos pelo Bahia com golaço na Fonte Nova,"O veterano meia do Bahia comandou a vitória tricolor com passes decisivos e um belíssimo gol de fora da área, aplaudido de pé.",Bahia Esportes,https://www.gazetaesportiva.com?id=curado-jogadores-0-2026-09-06,https://images.unsplash.com/photo-1543351611-58f69d7c1781?q=80&w=600&auto=format&fit=crop
2026-09-06T11:12:11.688Z,2026-09-06T08:12:11.683Z,Renato Kayzer entra na mira de clubes europeus após grande fase no Castelão,Artilheiro do Fortaleza marcou 15 gols nos últimos 20 jogos. Agentes confirmam contatos de times da Itália e de Portugal.,Diário do Ceará,https://www.gazetaesportiva.com?id=curado-jogadores-1-2026-09-06,https://images.unsplash.com/photo-1518063319789-7217e6706b04?q=80&w=600&auto=format&fit=crop
2026-09-06T11:12:11.688Z,2026-09-06T05:12:11.683Z,Revelação do Ceará SC viaja para testes na Alemanha neste fim de semana,O jovem meio-campista de apenas 18 anos despertou interesse de clubes da Bundesliga após excelente atuação na Copa São Paulo.,Vozão Diário,https://www.gazetaesportiva.com?id=curado-jogadores-2-2026-09-06,https://images.unsplash.com/photo-1508098682722-e99c43a406b2?q=80&w=600&auto=format&fit=crop
2026-09-06T14:18:50.061Z,2026-09-06T14:18:50.055Z,Everton Ribeiro completa 120 jogos pelo Bahia com golaço na Fonte Nova,"O veterano meia do Bahia comandou a vitória tricolor com passes decisivos e um belíssimo gol de fora da área, aplaudido de pé.",Bahia Esportes,https://www.gazetaesportiva.com?id=curado-jogadores-0-2026-09-06,https://images.unsplash.com/photo-1543351611-58f69d7c1781?q=80&w=600&auto=format&fit=crop
2026-09-06T14:18:50.061Z,2026-09-06T11:18:50.055Z,Renato Kayzer entra na mira de clubes europeus após grande fase no Castelão,Artilheiro do Fortaleza marcou 15 gols nos últimos 20 jogos. Agentes confirmam contatos de times da Itália e de Portugal.,Diário do Ceará,https://www.gazetaesportiva.com?id=curado-jogadores-1-2026-09-06,https://images.unsplash.com/photo-1518063319789-7217e6706b04?q=80&w=600&auto=format&fit=crop
2026-09-06T14:18:50.061Z,2026-09-06T08:18:50.055Z,Revelação do Ceará SC viaja para testes na Alemanha neste fim de semana,O jovem meio-campista de apenas 18 anos despertou interesse de clubes da Bundesliga após excelente atuação na Copa São Paulo.,Vozão Diário,https://www.gazetaesportiva.com?id=curado-jogadores-2-2026-09-06,https://images.unsplash.com/photo-1508098682722-e99c43a406b2?q=80&w=600&auto=format&fit=crop
2026-09-06T17:13:24.397Z,2026-09-06T17:13:24.394Z,Everton Ribeiro completa 120 jogos pelo Bahia com golaço na Fonte Nova,"O veterano meia do Bahia comandou a vitória tricolor com passes decisivos e um belíssimo gol de fora da área, aplaudido de pé.",Bahia Esportes,https://www.gazetaesportiva.com?id=curado-jogadores-0-2026-09-06,https://images.unsplash.com/photo-1543351611-58f69d7c1781?q=80&w=600&auto=format&fit=crop
2026-09-06T17:13:24.397Z,2026-09-06T16:10:37.000Z,Haaland exalta Donnarumma após vitória sobre o Coventry,"Erling Haaland elogiou a atuação de Gianluigi Donnarumma contra o Coventry, mas o atacante norueguês também admitiu que precisa ser mais eficiente na frente do gol.
O post Haaland ...",Gazeta Esportiva,https://www.gazetaesportiva.com/todas-as-noticias/haaland-exalta-donnarumma-apos-vitoria-sobre-o-coventry/,https://static.gazetaesportiva.com/uploads/2026/09/ugvvu38e-1920Haaland.webp
2026-09-06T17:13:24.397Z,2026-09-06T14:13:24.394Z,Renato Kayzer entra na mira de clubes europeus após grande fase no Castelão,Artilheiro do Fortaleza marcou 15 gols nos últimos 20 jogos. Agentes confirmam contatos de times da Itália e de Portugal.,Diário do Ceará,https://www.gazetaesportiva.com?id=curado-jogadores-1-2026-09-06,https://images.unsplash.com/photo-1518063319789-7217e6706b04?q=80&w=600&auto=format&fit=crop
2026-09-06T17:13:24.397Z,2026-09-06T02:34:19.000Z,"Acosta celebra fim de jejum, destaca elenco e projeta duelo do Fluminense na Libertadores","Autor do gol da vitória sobre o Vasco, Luciano Acosta celebrou o fim de um jejum de 13 jogos sem marcar e projetou o duelo do Fluminense pela Libertadores.
O post Acosta celebra fi...",Gazeta Esportiva,https://www.gazetaesportiva.com/times/fluminense/acosta-celebra-fim-jejum-fluminense-projeta-libertadores-2026/,https://static.gazetaesportiva.com/uploads/2026/09/55510970105_089f62a1ee_o.webp
2026-09-06T19:23:12.141Z,2026-09-06T19:23:12.135Z,Everton Ribeiro completa 120 jogos pelo Bahia com golaço na Fonte Nova,"O veterano meia do Bahia comandou a vitória tricolor com passes decisivos e um belíssimo gol de fora da área, aplaudido de pé.",Bahia Esportes,https://www.gazetaesportiva.com?id=curado-jogadores-0-2026-09-06,https://images.unsplash.com/photo-1543351611-58f69d7c1781?q=80&w=600&auto=format&fit=crop
2026-09-06T19:23:12.141Z,2026-09-06T16:23:12.135Z,Renato Kayzer entra na mira de clubes europeus após grande fase no Castelão,Artilheiro do Fortaleza marcou 15 gols nos últimos 20 jogos. Agentes confirmam contatos de times da Itália e de Portugal.,Diário do Ceará,https://www.gazetaesportiva.com?id=curado-jogadores-1-2026-09-06,https://images.unsplash.com/photo-1518063319789-7217e6706b04?q=80&w=600&auto=format&fit=crop
2026-09-06T19:23:12.141Z,2026-09-06T16:10:37.000Z,Haaland exalta Donnarumma após vitória sobre o Coventry,"Erling Haaland elogiou a atuação de Gianluigi Donnarumma contra o Coventry, mas o atacante norueguês também admitiu que precisa ser mais eficiente na frente do gol.
O post Haaland ...",Gazeta Esportiva,https://www.gazetaesportiva.com/todas-as-noticias/haaland-exalta-donnarumma-apos-vitoria-sobre-o-coventry/,https://static.gazetaesportiva.com/uploads/2026/09/ugvvu38e-1920Haaland.webp
2026-09-06T19:23:12.141Z,2026-09-06T13:23:12.135Z,Revelação do Ceará SC viaja para testes na Alemanha neste fim de semana,O jovem meio-campista de apenas 18 anos despertou interesse de clubes da Bundesliga após excelente atuação na Copa São Paulo.,Vozão Diário,https://www.gazetaesportiva.com?id=curado-jogadores-2-2026-09-06,https://images.unsplash.com/photo-1508098682722-e99c43a406b2?q=80&w=600&auto=format&fit=crop
2026-09-06T21:31:40.720Z,2026-09-06T21:31:40.717Z,Everton Ribeiro completa 120 jogos pelo Bahia com golaço na Fonte Nova,"O veterano meia do Bahia comandou a vitória tricolor com passes decisivos e um belíssimo gol de fora da área, aplaudido de pé.",Bahia Esportes,https://www.gazetaesportiva.com?id=curado-jogadores-0-2026-09-06,https://images.unsplash.com/photo-1543351611-58f69d7c1781?q=80&w=600&auto=format&fit=crop
2026-09-06T21:31:40.720Z,2026-09-06T21:20:26.000Z,Samuel Lino comemora gol pelo Flamengo e cita tranquilidade por convocação à Seleção,"Autor do gol da vitória do Flamengo sobre o Remo por 1 a 0 neste domingo, Samuel Lino comemorou o triunfo fora de casa. O atacante celebrou o gol e revelou estar tranquilo sobre a ...",Gazeta Esportiva,https://www.gazetaesportiva.com/times/flamengo/samuel-lino-comemora-gol-pelo-flamengo-e-cita-tranquilidade-por-convocacao-a-selecao/,https://static.gazetaesportiva.com/uploads/2026/09/WhatsApp-Image-2026-09-06-at-18.19.04.webp
2026-09-06T21:31:40.720Z,2026-09-06T18:31:40.717Z,Renato Kayzer entra na mira de clubes europeus após grande fase no Castelão,Artilheiro do Fortaleza marcou 15 gols nos últimos 20 jogos. Agentes confirmam contatos de times da Itália e de Portugal.,Diário do Ceará,https://www.gazetaesportiva.com?id=curado-jogadores-1-2026-09-06,https://images.unsplash.com/photo-1518063319789-7217e6706b04?q=80&w=600&auto=format&fit=crop
2026-09-06T21:31:40.720Z,2026-09-06T16:10:37.000Z,Haaland exalta Donnarumma após vitória sobre o Coventry,"Erling Haaland elogiou a atuação de Gianluigi Donnarumma contra o Coventry, mas o atacante norueguês também admitiu que precisa ser mais eficiente na frente do gol.
O post Haaland ...",Gazeta Esportiva,https://www.gazetaesportiva.com/todas-as-noticias/haaland-exalta-donnarumma-apos-vitoria-sobre-o-coventry/,https://static.gazetaesportiva.com/uploads/2026/09/ugvvu38e-1920Haaland.webp
2026-09-06T23:27:10.356Z,2026-09-06T23:27:10.352Z,Everton Ribeiro completa 120 jogos pelo Bahia com golaço na Fonte Nova,"O veterano meia do Bahia comandou a vitória tricolor com passes decisivos e um belíssimo gol de fora da área, aplaudido de pé.",Bahia Esportes,https://www.gazetaesportiva.com?id=curado-jogadores-0-2026-09-06,https://images.unsplash.com/photo-1543351611-58f69d7c1781?q=80&w=600&auto=format&fit=crop
2026-09-06T23:27:10.356Z,2026-09-06T20:27:10.352Z,Renato Kayzer entra na mira de clubes europeus após grande fase no Castelão,Artilheiro do Fortaleza marcou 15 gols nos últimos 20 jogos. Agentes confirmam contatos de times da Itália e de Portugal.,Diário do Ceará,https://www.gazetaesportiva.com?id=curado-jogadores-1-2026-09-06,https://images.unsplash.com/photo-1518063319789-7217e6706b04?q=80&w=600&auto=format&fit=crop
2026-09-06T23:27:10.356Z,2026-09-06T17:27:10.352Z,Revelação do Ceará SC viaja para testes na Alemanha neste fim de semana,O jovem meio-campista de apenas 18 anos despertou interesse de clubes da Bundesliga após excelente atuação na Copa São Paulo.,Vozão Diário,https://www.gazetaesportiva.com?id=curado-jogadores-2-2026-09-06,https://images.unsplash.com/photo-1508098682722-e99c43a406b2?q=80&w=600&auto=format&fit=crop
2026-09-07T01:12:49.420Z,2026-09-07T01:12:49.415Z,Everton Ribeiro completa 120 jogos pelo Bahia com golaço na Fonte Nova,"O veterano meia do Bahia comandou a vitória tricolor com passes decisivos e um belíssimo gol de fora da área, aplaudido de pé.",Bahia Esportes,https://www.gazetaesportiva.com?id=curado-jogadores-0-2026-09-07,https://images.unsplash.com/photo-1543351611-58f69d7c1781?q=80&w=600&auto=format&fit=crop
2026-09-07T01:12:49.420Z,2026-09-06T22:12:49.415Z,Renato Kayzer entra na mira de clubes europeus após grande fase no Castelão,Artilheiro do Fortaleza marcou 15 gols nos últimos 20 jogos. Agentes confirmam contatos de times da Itália e de Portugal.,Diário do Ceará,https://www.gazetaesportiva.com?id=curado-jogadores-1-2026-09-06,https://images.unsplash.com/photo-1518063319789-7217e6706b04?q=80&w=600&auto=format&fit=crop
2026-09-07T01:12:49.420Z,2026-09-06T21:20:26.000Z,Samuel Lino comemora gol pelo Flamengo e cita tranquilidade por convocação à Seleção,"Autor do gol da vitória do Flamengo sobre o Remo por 1 a 0 neste domingo, Samuel Lino comemorou o triunfo fora de casa. O atacante celebrou o gol e revelou estar tranquilo sobre a ...",Gazeta Esportiva,https://www.gazetaesportiva.com/times/flamengo/samuel-lino-comemora-gol-pelo-flamengo-e-cita-tranquilidade-por-convocacao-a-selecao/,https://static.gazetaesportiva.com/uploads/2026/09/WhatsApp-Image-2026-09-06-at-18.19.04.webp
2026-09-07T01:12:49.420Z,2026-09-06T19:12:49.415Z,Revelação do Ceará SC viaja para testes na Alemanha neste fim de semana,O jovem meio-campista de apenas 18 anos despertou interesse de clubes da Bundesliga após excelente atuação na Copa São Paulo.,Vozão Diário,https://www.gazetaesportiva.com?id=curado-jogadores-2-2026-09-06,https://images.unsplash.com/photo-1508098682722-e99c43a406b2?q=80&w=600&auto=format&fit=crop
2026-09-07T06:24:22.416Z,2026-09-07T06:24:22.413Z,Everton Ribeiro completa 120 jogos pelo Bahia com golaço na Fonte Nova,"O veterano meia do Bahia comandou a vitória tricolor com passes decisivos e um belíssimo gol de fora da área, aplaudido de pé.",Bahia Esportes,https://www.gazetaesportiva.com?id=curado-jogadores-0-2026-09-07,https://images.unsplash.com/photo-1543351611-58f69d7c1781?q=80&w=600&auto=format&fit=crop
2026-09-07T06:24:22.416Z,2026-09-07T03:24:22.413Z,Renato Kayzer entra na mira de clubes europeus após grande fase no Castelão,Artilheiro do Fortaleza marcou 15 gols nos últimos 20 jogos. Agentes confirmam contatos de times da Itália e de Portugal.,Diário do Ceará,https://www.gazetaesportiva.com?id=curado-jogadores-1-2026-09-07,https://images.unsplash.com/photo-1518063319789-7217e6706b04?q=80&w=600&auto=format&fit=crop
2026-09-07T06:24:22.416Z,2026-09-07T00:24:22.413Z,Revelação do Ceará SC viaja para testes na Alemanha neste fim de semana,O jovem meio-campista de apenas 18 anos despertou interesse de clubes da Bundesliga após excelente atuação na Copa São Paulo.,Vozão Diário,https://www.gazetaesportiva.com?id=curado-jogadores-2-2026-09-07,https://images.unsplash.com/photo-1508098682722-e99c43a406b2?q=80&w=600&auto=format&fit=crop
2026-09-07T06:24:22.416Z,2026-09-06T21:20:26.000Z,Samuel Lino comemora gol pelo Flamengo e cita tranquilidade por convocação à Seleção,"Autor do gol da vitória do Flamengo sobre o Remo por 1 a 0 neste domingo, Samuel Lino comemorou o triunfo fora de casa. O atacante celebrou o gol e revelou estar tranquilo sobre a ...",Gazeta Esportiva,https://www.gazetaesportiva.com/times/flamengo/samuel-lino-comemora-gol-pelo-flamengo-e-cita-tranquilidade-por-convocacao-a-selecao/,https://static.gazetaesportiva.com/uploads/2026/09/WhatsApp-Image-2026-09-06-at-18.19.04.webp
2026-09-07T12:53:22.916Z,2026-09-07T12:53:22.913Z,Everton Ribeiro completa 120 jogos pelo Bahia com golaço na Fonte Nova,"O veterano meia do Bahia comandou a vitória tricolor com passes decisivos e um belíssimo gol de fora da área, aplaudido de pé.",Bahia Esportes,https://www.gazetaesportiva.com?id=curado-jogadores-0-2026-09-07,https://images.unsplash.com/photo-1543351611-58f69d7c1781?q=80&w=600&auto=format&fit=crop
2026-09-07T12:53:22.916Z,2026-09-07T11:00:50.000Z,Atuações do Santos: Gabigol e Rollheiser comandam vitória apesar de susto,"Gabigol e Rollheiser comandaram a vitória do Santos por 3 a 2 sobre o Internacional, no Beira-Rio. Confira a avaliação dos jogadores por setores, os destaques de Oliva e Arthur, a ...",Gazeta Esportiva,https://www.gazetaesportiva.com/times/santos/atuacoes-santos-internacional-gabigol-rollheiser/,https://static.gazetaesportiva.com/uploads/2026/09/55512368541_50347b4ed4_3k-1.webp
2026-09-07T12:53:22.916Z,2026-09-07T10:00:05.000Z,"Análise: Santos aproveita erros do Inter, mas quase compromete vitória encaminhada","O Santos venceu o Internacional por 3 a 2, mas quase comprometeu uma vantagem de três gols e um jogador a mais. A análise destaca a eficiência de Gabigol e Rollheiser no primeiro t...",Gazeta Esportiva,https://www.gazetaesportiva.com/times/santos/analise-santos-internacional-vitoria-susto-beira-rio/,https://static.gazetaesportiva.com/uploads/2026/09/55512368201_29cd861f77_5k.webp
2026-09-07T12:53:22.916Z,2026-09-07T09:53:22.913Z,Renato Kayzer entra na mira de clubes europeus após grande fase no Castelão,Artilheiro do Fortaleza marcou 15 gols nos últimos 20 jogos. Agentes confirmam contatos de times da Itália e de Portugal.,Diário do Ceará,https://www.gazetaesportiva.com?id=curado-jogadores-1-2026-09-07,https://images.unsplash.com/photo-1518063319789-7217e6706b04?q=80&w=600&auto=format&fit=crop
2026-09-07T18:04:43.824Z,2026-09-07T17:55:35.000Z,"Com Rodinei, Santos se reapresenta e inicia preparação para pegar o Atlético-MG","O Santos se reapresentou nesta segunda-feira, no CT Rei Pelé, após a vitória sobre o Internacional. Rodinei participou de seu primeiro treino com o elenco, enquanto os titulares fi...",Gazeta Esportiva,https://www.gazetaesportiva.com/times/santos/com-rodinei-santos-se-reapresenta-e-inicia-preparacao-para-pegar-o-atletico-mg/,https://static.gazetaesportiva.com/uploads/2026/09/55513877408_f58228a054_3k.webp
2026-09-07T18:04:43.824Z,2026-09-07T14:12:05.000Z,José Mourinho confirma Endrick e fala sobre estreia do Real na Champions,José Mourinho projetou a estreia do Real Madrid na Liga dos Campeões e reforçou que o principal objetivo da equipe é conquistar a vitória diante da Inter de Milão nesta terça-feira...,Gazeta Esportiva,https://www.gazetaesportiva.com/times/real-madrid/mourinho-projeta-estreia-do-real-madrid-na-champions-e-atualiza-endrick/,https://static.gazetaesportiva.com/uploads/2026/09/AFP__20260907__C7JB2VH__v1__HighRes__FblEurC1RealMadridTraining-1.webp
2026-09-07T18:04:43.824Z,2026-09-07T11:00:50.000Z,Atuações do Santos: Gabigol e Rollheiser comandam vitória apesar de susto,"Gabigol e Rollheiser comandaram a vitória do Santos por 3 a 2 sobre o Internacional, no Beira-Rio. Confira a avaliação dos jogadores por setores, os destaques de Oliva e Arthur, a ...",Gazeta Esportiva,https://www.gazetaesportiva.com/times/santos/atuacoes-santos-internacional-gabigol-rollheiser/,https://static.gazetaesportiva.com/uploads/2026/09/55512368541_50347b4ed4_3k-1.webp
2026-09-07T18:04:43.824Z,2026-09-07T10:00:05.000Z,"Análise: Santos aproveita erros do Inter, mas quase compromete vitória encaminhada","O Santos venceu o Internacional por 3 a 2, mas quase comprometeu uma vantagem de três gols e um jogador a mais. A análise destaca a eficiência de Gabigol e Rollheiser no primeiro t...",Gazeta Esportiva,https://www.gazetaesportiva.com/times/santos/analise-santos-internacional-vitoria-susto-beira-rio/,https://static.gazetaesportiva.com/uploads/2026/09/55512368201_29cd861f77_5k.webp
2026-09-07T21:41:09.673Z,2026-09-07T21:41:09.669Z,Everton Ribeiro completa 120 jogos pelo Bahia com golaço na Fonte Nova,"O veterano meia do Bahia comandou a vitória tricolor com passes decisivos e um belíssimo gol de fora da área, aplaudido de pé.",Bahia Esportes,https://www.gazetaesportiva.com?id=curado-jogadores-0-2026-09-07,https://images.unsplash.com/photo-1543351611-58f69d7c1781?q=80&w=600&auto=format&fit=crop
2026-09-07T21:41:09.673Z,2026-09-07T17:55:35.000Z,"Com Rodinei, Santos se reapresenta e inicia preparação para pegar o Atlético-MG","O Santos se reapresentou nesta segunda-feira, no CT Rei Pelé, após a vitória sobre o Internacional. Rodinei participou de seu primeiro treino com o elenco, enquanto os titulares fi...",Gazeta Esportiva,https://www.gazetaesportiva.com/times/santos/com-rodinei-santos-se-reapresenta-e-inicia-preparacao-para-pegar-o-atletico-mg/,https://static.gazetaesportiva.com/uploads/2026/09/55513877408_f58228a054_3k.webp
2026-09-07T21:41:09.673Z,2026-09-07T14:12:05.000Z,José Mourinho confirma Endrick e fala sobre estreia do Real na Champions,José Mourinho projetou a estreia do Real Madrid na Liga dos Campeões e reforçou que o principal objetivo da equipe é conquistar a vitória diante da Inter de Milão nesta terça-feira...,Gazeta Esportiva,https://www.gazetaesportiva.com/times/real-madrid/mourinho-projeta-estreia-do-real-madrid-na-champions-e-atualiza-endrick/,https://static.gazetaesportiva.com/uploads/2026/09/AFP__20260907__C7JB2VH__v1__HighRes__FblEurC1RealMadridTraining-1.webp
2026-09-07T21:41:09.673Z,2026-09-07T11:00:50.000Z,Atuações do Santos: Gabigol e Rollheiser comandam vitória apesar de susto,"Gabigol e Rollheiser comandaram a vitória do Santos por 3 a 2 sobre o Internacional, no Beira-Rio. Confira a avaliação dos jogadores por setores, os destaques de Oliva e Arthur, a ...",Gazeta Esportiva,https://www.gazetaesportiva.com/times/santos/atuacoes-santos-internacional-gabigol-rollheiser/,https://static.gazetaesportiva.com/uploads/2026/09/55512368541_50347b4ed4_3k-1.webp
2026-09-07T23:57:25.513Z,2026-09-07T23:57:25.507Z,Everton Ribeiro completa 120 jogos pelo Bahia com golaço na Fonte Nova,"O veterano meia do Bahia comandou a vitória tricolor com passes decisivos e um belíssimo gol de fora da área, aplaudido de pé.",Bahia Esportes,https://www.gazetaesportiva.com?id=curado-jogadores-0-2026-09-07,https://images.unsplash.com/photo-1543351611-58f69d7c1781?q=80&w=600&auto=format&fit=crop
2026-09-07T23:57:25.513Z,2026-09-07T20:57:25.507Z,Renato Kayzer entra na mira de clubes europeus após grande fase no Castelão,Artilheiro do Fortaleza marcou 15 gols nos últimos 20 jogos. Agentes confirmam contatos de times da Itália e de Portugal.,Diário do Ceará,https://www.gazetaesportiva.com?id=curado-jogadores-1-2026-09-07,https://images.unsplash.com/photo-1518063319789-7217e6706b04?q=80&w=600&auto=format&fit=crop
2026-09-07T23:57:25.513Z,2026-09-07T17:57:25.507Z,Revelação do Ceará SC viaja para testes na Alemanha neste fim de semana,O jovem meio-campista de apenas 18 anos despertou interesse de clubes da Bundesliga após excelente atuação na Copa São Paulo.,Vozão Diário,https://www.gazetaesportiva.com?id=curado-jogadores-2-2026-09-07,https://images.unsplash.com/photo-1508098682722-e99c43a406b2?q=80&w=600&auto=format&fit=crop
2026-09-08T03:41:25.817Z,2026-09-08T03:41:25.813Z,Everton Ribeiro completa 120 jogos pelo Bahia com golaço na Fonte Nova,"O veterano meia do Bahia comandou a vitória tricolor com passes decisivos e um belíssimo gol de fora da área, aplaudido de pé.",Bahia Esportes,https://www.gazetaesportiva.com?id=curado-jogadores-0-2026-09-08,https://images.unsplash.com/photo-1543351611-58f69d7c1781?q=80&w=600&auto=format&fit=crop
2026-09-08T03:41:25.817Z,2026-09-08T01:40:41.000Z,Cruzeiro bate o Athletico-PR no Mineirão; veja bastidores do vestiário,"Veja os bastidores do elenco Cabuloso na vitória por 3 a 1 em casa pelo returno do Campeonato Brasileiro.
O post Cruzeiro bate o Athletico-PR no Mineirão; veja bastidores do vestiá...",Gazeta Esportiva,https://www.gazetaesportiva.com/times/cruzeiro/cruzeiro-bate-o-athletico-pr-no-mineirao-veja-bastidores-do-vestiario/,https://static.gazetaesportiva.com/uploads/2026/09/mymtxrnh-1280.webp
2026-09-08T03:41:25.817Z,2026-09-08T00:41:25.813Z,Renato Kayzer entra na mira de clubes europeus após grande fase no Castelão,Artilheiro do Fortaleza marcou 15 gols nos últimos 20 jogos. Agentes confirmam contatos de times da Itália e de Portugal.,Diário do Ceará,https://www.gazetaesportiva.com?id=curado-jogadores-1-2026-09-08,https://images.unsplash.com/photo-1518063319789-7217e6706b04?q=80&w=600&auto=format&fit=crop
2026-09-08T03:41:25.817Z,2026-09-07T21:41:25.813Z,Revelação do Ceará SC viaja para testes na Alemanha neste fim de semana,O jovem meio-campista de apenas 18 anos despertou interesse de clubes da Bundesliga após excelente atuação na Copa São Paulo.,Vozão Diário,https://www.gazetaesportiva.com?id=curado-jogadores-2-2026-09-07,https://images.unsplash.com/photo-1508098682722-e99c43a406b2?q=80&w=600&auto=format&fit=crop
2026-09-08T08:34:06.440Z,2026-09-08T08:34:06.437Z,Everton Ribeiro completa 120 jogos pelo Bahia com golaço na Fonte Nova,"O veterano meia do Bahia comandou a vitória tricolor com passes decisivos e um belíssimo gol de fora da área, aplaudido de pé.",Bahia Esportes,https://www.gazetaesportiva.com?id=curado-jogadores-0-2026-09-08,https://images.unsplash.com/photo-1543351611-58f69d7c1781?q=80&w=600&auto=format&fit=crop
2026-09-08T08:34:06.440Z,2026-09-08T05:34:06.437Z,Renato Kayzer entra na mira de clubes europeus após grande fase no Castelão,Artilheiro do Fortaleza marcou 15 gols nos últimos 20 jogos. Agentes confirmam contatos de times da Itália e de Portugal.,Diário do Ceará,https://www.gazetaesportiva.com?id=curado-jogadores-1-2026-09-08,https://images.unsplash.com/photo-1518063319789-7217e6706b04?q=80&w=600&auto=format&fit=crop
2026-09-08T08:34:06.440Z,2026-09-08T02:34:06.437Z,Revelação do Ceará SC viaja para testes na Alemanha neste fim de semana,O jovem meio-campista de apenas 18 anos despertou interesse de clubes da Bundesliga após excelente atuação na Copa São Paulo.,Vozão Diário,https://www.gazetaesportiva.com?id=curado-jogadores-2-2026-09-08,https://images.unsplash.com/photo-1508098682722-e99c43a406b2?q=80&w=600&auto=format&fit=crop
2026-09-08T08:34:06.440Z,2026-09-08T01:40:41.000Z,Cruzeiro bate o Athletico-PR no Mineirão; veja bastidores do vestiário,"Veja os bastidores do elenco Cabuloso na vitória por 3 a 1 em casa pelo returno do Campeonato Brasileiro.
O post Cruzeiro bate o Athletico-PR no Mineirão; veja bastidores do vestiá...",Gazeta Esportiva,https://www.gazetaesportiva.com/times/cruzeiro/cruzeiro-bate-o-athletico-pr-no-mineirao-veja-bastidores-do-vestiario/,https://static.gazetaesportiva.com/uploads/2026/09/mymtxrnh-1280.webp
2026-09-08T13:17:33.909Z,2026-09-08T13:17:33.904Z,Everton Ribeiro completa 120 jogos pelo Bahia com golaço na Fonte Nova,"O veterano meia do Bahia comandou a vitória tricolor com passes decisivos e um belíssimo gol de fora da área, aplaudido de pé.",Bahia Esportes,https://www.gazetaesportiva.com?id=curado-jogadores-0-2026-09-08,https://images.unsplash.com/photo-1543351611-58f69d7c1781?q=80&w=600&auto=format&fit=crop
2026-09-08T13:17:33.909Z,2026-09-08T10:17:33.904Z,Renato Kayzer entra na mira de clubes europeus após grande fase no Castelão,Artilheiro do Fortaleza marcou 15 gols nos últimos 20 jogos. Agentes confirmam contatos de times da Itália e de Portugal.,Diário do Ceará,https://www.gazetaesportiva.com?id=curado-jogadores-1-2026-09-08,https://images.unsplash.com/photo-1518063319789-7217e6706b04?q=80&w=600&auto=format&fit=crop
2026-09-08T13:17:33.909Z,2026-09-08T07:17:33.904Z,Revelação do Ceará SC viaja para testes na Alemanha neste fim de semana,O jovem meio-campista de apenas 18 anos despertou interesse de clubes da Bundesliga após excelente atuação na Copa São Paulo.,Vozão Diário,https://www.gazetaesportiva.com?id=curado-jogadores-2-2026-09-08,https://images.unsplash.com/photo-1508098682722-e99c43a406b2?q=80&w=600&auto=format&fit=crop
2026-09-08T13:17:33.909Z,2026-09-08T01:40:41.000Z,Cruzeiro bate o Athletico-PR no Mineirão; veja bastidores do vestiário,"Veja os bastidores do elenco Cabuloso na vitória por 3 a 1 em casa pelo returno do Campeonato Brasileiro.
O post Cruzeiro bate o Athletico-PR no Mineirão; veja bastidores do vestiá...",Gazeta Esportiva,https://www.gazetaesportiva.com/times/cruzeiro/cruzeiro-bate-o-athletico-pr-no-mineirao-veja-bastidores-do-vestiario/,https://static.gazetaesportiva.com/uploads/2026/09/mymtxrnh-1280.webp
2026-09-08T17:19:24.161Z,2026-09-08T17:19:24.156Z,Everton Ribeiro completa 120 jogos pelo Bahia com golaço na Fonte Nova,"O veterano meia do Bahia comandou a vitória tricolor com passes decisivos e um belíssimo gol de fora da área, aplaudido de pé.",Bahia Esportes,https://www.gazetaesportiva.com?id=curado-jogadores-0-2026-09-08,https://images.unsplash.com/photo-1543351611-58f69d7c1781?q=80&w=600&auto=format&fit=crop
2026-09-08T17:19:24.161Z,2026-09-08T14:19:24.156Z,Renato Kayzer entra na mira de clubes europeus após grande fase no Castelão,Artilheiro do Fortaleza marcou 15 gols nos últimos 20 jogos. Agentes confirmam contatos de times da Itália e de Portugal.,Diário do Ceará,https://www.gazetaesportiva.com?id=curado-jogadores-1-2026-09-08,https://images.unsplash.com/photo-1518063319789-7217e6706b04?q=80&w=600&auto=format&fit=crop
2026-09-08T17:19:24.161Z,2026-09-08T13:47:58.000Z,Investidores brasileiros compram clube da 4ª divisão do futebol inglês,"O ex-atacante Alexandre Pato integra o Sports Alpha Capital, grupo de investidores que recebeu aprovação da EFL e do Independent Football Regulator para avançar no processo de aqui...",Gazeta Esportiva,https://www.gazetaesportiva.com/futebol/futebol-internacional/northampton-town-quarta-divisao-investidores/,https://static.gazetaesportiva.com/uploads/2026/09/snapinsta-1788874691441.webp
2026-09-08T17:19:24.161Z,2026-09-08T01:40:41.000Z,Cruzeiro bate o Athletico-PR no Mineirão; veja bastidores do vestiário,"Veja os bastidores do elenco Cabuloso na vitória por 3 a 1 em casa pelo returno do Campeonato Brasileiro.
O post Cruzeiro bate o Athletico-PR no Mineirão; veja bastidores do vestiá...",Gazeta Esportiva,https://www.gazetaesportiva.com/times/cruzeiro/cruzeiro-bate-o-athletico-pr-no-mineirao-veja-bastidores-do-vestiario/,https://static.gazetaesportiva.com/uploads/2026/09/mymtxrnh-1280.webp
2026-09-08T20:02:44.553Z,2026-09-08T20:02:44.549Z,Everton Ribeiro completa 120 jogos pelo Bahia com golaço na Fonte Nova,"O veterano meia do Bahia comandou a vitória tricolor com passes decisivos e um belíssimo gol de fora da área, aplaudido de pé.",Bahia Esportes,https://www.gazetaesportiva.com?id=curado-jogadores-0-2026-09-08,https://images.unsplash.com/photo-1543351611-58f69d7c1781?q=80&w=600&auto=format&fit=crop
2026-09-08T20:02:44.553Z,2026-09-08T17:02:44.549Z,Renato Kayzer entra na mira de clubes europeus após grande fase no Castelão,Artilheiro do Fortaleza marcou 15 gols nos últimos 20 jogos. Agentes confirmam contatos de times da Itália e de Portugal.,Diário do Ceará,https://www.gazetaesportiva.com?id=curado-jogadores-1-2026-09-08,https://images.unsplash.com/photo-1518063319789-7217e6706b04?q=80&w=600&auto=format&fit=crop
2026-09-08T20:02:44.553Z,2026-09-08T13:47:58.000Z,Investidores brasileiros compram clube da 4ª divisão do futebol inglês,"O ex-atacante Alexandre Pato integra o Sports Alpha Capital, grupo de investidores que recebeu aprovação da EFL e do Independent Football Regulator para avançar no processo de aqui...",Gazeta Esportiva,https://www.gazetaesportiva.com/futebol/futebol-internacional/northampton-town-quarta-divisao-investidores/,https://static.gazetaesportiva.com/uploads/2026/09/snapinsta-1788874691441.webp
2026-09-08T20:02:44.553Z,2026-09-08T01:40:41.000Z,Cruzeiro bate o Athletico-PR no Mineirão; veja bastidores do vestiário,"Veja os bastidores do elenco Cabuloso na vitória por 3 a 1 em casa pelo returno do Campeonato Brasileiro.
O post Cruzeiro bate o Athletico-PR no Mineirão; veja bastidores do vestiá...",Gazeta Esportiva,https://www.gazetaesportiva.com/times/cruzeiro/cruzeiro-bate-o-athletico-pr-no-mineirao-veja-bastidores-do-vestiario/,https://static.gazetaesportiva.com/uploads/2026/09/mymtxrnh-1280.webp
2026-09-08T22:52:00.591Z,2026-09-08T22:52:00.587Z,Everton Ribeiro completa 120 jogos pelo Bahia com golaço na Fonte Nova,"O veterano meia do Bahia comandou a vitória tricolor com passes decisivos e um belíssimo gol de fora da área, aplaudido de pé.",Bahia Esportes,https://www.gazetaesportiva.com?id=curado-jogadores-0-2026-09-08,https://images.unsplash.com/photo-1543351611-58f69d7c1781?q=80&w=600&auto=format&fit=crop
2026-09-08T22:52:00.591Z,2026-09-08T20:31:08.000Z,"Com Plata de volta ao elenco, Flamengo desembarca em Quito","Com Plata de volta ao elenco, Flamengo desembarca em Quito
O post Com Plata de volta ao elenco, Flamengo desembarca em Quito apareceu primeiro em Gazeta Esportiva.",Gazeta Esportiva,https://www.gazetaesportiva.com/todas-as-noticias/com-plata-de-volta-ao-elenco-flamengo-desembarca-em-quito/,https://static.gazetaesportiva.com/uploads/2026/09/o5udtqyx-1920Plata.webp
2026-09-08T22:52:00.591Z,2026-09-08T19:52:00.587Z,Renato Kayzer entra na mira de clubes europeus após grande fase no Castelão,Artilheiro do Fortaleza marcou 15 gols nos últimos 20 jogos. Agentes confirmam contatos de times da Itália e de Portugal.,Diário do Ceará,https://www.gazetaesportiva.com?id=curado-jogadores-1-2026-09-08,https://images.unsplash.com/photo-1518063319789-7217e6706b04?q=80&w=600&auto=format&fit=crop
2026-09-08T22:52:00.591Z,2026-09-08T13:47:58.000Z,Investidores brasileiros compram clube da 4ª divisão do futebol inglês,"O ex-atacante Alexandre Pato integra o Sports Alpha Capital, grupo de investidores que recebeu aprovação da EFL e do Independent Football Regulator para avançar no processo de aqui...",Gazeta Esportiva,https://www.gazetaesportiva.com/futebol/futebol-internacional/northampton-town-quarta-divisao-investidores/,https://static.gazetaesportiva.com/uploads/2026/09/snapinsta-1788874691441.webp
2026-09-09T01:01:17.129Z,2026-09-09T01:01:17.125Z,Everton Ribeiro completa 120 jogos pelo Bahia com golaço na Fonte Nova,"O veterano meia do Bahia comandou a vitória tricolor com passes decisivos e um belíssimo gol de fora da área, aplaudido de pé.",Bahia Esportes,https://www.gazetaesportiva.com?id=curado-jogadores-0-2026-09-09,https://images.unsplash.com/photo-1543351611-58f69d7c1781?q=80&w=600&auto=format&fit=crop
2026-09-09T01:01:17.129Z,2026-09-09T00:37:10.000Z,Ganso valoriza vantagem do Fluminense nas quartas da Libertadores,"Paulo Henrique Ganso valorizou a vitória do Fluminense por 2 a 0 sobre o Platense, no Maracanã, pelas quartas de final da Copa Libertadores. O meia destacou a importância da vantag...",Gazeta Esportiva,https://www.gazetaesportiva.com/times/fluminense/ganso-celebra-vantagem-fluminense-platense/,https://static.gazetaesportiva.com/uploads/2026/09/AFP__20260908__C7QE99M__v1__HighRes__FblLibertadoresFluminensePlatense.webp
2026-09-09T01:01:17.129Z,2026-09-08T23:30:02.000Z,"Ex-São Paulo, Gabriel Sara se destaca no Galatasaray e mira vaga na Seleção","Gabriel Sara inicia mais uma campanha de Liga dos Campeões pelo Galatasaray nesta quarta-feira, diante do Sporting, em Lisboa. Em grande fase no futebol turco, o meia revelado pelo...",Gazeta Esportiva,https://www.gazetaesportiva.com/times/galatasaray/gabriel-sara-galatasaray-champions-selecao-brasileira/,https://static.gazetaesportiva.com/uploads/2026/09/IMG_4974.JPG.webp
2026-09-09T01:01:17.129Z,2026-09-08T20:31:08.000Z,"Com Plata de volta ao elenco, Flamengo desembarca em Quito","Com Plata de volta ao elenco, Flamengo desembarca em Quito
O post Com Plata de volta ao elenco, Flamengo desembarca em Quito apareceu primeiro em Gazeta Esportiva.",Gazeta Esportiva,https://www.gazetaesportiva.com/todas-as-noticias/com-plata-de-volta-ao-elenco-flamengo-desembarca-em-quito/,https://static.gazetaesportiva.com/uploads/2026/09/o5udtqyx-1920Plata.webp
2026-09-09T06:19:51.884Z,2026-09-09T06:19:51.880Z,Everton Ribeiro completa 120 jogos pelo Bahia com golaço na Fonte Nova,"O veterano meia do Bahia comandou a vitória tricolor com passes decisivos e um belíssimo gol de fora da área, aplaudido de pé.",Bahia Esportes,https://www.gazetaesportiva.com?id=curado-jogadores-0-2026-09-09,https://images.unsplash.com/photo-1543351611-58f69d7c1781?q=80&w=600&auto=format&fit=crop
2026-09-09T06:19:51.884Z,2026-09-09T03:19:51.880Z,Renato Kayzer entra na mira de clubes europeus após grande fase no Castelão,Artilheiro do Fortaleza marcou 15 gols nos últimos 20 jogos. Agentes confirmam contatos de times da Itália e de Portugal.,Diário do Ceará,https://www.gazetaesportiva.com?id=curado-jogadores-1-2026-09-09,https://images.unsplash.com/photo-1518063319789-7217e6706b04?q=80&w=600&auto=format&fit=crop
2026-09-09T06:19:51.884Z,2026-09-09T00:37:10.000Z,Ganso valoriza vantagem do Fluminense nas quartas da Libertadores,"Paulo Henrique Ganso valorizou a vitória do Fluminense por 2 a 0 sobre o Platense, no Maracanã, pelas quartas de final da Copa Libertadores. O meia destacou a importância da vantag...",Gazeta Esportiva,https://www.gazetaesportiva.com/times/fluminense/ganso-celebra-vantagem-fluminense-platense/,https://static.gazetaesportiva.com/uploads/2026/09/AFP__20260908__C7QE99M__v1__HighRes__FblLibertadoresFluminensePlatense.webp
2026-09-09T06:19:51.884Z,2026-09-08T23:30:02.000Z,"Ex-São Paulo, Gabriel Sara se destaca no Galatasaray e mira vaga na Seleção","Gabriel Sara inicia mais uma campanha de Liga dos Campeões pelo Galatasaray nesta quarta-feira, diante do Sporting, em Lisboa. Em grande fase no futebol turco, o meia revelado pelo...",Gazeta Esportiva,https://www.gazetaesportiva.com/times/galatasaray/gabriel-sara-galatasaray-champions-selecao-brasileira/,https://static.gazetaesportiva.com/uploads/2026/09/IMG_4974.JPG.webp
2026-09-09T11:40:40.771Z,2026-09-09T11:40:40.766Z,Everton Ribeiro completa 120 jogos pelo Bahia com golaço na Fonte Nova,"O veterano meia do Bahia comandou a vitória tricolor com passes decisivos e um belíssimo gol de fora da área, aplaudido de pé.",Bahia Esportes,https://www.gazetaesportiva.com?id=curado-jogadores-0-2026-09-09,https://images.unsplash.com/photo-1543351611-58f69d7c1781?q=80&w=600&auto=format&fit=crop
2026-09-09T11:40:40.771Z,2026-09-09T08:40:40.766Z,Renato Kayzer entra na mira de clubes europeus após grande fase no Castelão,Artilheiro do Fortaleza marcou 15 gols nos últimos 20 jogos. Agentes confirmam contatos de times da Itália e de Portugal.,Diário do Ceará,https://www.gazetaesportiva.com?id=curado-jogadores-1-2026-09-09,https://images.unsplash.com/photo-1518063319789-7217e6706b04?q=80&w=600&auto=format&fit=crop
2026-09-09T11:40:40.771Z,2026-09-09T00:37:10.000Z,Ganso valoriza vantagem do Fluminense nas quartas da Libertadores,"Paulo Henrique Ganso valorizou a vitória do Fluminense por 2 a 0 sobre o Platense, no Maracanã, pelas quartas de final da Copa Libertadores. O meia destacou a importância da vantag...",Gazeta Esportiva,https://www.gazetaesportiva.com/times/fluminense/ganso-celebra-vantagem-fluminense-platense/,https://static.gazetaesportiva.com/uploads/2026/09/AFP__20260908__C7QE99M__v1__HighRes__FblLibertadoresFluminensePlatense.webp
2026-09-09T11:40:40.771Z,2026-09-08T23:30:02.000Z,"Ex-São Paulo, Gabriel Sara se destaca no Galatasaray e mira vaga na Seleção","Gabriel Sara inicia mais uma campanha de Liga dos Campeões pelo Galatasaray nesta quarta-feira, diante do Sporting, em Lisboa. Em grande fase no futebol turco, o meia revelado pelo...",Gazeta Esportiva,https://www.gazetaesportiva.com/times/galatasaray/gabriel-sara-galatasaray-champions-selecao-brasileira/,https://static.gazetaesportiva.com/uploads/2026/09/IMG_4974.JPG.webp
2026-09-09T15:52:13.761Z,2026-09-09T15:52:13.756Z,Everton Ribeiro completa 120 jogos pelo Bahia com golaço na Fonte Nova,"O veterano meia do Bahia comandou a vitória tricolor com passes decisivos e um belíssimo gol de fora da área, aplaudido de pé.",Bahia Esportes,https://www.gazetaesportiva.com?id=curado-jogadores-0-2026-09-09,https://images.unsplash.com/photo-1543351611-58f69d7c1781?q=80&w=600&auto=format&fit=crop
2026-09-09T15:52:13.761Z,2026-09-09T15:14:16.000Z,"Novo reforço do City, Bouaddi exalta Haaland após atacante marcar dois gols no Porto",Ayyoub Bouaddi rasgou elogios a Erling Haaland depois que o atacante marcou dois gols contra o FC Porto para garantir a primeira vitória do Manchester City na Champions League 2026...,Gazeta Esportiva,https://www.gazetaesportiva.com/times/manchester-city/novo-reforco-do-city-bouaddi-exalta-haaland-apos-atacante-marcar-dois-gols-no-porto/,https://static.gazetaesportiva.com/uploads/2026/09/Bouad.webp
2026-09-09T15:52:13.761Z,2026-09-09T15:06:07.000Z,"Jogadores do Atlético de Madrid, Alvarez e Romero se preparam em Anfield","Alvarez e Romero se preparam em Anfield
O post Jogadores do Atlético de Madrid, Alvarez e Romero se preparam em Anfield apareceu primeiro em Gazeta Esportiva.",Gazeta Esportiva,https://www.gazetaesportiva.com/todas-as-noticias/jogadores-do-atletico-de-madrid-alvarez-e-romero-se-preparam-em-anfield/,https://static.gazetaesportiva.com/uploads/2026/09/lvar.webp
2026-09-09T15:52:13.761Z,2026-09-09T12:52:13.756Z,Renato Kayzer entra na mira de clubes europeus após grande fase no Castelão,Artilheiro do Fortaleza marcou 15 gols nos últimos 20 jogos. Agentes confirmam contatos de times da Itália e de Portugal.,Diário do Ceará,https://www.gazetaesportiva.com?id=curado-jogadores-1-2026-09-09,https://images.unsplash.com/photo-1518063319789-7217e6706b04?q=80&w=600&auto=format&fit=crop
2026-09-09T19:02:51.373Z,2026-09-09T19:02:51.369Z,Everton Ribeiro completa 120 jogos pelo Bahia com golaço na Fonte Nova,"O veterano meia do Bahia comandou a vitória tricolor com passes decisivos e um belíssimo gol de fora da área, aplaudido de pé.",Bahia Esportes,https://www.gazetaesportiva.com?id=curado-jogadores-0-2026-09-09,https://images.unsplash.com/photo-1543351611-58f69d7c1781?q=80&w=600&auto=format&fit=crop
2026-09-09T19:02:51.373Z,2026-09-09T16:02:51.369Z,Renato Kayzer entra na mira de clubes europeus após grande fase no Castelão,Artilheiro do Fortaleza marcou 15 gols nos últimos 20 jogos. Agentes confirmam contatos de times da Itália e de Portugal.,Diário do Ceará,https://www.gazetaesportiva.com?id=curado-jogadores-1-2026-09-09,https://images.unsplash.com/photo-1518063319789-7217e6706b04?q=80&w=600&auto=format&fit=crop
2026-09-09T19:02:51.373Z,2026-09-09T15:14:16.000Z,"Novo reforço do City, Bouaddi exalta Haaland após atacante marcar dois gols no Porto",Ayyoub Bouaddi rasgou elogios a Erling Haaland depois que o atacante marcou dois gols contra o FC Porto para garantir a primeira vitória do Manchester City na Champions League 2026...,Gazeta Esportiva,https://www.gazetaesportiva.com/times/manchester-city/novo-reforco-do-city-bouaddi-exalta-haaland-apos-atacante-marcar-dois-gols-no-porto/,https://static.gazetaesportiva.com/uploads/2026/09/Bouad.webp
2026-09-09T19:02:51.373Z,2026-09-09T15:06:07.000Z,"Jogadores do Atlético de Madrid, Alvarez e Romero se preparam em Anfield","Alvarez e Romero se preparam em Anfield
O post Jogadores do Atlético de Madrid, Alvarez e Romero se preparam em Anfield apareceu primeiro em Gazeta Esportiva.",Gazeta Esportiva,https://www.gazetaesportiva.com/todas-as-noticias/jogadores-do-atletico-de-madrid-alvarez-e-romero-se-preparam-em-anfield/,https://static.gazetaesportiva.com/uploads/2026/09/lvar.webp
2026-09-09T21:48:18.685Z,2026-09-09T21:48:18.679Z,Everton Ribeiro completa 120 jogos pelo Bahia com golaço na Fonte Nova,"O veterano meia do Bahia comandou a vitória tricolor com passes decisivos e um belíssimo gol de fora da área, aplaudido de pé.",Bahia Esportes,https://www.gazetaesportiva.com?id=curado-jogadores-0-2026-09-09,https://images.unsplash.com/photo-1543351611-58f69d7c1781?q=80&w=600&auto=format&fit=crop
2026-09-09T21:48:18.685Z,2026-09-09T18:48:18.679Z,Renato Kayzer entra na mira de clubes europeus após grande fase no Castelão,Artilheiro do Fortaleza marcou 15 gols nos últimos 20 jogos. Agentes confirmam contatos de times da Itália e de Portugal.,Diário do Ceará,https://www.gazetaesportiva.com?id=curado-jogadores-1-2026-09-09,https://images.unsplash.com/photo-1518063319789-7217e6706b04?q=80&w=600&auto=format&fit=crop
2026-09-09T21:48:18.685Z,2026-09-09T15:14:16.000Z,"Novo reforço do City, Bouaddi exalta Haaland após atacante marcar dois gols no Porto",Ayyoub Bouaddi rasgou elogios a Erling Haaland depois que o atacante marcou dois gols contra o FC Porto para garantir a primeira vitória do Manchester City na Champions League 2026...,Gazeta Esportiva,https://www.gazetaesportiva.com/times/manchester-city/novo-reforco-do-city-bouaddi-exalta-haaland-apos-atacante-marcar-dois-gols-no-porto/,https://static.gazetaesportiva.com/uploads/2026/09/Bouad.webp
2026-09-09T21:48:18.685Z,2026-09-09T15:06:07.000Z,"Jogadores do Atlético de Madrid, Alvarez e Romero se preparam em Anfield","Alvarez e Romero se preparam em Anfield
O post Jogadores do Atlético de Madrid, Alvarez e Romero se preparam em Anfield apareceu primeiro em Gazeta Esportiva.",Gazeta Esportiva,https://www.gazetaesportiva.com/todas-as-noticias/jogadores-do-atletico-de-madrid-alvarez-e-romero-se-preparam-em-anfield/,https://static.gazetaesportiva.com/uploads/2026/09/lvar.webp
2026-09-09T23:48:23.314Z,2026-09-09T23:48:23.307Z,Everton Ribeiro completa 120 jogos pelo Bahia com golaço na Fonte Nova,"O veterano meia do Bahia comandou a vitória tricolor com passes decisivos e um belíssimo gol de fora da área, aplaudido de pé.",Bahia Esportes,https://www.gazetaesportiva.com?id=curado-jogadores-0-2026-09-09,https://images.unsplash.com/photo-1543351611-58f69d7c1781?q=80&w=600&auto=format&fit=crop
2026-09-09T23:48:23.314Z,2026-09-09T20:48:23.307Z,Renato Kayzer entra na mira de clubes europeus após grande fase no Castelão,Artilheiro do Fortaleza marcou 15 gols nos últimos 20 jogos. Agentes confirmam contatos de times da Itália e de Portugal.,Diário do Ceará,https://www.gazetaesportiva.com?id=curado-jogadores-1-2026-09-09,https://images.unsplash.com/photo-1518063319789-7217e6706b04?q=80&w=600&auto=format&fit=crop
2026-09-09T23:48:23.314Z,2026-09-09T17:48:23.307Z,Revelação do Ceará SC viaja para testes na Alemanha neste fim de semana,O jovem meio-campista de apenas 18 anos despertou interesse de clubes da Bundesliga após excelente atuação na Copa São Paulo.,Vozão Diário,https://www.gazetaesportiva.com?id=curado-jogadores-2-2026-09-09,https://images.unsplash.com/photo-1508098682722-e99c43a406b2?q=80&w=600&auto=format&fit=crop
2026-09-10T02:58:06.541Z,2026-09-10T02:58:06.536Z,Everton Ribeiro completa 120 jogos pelo Bahia com golaço na Fonte Nova,"O veterano meia do Bahia comandou a vitória tricolor com passes decisivos e um belíssimo gol de fora da área, aplaudido de pé.",Bahia Esportes,https://www.gazetaesportiva.com?id=curado-jogadores-0-2026-09-10,https://images.unsplash.com/photo-1543351611-58f69d7c1781?q=80&w=600&auto=format&fit=crop
2026-09-10T02:58:06.541Z,2026-09-10T01:32:30.000Z,"Com um a mais, Operário-PR vence CRB e entra no G6 da Série B","Nesta quarta-feira, com um jogador a mais desde o primeiro tempo, o Operário-PR venceu o CRB por 3 a 0, no Estádio Germano Krüger, em Ponta Grossa (PR), pela 27ª rodada da Série B ...",Gazeta Esportiva,https://www.gazetaesportiva.com/times/operario-pr/com-um-a-mais-operario-pr-vence-crb-e-entra-no-g6-da-serie-b/,https://static.gazetaesportiva.com/uploads/2026/09/HQcEmYUWAAAyGFF-2.webp
2026-09-10T02:58:06.541Z,2026-09-10T00:46:11.000Z,Cuca evita criar expectativa por Coutinho e mantém pés no chão no Santos,"Cuca evitou criar expectativa sobre uma possível chegada de Philippe Coutinho ao Santos, mas abriu as portas para o meia. Após a vitória por 2 a 0 sobre o Atlético-MG, o treinador ...",Gazeta Esportiva,https://www.gazetaesportiva.com/times/santos/uca-coutinho-santos-reforcos-cautela/,https://static.gazetaesportiva.com/uploads/2026/09/AFP__20260909__C7UP63A__v1__HighRes__FblSudamericanaSantosMineiro-1.webp
2026-09-10T02:58:06.541Z,2026-09-09T23:58:06.536Z,Renato Kayzer entra na mira de clubes europeus após grande fase no Castelão,Artilheiro do Fortaleza marcou 15 gols nos últimos 20 jogos. Agentes confirmam contatos de times da Itália e de Portugal.,Diário do Ceará,https://www.gazetaesportiva.com?id=curado-jogadores-1-2026-09-09,https://images.unsplash.com/photo-1518063319789-7217e6706b04?q=80&w=600&auto=format&fit=crop
2026-09-10T07:58:57.867Z,2026-09-10T07:58:57.863Z,Everton Ribeiro completa 120 jogos pelo Bahia com golaço na Fonte Nova,"O veterano meia do Bahia comandou a vitória tricolor com passes decisivos e um belíssimo gol de fora da área, aplaudido de pé.",Bahia Esportes,https://www.gazetaesportiva.com?id=curado-jogadores-0-2026-09-10,https://images.unsplash.com/photo-1543351611-58f69d7c1781?q=80&w=600&auto=format&fit=crop
2026-09-10T07:58:57.867Z,2026-09-10T04:58:57.863Z,Renato Kayzer entra na mira de clubes europeus após grande fase no Castelão,Artilheiro do Fortaleza marcou 15 gols nos últimos 20 jogos. Agentes confirmam contatos de times da Itália e de Portugal.,Diário do Ceará,https://www.gazetaesportiva.com?id=curado-jogadores-1-2026-09-10,https://images.unsplash.com/photo-1518063319789-7217e6706b04?q=80&w=600&auto=format&fit=crop
2026-09-10T07:58:57.867Z,2026-09-10T01:32:30.000Z,"Com um a mais, Operário-PR vence CRB e entra no G6 da Série B","Nesta quarta-feira, com um jogador a mais desde o primeiro tempo, o Operário-PR venceu o CRB por 3 a 0, no Estádio Germano Krüger, em Ponta Grossa (PR), pela 27ª rodada da Série B ...",Gazeta Esportiva,https://www.gazetaesportiva.com/times/operario-pr/com-um-a-mais-operario-pr-vence-crb-e-entra-no-g6-da-serie-b/,https://static.gazetaesportiva.com/uploads/2026/09/HQcEmYUWAAAyGFF-2.webp
2026-09-10T07:58:57.867Z,2026-09-10T00:46:11.000Z,Cuca evita criar expectativa por Coutinho e mantém pés no chão no Santos,"Cuca evitou criar expectativa sobre uma possível chegada de Philippe Coutinho ao Santos, mas abriu as portas para o meia. Após a vitória por 2 a 0 sobre o Atlético-MG, o treinador ...",Gazeta Esportiva,https://www.gazetaesportiva.com/times/santos/uca-coutinho-santos-reforcos-cautela/,https://static.gazetaesportiva.com/uploads/2026/09/AFP__20260909__C7UP63A__v1__HighRes__FblSudamericanaSantosMineiro-1.webp
2026-09-10T12:50:55.657Z,2026-09-10T12:50:55.652Z,Everton Ribeiro completa 120 jogos pelo Bahia com golaço na Fonte Nova,"O veterano meia do Bahia comandou a vitória tricolor com passes decisivos e um belíssimo gol de fora da área, aplaudido de pé.",Bahia Esportes,https://www.gazetaesportiva.com?id=curado-jogadores-0-2026-09-10,https://images.unsplash.com/photo-1543351611-58f69d7c1781?q=80&w=600&auto=format&fit=crop
2026-09-10T12:50:55.657Z,2026-09-10T09:50:55.652Z,Renato Kayzer entra na mira de clubes europeus após grande fase no Castelão,Artilheiro do Fortaleza marcou 15 gols nos últimos 20 jogos. Agentes confirmam contatos de times da Itália e de Portugal.,Diário do Ceará,https://www.gazetaesportiva.com?id=curado-jogadores-1-2026-09-10,https://images.unsplash.com/photo-1518063319789-7217e6706b04?q=80&w=600&auto=format&fit=crop
2026-09-10T12:50:55.657Z,2026-09-10T06:50:55.652Z,Revelação do Ceará SC viaja para testes na Alemanha neste fim de semana,O jovem meio-campista de apenas 18 anos despertou interesse de clubes da Bundesliga após excelente atuação na Copa São Paulo.,Vozão Diário,https://www.gazetaesportiva.com?id=curado-jogadores-2-2026-09-10,https://images.unsplash.com/photo-1508098682722-e99c43a406b2?q=80&w=600&auto=format&fit=crop
2026-09-10T16:52:39.048Z,2026-09-10T16:52:39.043Z,Everton Ribeiro completa 120 jogos pelo Bahia com golaço na Fonte Nova,"O veterano meia do Bahia comandou a vitória tricolor com passes decisivos e um belíssimo gol de fora da área, aplaudido de pé.",Bahia Esportes,https://www.gazetaesportiva.com?id=curado-jogadores-0-2026-09-10,https://images.unsplash.com/photo-1543351611-58f69d7c1781?q=80&w=600&auto=format&fit=crop
2026-09-10T16:52:39.048Z,2026-09-10T13:52:39.043Z,Renato Kayzer entra na mira de clubes europeus após grande fase no Castelão,Artilheiro do Fortaleza marcou 15 gols nos últimos 20 jogos. Agentes confirmam contatos de times da Itália e de Portugal.,Diário do Ceará,https://www.gazetaesportiva.com?id=curado-jogadores-1-2026-09-10,https://images.unsplash.com/photo-1518063319789-7217e6706b04?q=80&w=600&auto=format&fit=crop
2026-09-10T16:52:39.048Z,2026-09-10T10:52:39.043Z,Revelação do Ceará SC viaja para testes na Alemanha neste fim de semana,O jovem meio-campista de apenas 18 anos despertou interesse de clubes da Bundesliga após excelente atuação na Copa São Paulo.,Vozão Diário,https://www.gazetaesportiva.com?id=curado-jogadores-2-2026-09-10,https://images.unsplash.com/photo-1508098682722-e99c43a406b2?q=80&w=600&auto=format&fit=crop
2026-09-10T19:26:50.993Z,2026-09-10T19:26:50.987Z,Everton Ribeiro completa 120 jogos pelo Bahia com golaço na Fonte Nova,"O veterano meia do Bahia comandou a vitória tricolor com passes decisivos e um belíssimo gol de fora da área, aplaudido de pé.",Bahia Esportes,https://www.gazetaesportiva.com?id=curado-jogadores-0-2026-09-10,https://images.unsplash.com/photo-1543351611-58f69d7c1781?q=80&w=600&auto=format&fit=crop
2026-09-10T19:26:50.993Z,2026-09-10T16:26:50.987Z,Renato Kayzer entra na mira de clubes europeus após grande fase no Castelão,Artilheiro do Fortaleza marcou 15 gols nos últimos 20 jogos. Agentes confirmam contatos de times da Itália e de Portugal.,Diário do Ceará,https://www.gazetaesportiva.com?id=curado-jogadores-1-2026-09-10,https://images.unsplash.com/photo-1518063319789-7217e6706b04?q=80&w=600&auto=format&fit=crop
2026-09-10T19:26:50.993Z,2026-09-10T13:58:25.000Z,Botafogo anuncia a contratação do meia-atacante Hakim Ziyech,"Botafogo anuncia a contratação do meia-atacante Hakim Ziyech
O post Botafogo anuncia a contratação do meia-atacante Hakim Ziyech apareceu primeiro em Gazeta Esportiva.",Gazeta Esportiva,https://www.gazetaesportiva.com/times/botafogo/botafogo-anuncia-a-contratacao-do-meia-atacante-hakim-ziyech/,https://static.gazetaesportiva.com/uploads/2026/09/zike.webp
2026-09-10T19:26:50.993Z,2026-09-10T13:26:50.987Z,Revelação do Ceará SC viaja para testes na Alemanha neste fim de semana,O jovem meio-campista de apenas 18 anos despertou interesse de clubes da Bundesliga após excelente atuação na Copa São Paulo.,Vozão Diário,https://www.gazetaesportiva.com?id=curado-jogadores-2-2026-09-10,https://images.unsplash.com/photo-1508098682722-e99c43a406b2?q=80&w=600&auto=format&fit=crop
2026-09-10T21:45:30.421Z,2026-09-10T21:45:30.414Z,Everton Ribeiro completa 120 jogos pelo Bahia com golaço na Fonte Nova,"O veterano meia do Bahia comandou a vitória tricolor com passes decisivos e um belíssimo gol de fora da área, aplaudido de pé.",Bahia Esportes,https://www.gazetaesportiva.com?id=curado-jogadores-0-2026-09-10,https://images.unsplash.com/photo-1543351611-58f69d7c1781?q=80&w=600&auto=format&fit=crop
2026-09-10T21:45:30.421Z,2026-09-10T18:45:30.414Z,Renato Kayzer entra na mira de clubes europeus após grande fase no Castelão,Artilheiro do Fortaleza marcou 15 gols nos últimos 20 jogos. Agentes confirmam contatos de times da Itália e de Portugal.,Diário do Ceará,https://www.gazetaesportiva.com?id=curado-jogadores-1-2026-09-10,https://images.unsplash.com/photo-1518063319789-7217e6706b04?q=80&w=600&auto=format&fit=crop
2026-09-10T21:45:30.421Z,2026-09-10T15:45:30.414Z,Revelação do Ceará SC viaja para testes na Alemanha neste fim de semana,O jovem meio-campista de apenas 18 anos despertou interesse de clubes da Bundesliga após excelente atuação na Copa São Paulo.,Vozão Diário,https://www.gazetaesportiva.com?id=curado-jogadores-2-2026-09-10,https://images.unsplash.com/photo-1508098682722-e99c43a406b2?q=80&w=600&auto=format&fit=crop
2026-09-10T23:40:59.826Z,2026-09-10T23:40:59.819Z,Everton Ribeiro completa 120 jogos pelo Bahia com golaço na Fonte Nova,"O veterano meia do Bahia comandou a vitória tricolor com passes decisivos e um belíssimo gol de fora da área, aplaudido de pé.",Bahia Esportes,https://www.gazetaesportiva.com?id=curado-jogadores-0-2026-09-10,https://images.unsplash.com/photo-1543351611-58f69d7c1781?q=80&w=600&auto=format&fit=crop
2026-09-10T23:40:59.826Z,2026-09-10T20:40:59.819Z,Renato Kayzer entra na mira de clubes europeus após grande fase no Castelão,Artilheiro do Fortaleza marcou 15 gols nos últimos 20 jogos. Agentes confirmam contatos de times da Itália e de Portugal.,Diário do Ceará,https://www.gazetaesportiva.com?id=curado-jogadores-1-2026-09-10,https://images.unsplash.com/photo-1518063319789-7217e6706b04?q=80&w=600&auto=format&fit=crop
2026-09-10T23:40:59.826Z,2026-09-10T17:40:59.819Z,Revelação do Ceará SC viaja para testes na Alemanha neste fim de semana,O jovem meio-campista de apenas 18 anos despertou interesse de clubes da Bundesliga após excelente atuação na Copa São Paulo.,Vozão Diário,https://www.gazetaesportiva.com?id=curado-jogadores-2-2026-09-10,https://images.unsplash.com/photo-1508098682722-e99c43a406b2?q=80&w=600&auto=format&fit=crop
2026-09-11T02:53:09.892Z,2026-09-11T02:53:09.887Z,Everton Ribeiro completa 120 jogos pelo Bahia com golaço na Fonte Nova,"O veterano meia do Bahia comandou a vitória tricolor com passes decisivos e um belíssimo gol de fora da área, aplaudido de pé.",Bahia Esportes,https://www.gazetaesportiva.com?id=curado-jogadores-0-2026-09-11,https://images.unsplash.com/photo-1543351611-58f69d7c1781?q=80&w=600&auto=format&fit=crop
2026-09-11T02:53:09.892Z,2026-09-11T01:51:03.000Z,Vitória anuncia contratação de destaque da Série D do Brasileiro,"O Vitória oficializou a contratação do zagueiro Darlan Dutra para a sequência da temporada. Aos 23 anos, o defensor chega por empréstimo até o fim de 2026 depois de ser um dos dest...",Gazeta Esportiva,https://www.gazetaesportiva.com/times/vitoria/vitoria-anuncia-contratacao-de-destaque-da-serie-d-do-brasileiro/,https://static.gazetaesportiva.com/uploads/2026/09/HR4_vP_bYAAv56n.webp
2026-09-11T02:53:09.892Z,2026-09-10T23:53:09.887Z,Renato Kayzer entra na mira de clubes europeus após grande fase no Castelão,Artilheiro do Fortaleza marcou 15 gols nos últimos 20 jogos. Agentes confirmam contatos de times da Itália e de Portugal.,Diário do Ceará,https://www.gazetaesportiva.com?id=curado-jogadores-1-2026-09-10,https://images.unsplash.com/photo-1518063319789-7217e6706b04?q=80&w=600&auto=format&fit=crop
2026-09-11T02:53:09.892Z,2026-09-10T20:53:09.887Z,Revelação do Ceará SC viaja para testes na Alemanha neste fim de semana,O jovem meio-campista de apenas 18 anos despertou interesse de clubes da Bundesliga após excelente atuação na Copa São Paulo.,Vozão Diário,https://www.gazetaesportiva.com?id=curado-jogadores-2-2026-09-10,https://images.unsplash.com/photo-1508098682722-e99c43a406b2?q=80&w=600&auto=format&fit=crop
2026-09-11T07:45:54.969Z,2026-09-11T07:45:54.963Z,Everton Ribeiro completa 120 jogos pelo Bahia com golaço na Fonte Nova,"O veterano meia do Bahia comandou a vitória tricolor com passes decisivos e um belíssimo gol de fora da área, aplaudido de pé.",Bahia Esportes,https://www.gazetaesportiva.com?id=curado-jogadores-0-2026-09-11,https://images.unsplash.com/photo-1543351611-58f69d7c1781?q=80&w=600&auto=format&fit=crop
2026-09-11T07:45:54.969Z,2026-09-11T04:45:54.963Z,Renato Kayzer entra na mira de clubes europeus após grande fase no Castelão,Artilheiro do Fortaleza marcou 15 gols nos últimos 20 jogos. Agentes confirmam contatos de times da Itália e de Portugal.,Diário do Ceará,https://www.gazetaesportiva.com?id=curado-jogadores-1-2026-09-11,https://images.unsplash.com/photo-1518063319789-7217e6706b04?q=80&w=600&auto=format&fit=crop
2026-09-11T07:45:54.969Z,2026-09-11T01:45:54.963Z,Revelação do Ceará SC viaja para testes na Alemanha neste fim de semana,O jovem meio-campista de apenas 18 anos despertou interesse de clubes da Bundesliga após excelente atuação na Copa São Paulo.,Vozão Diário,https://www.gazetaesportiva.com?id=curado-jogadores-2-2026-09-11,https://images.unsplash.com/photo-1508098682722-e99c43a406b2?q=80&w=600&auto=format&fit=crop
2026-09-11T12:34:22.636Z,2026-09-11T12:34:22.631Z,Everton Ribeiro completa 120 jogos pelo Bahia com golaço na Fonte Nova,"O veterano meia do Bahia comandou a vitória tricolor com passes decisivos e um belíssimo gol de fora da área, aplaudido de pé.",Bahia Esportes,https://www.gazetaesportiva.com?id=curado-jogadores-0-2026-09-11,https://images.unsplash.com/photo-1543351611-58f69d7c1781?q=80&w=600&auto=format&fit=crop
2026-09-11T12:34:22.636Z,2026-09-11T09:34:22.631Z,Renato Kayzer entra na mira de clubes europeus após grande fase no Castelão,Artilheiro do Fortaleza marcou 15 gols nos últimos 20 jogos. Agentes confirmam contatos de times da Itália e de Portugal.,Diário do Ceará,https://www.gazetaesportiva.com?id=curado-jogadores-1-2026-09-11,https://images.unsplash.com/photo-1518063319789-7217e6706b04?q=80&w=600&auto=format&fit=crop
2026-09-11T12:34:22.636Z,2026-09-11T06:34:22.631Z,Revelação do Ceará SC viaja para testes na Alemanha neste fim de semana,O jovem meio-campista de apenas 18 anos despertou interesse de clubes da Bundesliga após excelente atuação na Copa São Paulo.,Vozão Diário,https://www.gazetaesportiva.com?id=curado-jogadores-2-2026-09-11,https://images.unsplash.com/photo-1508098682722-e99c43a406b2?q=80&w=600&auto=format&fit=crop
2026-09-11T12:34:22.636Z,2026-09-11T01:51:03.000Z,Vitória anuncia contratação de destaque da Série D do Brasileiro,"O Vitória oficializou a contratação do zagueiro Darlan Dutra para a sequência da temporada. Aos 23 anos, o defensor chega por empréstimo até o fim de 2026 depois de ser um dos dest...",Gazeta Esportiva,https://www.gazetaesportiva.com/times/vitoria/vitoria-anuncia-contratacao-de-destaque-da-serie-d-do-brasileiro/,https://static.gazetaesportiva.com/uploads/2026/09/HR4_vP_bYAAv56n.webp
2026-09-11T16:53:21.277Z,2026-09-11T16:53:21.272Z,Everton Ribeiro completa 120 jogos pelo Bahia com golaço na Fonte Nova,"O veterano meia do Bahia comandou a vitória tricolor com passes decisivos e um belíssimo gol de fora da área, aplaudido de pé.",Bahia Esportes,https://www.gazetaesportiva.com?id=curado-jogadores-0-2026-09-11,https://images.unsplash.com/photo-1543351611-58f69d7c1781?q=80&w=600&auto=format&fit=crop
2026-09-11T16:53:21.277Z,2026-09-11T13:53:21.272Z,Renato Kayzer entra na mira de clubes europeus após grande fase no Castelão,Artilheiro do Fortaleza marcou 15 gols nos últimos 20 jogos. Agentes confirmam contatos de times da Itália e de Portugal.,Diário do Ceará,https://www.gazetaesportiva.com?id=curado-jogadores-1-2026-09-11,https://images.unsplash.com/photo-1518063319789-7217e6706b04?q=80&w=600&auto=format&fit=crop
2026-09-11T16:53:21.277Z,2026-09-11T10:53:21.272Z,Revelação do Ceará SC viaja para testes na Alemanha neste fim de semana,O jovem meio-campista de apenas 18 anos despertou interesse de clubes da Bundesliga após excelente atuação na Copa São Paulo.,Vozão Diário,https://www.gazetaesportiva.com?id=curado-jogadores-2-2026-09-11,https://images.unsplash.com/photo-1508098682722-e99c43a406b2?q=80&w=600&auto=format&fit=crop
2026-09-11T19:26:29.370Z,2026-09-11T19:26:29.364Z,Everton Ribeiro completa 120 jogos pelo Bahia com golaço na Fonte Nova,"O veterano meia do Bahia comandou a vitória tricolor com passes decisivos e um belíssimo gol de fora da área, aplaudido de pé.",Bahia Esportes,https://www.gazetaesportiva.com?id=curado-jogadores-0-2026-09-11,https://images.unsplash.com/photo-1543351611-58f69d7c1781?q=80&w=600&auto=format&fit=crop
2026-09-11T19:26:29.370Z,2026-09-11T16:26:29.364Z,Renato Kayzer entra na mira de clubes europeus após grande fase no Castelão,Artilheiro do Fortaleza marcou 15 gols nos últimos 20 jogos. Agentes confirmam contatos de times da Itália e de Portugal.,Diário do Ceará,https://www.gazetaesportiva.com?id=curado-jogadores-1-2026-09-11,https://images.unsplash.com/photo-1518063319789-7217e6706b04?q=80&w=600&auto=format&fit=crop
2026-09-11T19:26:29.370Z,2026-09-11T13:26:29.364Z,Revelação do Ceará SC viaja para testes na Alemanha neste fim de semana,O jovem meio-campista de apenas 18 anos despertou interesse de clubes da Bundesliga após excelente atuação na Copa São Paulo.,Vozão Diário,https://www.gazetaesportiva.com?id=curado-jogadores-2-2026-09-11,https://images.unsplash.com/photo-1508098682722-e99c43a406b2?q=80&w=600&auto=format&fit=crop
2026-09-11T21:49:59.658Z,2026-09-11T21:49:59.653Z,Everton Ribeiro completa 120 jogos pelo Bahia com golaço na Fonte Nova,"O veterano meia do Bahia comandou a vitória tricolor com passes decisivos e um belíssimo gol de fora da área, aplaudido de pé.",Bahia Esportes,https://www.gazetaesportiva.com?id=curado-jogadores-0-2026-09-11,https://images.unsplash.com/photo-1543351611-58f69d7c1781?q=80&w=600&auto=format&fit=crop
2026-09-11T21:49:59.658Z,2026-09-11T18:49:59.653Z,Renato Kayzer entra na mira de clubes europeus após grande fase no Castelão,Artilheiro do Fortaleza marcou 15 gols nos últimos 20 jogos. Agentes confirmam contatos de times da Itália e de Portugal.,Diário do Ceará,https://www.gazetaesportiva.com?id=curado-jogadores-1-2026-09-11,https://images.unsplash.com/photo-1518063319789-7217e6706b04?q=80&w=600&auto=format&fit=crop
2026-09-11T21:49:59.658Z,2026-09-11T15:49:59.653Z,Revelação do Ceará SC viaja para testes na Alemanha neste fim de semana,O jovem meio-campista de apenas 18 anos despertou interesse de clubes da Bundesliga após excelente atuação na Copa São Paulo.,Vozão Diário,https://www.gazetaesportiva.com?id=curado-jogadores-2-2026-09-11,https://images.unsplash.com/photo-1508098682722-e99c43a406b2?q=80&w=600&auto=format&fit=crop
2026-09-11T23:51:37.557Z,2026-09-11T23:51:37.551Z,Everton Ribeiro completa 120 jogos pelo Bahia com golaço na Fonte Nova,"O veterano meia do Bahia comandou a vitória tricolor com passes decisivos e um belíssimo gol de fora da área, aplaudido de pé.",Bahia Esportes,https://www.gazetaesportiva.com?id=curado-jogadores-0-2026-09-11,https://images.unsplash.com/photo-1543351611-58f69d7c1781?q=80&w=600&auto=format&fit=crop
2026-09-11T23:51:37.557Z,2026-09-11T21:20:18.000Z,Fortaleza anuncia contratação de Chico da Costa por empréstimo junto ao Cruzeiro,"O Fortaleza anunciou nesta sexta-feira (11) a contratação do centroavante Chico da Costa, que chega por empréstimo do Cruzeiro até dezembro de 2026. O atacante de 31 anos é mais um...",Gazeta Esportiva,https://www.gazetaesportiva.com/times/fortaleza/fortaleza-anuncia-contratacao-de-chico-da-costa-por-emprestimo-junto-ao-cruzeiro/,https://static.gazetaesportiva.com/uploads/2026/09/HR9sRSKbAAAf_uE.webp
2026-09-11T23:51:37.557Z,2026-09-11T20:51:37.551Z,Renato Kayzer entra na mira de clubes europeus após grande fase no Castelão,Artilheiro do Fortaleza marcou 15 gols nos últimos 20 jogos. Agentes confirmam contatos de times da Itália e de Portugal.,Diário do Ceará,https://www.gazetaesportiva.com?id=curado-jogadores-1-2026-09-11,https://images.unsplash.com/photo-1518063319789-7217e6706b04?q=80&w=600&auto=format&fit=crop
2026-09-11T23:51:37.557Z,2026-09-11T17:51:37.551Z,Revelação do Ceará SC viaja para testes na Alemanha neste fim de semana,O jovem meio-campista de apenas 18 anos despertou interesse de clubes da Bundesliga após excelente atuação na Copa São Paulo.,Vozão Diário,https://www.gazetaesportiva.com?id=curado-jogadores-2-2026-09-11,https://images.unsplash.com/photo-1508098682722-e99c43a406b2?q=80&w=600&auto=format&fit=crop
2026-09-12T02:59:55.359Z,2026-09-12T02:59:55.354Z,Everton Ribeiro completa 120 jogos pelo Bahia com golaço na Fonte Nova,"O veterano meia do Bahia comandou a vitória tricolor com passes decisivos e um belíssimo gol de fora da área, aplaudido de pé.",Bahia Esportes,https://www.gazetaesportiva.com?id=curado-jogadores-0-2026-09-12,https://images.unsplash.com/photo-1543351611-58f69d7c1781?q=80&w=600&auto=format&fit=crop
2026-09-12T02:59:55.359Z,2026-09-11T23:59:55.354Z,Renato Kayzer entra na mira de clubes europeus após grande fase no Castelão,Artilheiro do Fortaleza marcou 15 gols nos últimos 20 jogos. Agentes confirmam contatos de times da Itália e de Portugal.,Diário do Ceará,https://www.gazetaesportiva.com?id=curado-jogadores-1-2026-09-11,https://images.unsplash.com/photo-1518063319789-7217e6706b04?q=80&w=600&auto=format&fit=crop
2026-09-12T02:59:55.359Z,2026-09-11T20:59:55.354Z,Revelação do Ceará SC viaja para testes na Alemanha neste fim de semana,O jovem meio-campista de apenas 18 anos despertou interesse de clubes da Bundesliga após excelente atuação na Copa São Paulo.,Vozão Diário,https://www.gazetaesportiva.com?id=curado-jogadores-2-2026-09-11,https://images.unsplash.com/photo-1508098682722-e99c43a406b2?q=80&w=600&auto=format&fit=crop
2026-09-12T07:50:50.279Z,2026-09-12T07:50:50.275Z,Everton Ribeiro completa 120 jogos pelo Bahia com golaço na Fonte Nova,"O veterano meia do Bahia comandou a vitória tricolor com passes decisivos e um belíssimo gol de fora da área, aplaudido de pé.",Bahia Esportes,https://www.gazetaesportiva.com?id=curado-jogadores-0-2026-09-12,https://images.unsplash.com/photo-1543351611-58f69d7c1781?q=80&w=600&auto=format&fit=crop
2026-09-12T07:50:50.279Z,2026-09-12T04:50:50.275Z,Renato Kayzer entra na mira de clubes europeus após grande fase no Castelão,Artilheiro do Fortaleza marcou 15 gols nos últimos 20 jogos. Agentes confirmam contatos de times da Itália e de Portugal.,Diário do Ceará,https://www.gazetaesportiva.com?id=curado-jogadores-1-2026-09-12,https://images.unsplash.com/photo-1518063319789-7217e6706b04?q=80&w=600&auto=format&fit=crop
2026-09-12T07:50:50.279Z,2026-09-12T01:50:50.275Z,Revelação do Ceará SC viaja para testes na Alemanha neste fim de semana,O jovem meio-campista de apenas 18 anos despertou interesse de clubes da Bundesliga após excelente atuação na Copa São Paulo.,Vozão Diário,https://www.gazetaesportiva.com?id=curado-jogadores-2-2026-09-12,https://images.unsplash.com/photo-1508098682722-e99c43a406b2?q=80&w=600&auto=format&fit=crop
2026-09-12T11:57:10.612Z,2026-09-12T11:57:10.607Z,Everton Ribeiro completa 120 jogos pelo Bahia com golaço na Fonte Nova,"O veterano meia do Bahia comandou a vitória tricolor com passes decisivos e um belíssimo gol de fora da área, aplaudido de pé.",Bahia Esportes,https://www.gazetaesportiva.com?id=curado-jogadores-0-2026-09-12,https://images.unsplash.com/photo-1543351611-58f69d7c1781?q=80&w=600&auto=format&fit=crop
2026-09-12T11:57:10.612Z,2026-09-12T08:57:10.607Z,Renato Kayzer entra na mira de clubes europeus após grande fase no Castelão,Artilheiro do Fortaleza marcou 15 gols nos últimos 20 jogos. Agentes confirmam contatos de times da Itália e de Portugal.,Diário do Ceará,https://www.gazetaesportiva.com?id=curado-jogadores-1-2026-09-12,https://images.unsplash.com/photo-1518063319789-7217e6706b04?q=80&w=600&auto=format&fit=crop
2026-09-12T11:57:10.612Z,2026-09-12T05:57:10.607Z,Revelação do Ceará SC viaja para testes na Alemanha neste fim de semana,O jovem meio-campista de apenas 18 anos despertou interesse de clubes da Bundesliga após excelente atuação na Copa São Paulo.,Vozão Diário,https://www.gazetaesportiva.com?id=curado-jogadores-2-2026-09-12,https://images.unsplash.com/photo-1508098682722-e99c43a406b2?q=80&w=600&auto=format&fit=crop
2026-09-12T15:12:09.742Z,2026-09-12T15:12:09.735Z,Everton Ribeiro completa 120 jogos pelo Bahia com golaço na Fonte Nova,"O veterano meia do Bahia comandou a vitória tricolor com passes decisivos e um belíssimo gol de fora da área, aplaudido de pé.",Bahia Esportes,https://www.gazetaesportiva.com?id=curado-jogadores-0-2026-09-12,https://images.unsplash.com/photo-1543351611-58f69d7c1781?q=80&w=600&auto=format&fit=crop
2026-09-12T15:12:09.742Z,2026-09-12T12:12:09.735Z,Renato Kayzer entra na mira de clubes europeus após grande fase no Castelão,Artilheiro do Fortaleza marcou 15 gols nos últimos 20 jogos. Agentes confirmam contatos de times da Itália e de Portugal.,Diário do Ceará,https://www.gazetaesportiva.com?id=curado-jogadores-1-2026-09-12,https://images.unsplash.com/photo-1518063319789-7217e6706b04?q=80&w=600&auto=format&fit=crop
2026-09-12T15:12:09.742Z,2026-09-12T09:12:09.735Z,Revelação do Ceará SC viaja para testes na Alemanha neste fim de semana,O jovem meio-campista de apenas 18 anos despertou interesse de clubes da Bundesliga após excelente atuação na Copa São Paulo.,Vozão Diário,https://www.gazetaesportiva.com?id=curado-jogadores-2-2026-09-12,https://images.unsplash.com/photo-1508098682722-e99c43a406b2?q=80&w=600&auto=format&fit=crop
2026-09-12T17:46:43.925Z,2026-09-12T17:46:43.921Z,Everton Ribeiro completa 120 jogos pelo Bahia com golaço na Fonte Nova,"O veterano meia do Bahia comandou a vitória tricolor com passes decisivos e um belíssimo gol de fora da área, aplaudido de pé.",Bahia Esportes,https://www.gazetaesportiva.com?id=curado-jogadores-0-2026-09-12,https://images.unsplash.com/photo-1543351611-58f69d7c1781?q=80&w=600&auto=format&fit=crop
2026-09-12T17:46:43.925Z,2026-09-12T17:20:43.000Z,De Zerbi: “A transferência de Richarlison não é problema meu”,"De Zerbi: “A transferência de Richarlison não é problema meu”
O post De Zerbi: “A transferência de Richarlison não é problema meu” apareceu primeiro em Gazeta Esportiva.",Gazeta Esportiva,https://www.gazetaesportiva.com/times/tottenham/de-zerbi-a-transferencia-de-richarlison-nao-e-problema-meu/,https://static.gazetaesportiva.com/uploads/2026/09/De-Zerb.webp
2026-09-12T17:46:43.925Z,2026-09-12T14:46:43.921Z,Renato Kayzer entra na mira de clubes europeus após grande fase no Castelão,Artilheiro do Fortaleza marcou 15 gols nos últimos 20 jogos. Agentes confirmam contatos de times da Itália e de Portugal.,Diário do Ceará,https://www.gazetaesportiva.com?id=curado-jogadores-1-2026-09-12,https://images.unsplash.com/photo-1518063319789-7217e6706b04?q=80&w=600&auto=format&fit=crop
2026-09-12T17:46:43.925Z,2026-09-12T11:46:43.921Z,Revelação do Ceará SC viaja para testes na Alemanha neste fim de semana,O jovem meio-campista de apenas 18 anos despertou interesse de clubes da Bundesliga após excelente atuação na Copa São Paulo.,Vozão Diário,https://www.gazetaesportiva.com?id=curado-jogadores-2-2026-09-12,https://images.unsplash.com/photo-1508098682722-e99c43a406b2?q=80&w=600&auto=format&fit=crop
2026-09-12T20:09:10.623Z,2026-09-12T20:09:10.613Z,Everton Ribeiro completa 120 jogos pelo Bahia com golaço na Fonte Nova,"O veterano meia do Bahia comandou a vitória tricolor com passes decisivos e um belíssimo gol de fora da área, aplaudido de pé.",Bahia Esportes,https://www.gazetaesportiva.com?id=curado-jogadores-0-2026-09-12,https://images.unsplash.com/photo-1543351611-58f69d7c1781?q=80&w=600&auto=format&fit=crop
2026-09-12T20:09:10.623Z,2026-09-12T17:09:10.613Z,Renato Kayzer entra na mira de clubes europeus após grande fase no Castelão,Artilheiro do Fortaleza marcou 15 gols nos últimos 20 jogos. Agentes confirmam contatos de times da Itália e de Portugal.,Diário do Ceará,https://www.gazetaesportiva.com?id=curado-jogadores-1-2026-09-12,https://images.unsplash.com/photo-1518063319789-7217e6706b04?q=80&w=600&auto=format&fit=crop
2026-09-12T20:09:10.623Z,2026-09-12T14:09:10.613Z,Revelação do Ceará SC viaja para testes na Alemanha neste fim de semana,O jovem meio-campista de apenas 18 anos despertou interesse de clubes da Bundesliga após excelente atuação na Copa São Paulo.,Vozão Diário,https://www.gazetaesportiva.com?id=curado-jogadores-2-2026-09-12,https://images.unsplash.com/photo-1508098682722-e99c43a406b2?q=80&w=600&auto=format&fit=crop
2026-09-12T22:27:43.898Z,2026-09-12T22:27:43.892Z,Everton Ribeiro completa 120 jogos pelo Bahia com golaço na Fonte Nova,"O veterano meia do Bahia comandou a vitória tricolor com passes decisivos e um belíssimo gol de fora da área, aplaudido de pé.",Bahia Esportes,https://www.gazetaesportiva.com?id=curado-jogadores-0-2026-09-12,https://images.unsplash.com/photo-1543351611-58f69d7c1781?q=80&w=600&auto=format&fit=crop
2026-09-12T22:27:43.898Z,2026-09-12T19:27:43.892Z,Renato Kayzer entra na mira de clubes europeus após grande fase no Castelão,Artilheiro do Fortaleza marcou 15 gols nos últimos 20 jogos. Agentes confirmam contatos de times da Itália e de Portugal.,Diário do Ceará,https://www.gazetaesportiva.com?id=curado-jogadores-1-2026-09-12,https://images.unsplash.com/photo-1518063319789-7217e6706b04?q=80&w=600&auto=format&fit=crop
2026-09-12T22:27:43.898Z,2026-09-12T17:20:43.000Z,De Zerbi: “A transferência de Richarlison não é problema meu”,"De Zerbi: “A transferência de Richarlison não é problema meu”
O post De Zerbi: “A transferência de Richarlison não é problema meu” apareceu primeiro em Gazeta Esportiva.",Gazeta Esportiva,https://www.gazetaesportiva.com/times/tottenham/de-zerbi-a-transferencia-de-richarlison-nao-e-problema-meu/,https://static.gazetaesportiva.com/uploads/2026/09/De-Zerb.webp
2026-09-12T22:27:43.898Z,2026-09-12T16:27:43.892Z,Revelação do Ceará SC viaja para testes na Alemanha neste fim de semana,O jovem meio-campista de apenas 18 anos despertou interesse de clubes da Bundesliga após excelente atuação na Copa São Paulo.,Vozão Diário,https://www.gazetaesportiva.com?id=curado-jogadores-2-2026-09-12,https://images.unsplash.com/photo-1508098682722-e99c43a406b2?q=80&w=600&auto=format&fit=crop
2026-09-13T00:08:59.133Z,2026-09-13T00:08:59.127Z,Everton Ribeiro completa 120 jogos pelo Bahia com golaço na Fonte Nova,"O veterano meia do Bahia comandou a vitória tricolor com passes decisivos e um belíssimo gol de fora da área, aplaudido de pé.",Bahia Esportes,https://www.gazetaesportiva.com?id=curado-jogadores-0-2026-09-13,https://images.unsplash.com/photo-1543351611-58f69d7c1781?q=80&w=600&auto=format&fit=crop
2026-09-13T00:08:59.133Z,2026-09-12T22:48:38.000Z,Carbonero celebra fim de jejum do Inter no Brasileirão e exalta união após vitória,"O atacante Carbonero valorizou a vitória do Internacional por 2 a 1 sobre a Chapecoense, neste sábado, pela 27ª rodada do Campeonato Brasileiro. Autor do gol que garantiu o triunfo...",Gazeta Esportiva,https://www.gazetaesportiva.com/times/internacional/carbonero-celebra-fim-de-jejum-do-inter-no-brasileirao-e-exalta-uniao-apos-vitoria/,https://static.gazetaesportiva.com/uploads/2026/09/WhatsApp-Image-2026-09-12-at-18.52.06.webp
2026-09-13T00:08:59.133Z,2026-09-12T21:08:59.127Z,Renato Kayzer entra na mira de clubes europeus após grande fase no Castelão,Artilheiro do Fortaleza marcou 15 gols nos últimos 20 jogos. Agentes confirmam contatos de times da Itália e de Portugal.,Diário do Ceará,https://www.gazetaesportiva.com?id=curado-jogadores-1-2026-09-12,https://images.unsplash.com/photo-1518063319789-7217e6706b04?q=80&w=600&auto=format&fit=crop
2026-09-13T00:08:59.133Z,2026-09-12T18:08:59.127Z,Revelação do Ceará SC viaja para testes na Alemanha neste fim de semana,O jovem meio-campista de apenas 18 anos despertou interesse de clubes da Bundesliga após excelente atuação na Copa São Paulo.,Vozão Diário,https://www.gazetaesportiva.com?id=curado-jogadores-2-2026-09-12,https://images.unsplash.com/photo-1508098682722-e99c43a406b2?q=80&w=600&auto=format&fit=crop
2026-09-13T05:08:50.454Z,2026-09-13T05:08:50.446Z,Everton Ribeiro completa 120 jogos pelo Bahia com golaço na Fonte Nova,"O veterano meia do Bahia comandou a vitória tricolor com passes decisivos e um belíssimo gol de fora da área, aplaudido de pé.",Bahia Esportes,https://www.gazetaesportiva.com?id=curado-jogadores-0-2026-09-13,https://images.unsplash.com/photo-1543351611-58f69d7c1781?q=80&w=600&auto=format&fit=crop
2026-09-13T05:08:50.454Z,2026-09-13T03:38:52.000Z,Cuca elogia atuação do Santos e confirma que Coutinho já integra o elenco,"Após a vitória do Santos por 2 a 1 sobre o Cruzeiro, na Vila Belmiro, pela 27ª rodada do Campeonato Brasileiro, o técnico Cuca exaltou a atuação da equipe, destacando a versatilida...",Gazeta Esportiva,https://www.gazetaesportiva.com/times/santos/cuca-elogia-santos-e-confirma-philippe-coutinho/,https://static.gazetaesportiva.com/uploads/2026/09/5a56302f-aa62-4244-ad7e-c318c89deb911.webp
2026-09-13T05:08:50.454Z,2026-09-13T02:08:50.446Z,Renato Kayzer entra na mira de clubes europeus após grande fase no Castelão,Artilheiro do Fortaleza marcou 15 gols nos últimos 20 jogos. Agentes confirmam contatos de times da Itália e de Portugal.,Diário do Ceará,https://www.gazetaesportiva.com?id=curado-jogadores-1-2026-09-13,https://images.unsplash.com/photo-1518063319789-7217e6706b04?q=80&w=600&auto=format&fit=crop
2026-09-13T05:08:50.454Z,2026-09-12T22:48:38.000Z,Carbonero celebra fim de jejum do Inter no Brasileirão e exalta união após vitória,"O atacante Carbonero valorizou a vitória do Internacional por 2 a 1 sobre a Chapecoense, neste sábado, pela 27ª rodada do Campeonato Brasileiro. Autor do gol que garantiu o triunfo...",Gazeta Esportiva,https://www.gazetaesportiva.com/times/internacional/carbonero-celebra-fim-de-jejum-do-inter-no-brasileirao-e-exalta-uniao-apos-vitoria/,https://static.gazetaesportiva.com/uploads/2026/09/WhatsApp-Image-2026-09-12-at-18.52.06.webp
2026-09-13T10:27:57.738Z,2026-09-13T10:27:57.732Z,Everton Ribeiro completa 120 jogos pelo Bahia com golaço na Fonte Nova,"O veterano meia do Bahia comandou a vitória tricolor com passes decisivos e um belíssimo gol de fora da área, aplaudido de pé.",Bahia Esportes,https://www.gazetaesportiva.com?id=curado-jogadores-0-2026-09-13,https://images.unsplash.com/photo-1543351611-58f69d7c1781?q=80&w=600&auto=format&fit=crop
2026-09-13T10:27:57.738Z,2026-09-13T07:27:57.732Z,Renato Kayzer entra na mira de clubes europeus após grande fase no Castelão,Artilheiro do Fortaleza marcou 15 gols nos últimos 20 jogos. Agentes confirmam contatos de times da Itália e de Portugal.,Diário do Ceará,https://www.gazetaesportiva.com?id=curado-jogadores-1-2026-09-13,https://images.unsplash.com/photo-1518063319789-7217e6706b04?q=80&w=600&auto=format&fit=crop
2026-09-13T10:27:57.738Z,2026-09-13T03:38:52.000Z,Cuca elogia atuação do Santos e confirma que Coutinho já integra o elenco,"Após a vitória do Santos por 2 a 1 sobre o Cruzeiro, na Vila Belmiro, pela 27ª rodada do Campeonato Brasileiro, o técnico Cuca exaltou a atuação da equipe, destacando a versatilida...",Gazeta Esportiva,https://www.gazetaesportiva.com/times/santos/cuca-elogia-santos-e-confirma-philippe-coutinho/,https://static.gazetaesportiva.com/uploads/2026/09/5a56302f-aa62-4244-ad7e-c318c89deb911.webp
2026-09-13T10:27:57.738Z,2026-09-12T22:48:38.000Z,Carbonero celebra fim de jejum do Inter no Brasileirão e exalta união após vitória,"O atacante Carbonero valorizou a vitória do Internacional por 2 a 1 sobre a Chapecoense, neste sábado, pela 27ª rodada do Campeonato Brasileiro. Autor do gol que garantiu o triunfo...",Gazeta Esportiva,https://www.gazetaesportiva.com/times/internacional/carbonero-celebra-fim-de-jejum-do-inter-no-brasileirao-e-exalta-uniao-apos-vitoria/,https://static.gazetaesportiva.com/uploads/2026/09/WhatsApp-Image-2026-09-12-at-18.52.06.webp
2026-09-13T14:35:38.857Z,2026-09-13T14:35:38.851Z,Everton Ribeiro completa 120 jogos pelo Bahia com golaço na Fonte Nova,"O veterano meia do Bahia comandou a vitória tricolor com passes decisivos e um belíssimo gol de fora da área, aplaudido de pé.",Bahia Esportes,https://www.gazetaesportiva.com?id=curado-jogadores-0-2026-09-13,https://images.unsplash.com/photo-1543351611-58f69d7c1781?q=80&w=600&auto=format&fit=crop
2026-09-13T14:35:38.857Z,2026-09-13T11:35:38.851Z,Renato Kayzer entra na mira de clubes europeus após grande fase no Castelão,Artilheiro do Fortaleza marcou 15 gols nos últimos 20 jogos. Agentes confirmam contatos de times da Itália e de Portugal.,Diário do Ceará,https://www.gazetaesportiva.com?id=curado-jogadores-1-2026-09-13,https://images.unsplash.com/photo-1518063319789-7217e6706b04?q=80&w=600&auto=format&fit=crop
2026-09-13T14:35:38.857Z,2026-09-13T08:35:38.851Z,Revelação do Ceará SC viaja para testes na Alemanha neste fim de semana,O jovem meio-campista de apenas 18 anos despertou interesse de clubes da Bundesliga após excelente atuação na Copa São Paulo.,Vozão Diário,https://www.gazetaesportiva.com?id=curado-jogadores-2-2026-09-13,https://images.unsplash.com/photo-1508098682722-e99c43a406b2?q=80&w=600&auto=format&fit=crop
2026-09-13T17:53:58.166Z,2026-09-13T17:53:58.159Z,Everton Ribeiro completa 120 jogos pelo Bahia com golaço na Fonte Nova,"O veterano meia do Bahia comandou a vitória tricolor com passes decisivos e um belíssimo gol de fora da área, aplaudido de pé.",Bahia Esportes,https://www.gazetaesportiva.com?id=curado-jogadores-0-2026-09-13,https://images.unsplash.com/photo-1543351611-58f69d7c1781?q=80&w=600&auto=format&fit=crop
2026-09-13T17:53:58.166Z,2026-09-13T14:53:58.159Z,Renato Kayzer entra na mira de clubes europeus após grande fase no Castelão,Artilheiro do Fortaleza marcou 15 gols nos últimos 20 jogos. Agentes confirmam contatos de times da Itália e de Portugal.,Diário do Ceará,https://www.gazetaesportiva.com?id=curado-jogadores-1-2026-09-13,https://images.unsplash.com/photo-1518063319789-7217e6706b04?q=80&w=600&auto=format&fit=crop
2026-09-13T17:53:58.166Z,2026-09-13T11:53:58.159Z,Revelação do Ceará SC viaja para testes na Alemanha neste fim de semana,O jovem meio-campista de apenas 18 anos despertou interesse de clubes da Bundesliga após excelente atuação na Copa São Paulo.,Vozão Diário,https://www.gazetaesportiva.com?id=curado-jogadores-2-2026-09-13,https://images.unsplash.com/photo-1508098682722-e99c43a406b2?q=80&w=600&auto=format&fit=crop
2026-09-13T17:53:58.166Z,2026-09-13T03:38:52.000Z,Cuca elogia atuação do Santos e confirma que Coutinho já integra o elenco,"Após a vitória do Santos por 2 a 1 sobre o Cruzeiro, na Vila Belmiro, pela 27ª rodada do Campeonato Brasileiro, o técnico Cuca exaltou a atuação da equipe, destacando a versatilida...",Gazeta Esportiva,https://www.gazetaesportiva.com/times/santos/cuca-elogia-santos-e-confirma-philippe-coutinho/,https://static.gazetaesportiva.com/uploads/2026/09/5a56302f-aa62-4244-ad7e-c318c89deb911.webp
2026-09-13T20:16:06.762Z,2026-09-13T20:16:06.756Z,Everton Ribeiro completa 120 jogos pelo Bahia com golaço na Fonte Nova,"O veterano meia do Bahia comandou a vitória tricolor com passes decisivos e um belíssimo gol de fora da área, aplaudido de pé.",Bahia Esportes,https://www.gazetaesportiva.com?id=curado-jogadores-0-2026-09-13,https://images.unsplash.com/photo-1543351611-58f69d7c1781?q=80&w=600&auto=format&fit=crop
2026-09-13T20:16:06.762Z,2026-09-13T17:16:06.756Z,Renato Kayzer entra na mira de clubes europeus após grande fase no Castelão,Artilheiro do Fortaleza marcou 15 gols nos últimos 20 jogos. Agentes confirmam contatos de times da Itália e de Portugal.,Diário do Ceará,https://www.gazetaesportiva.com?id=curado-jogadores-1-2026-09-13,https://images.unsplash.com/photo-1518063319789-7217e6706b04?q=80&w=600&auto=format&fit=crop
2026-09-13T20:16:06.762Z,2026-09-13T14:16:06.756Z,Revelação do Ceará SC viaja para testes na Alemanha neste fim de semana,O jovem meio-campista de apenas 18 anos despertou interesse de clubes da Bundesliga após excelente atuação na Copa São Paulo.,Vozão Diário,https://www.gazetaesportiva.com?id=curado-jogadores-2-2026-09-13,https://images.unsplash.com/photo-1508098682722-e99c43a406b2?q=80&w=600&auto=format&fit=crop
2026-09-13T22:31:56.415Z,2026-09-13T22:31:56.409Z,Everton Ribeiro completa 120 jogos pelo Bahia com golaço na Fonte Nova,"O veterano meia do Bahia comandou a vitória tricolor com passes decisivos e um belíssimo gol de fora da área, aplaudido de pé.",Bahia Esportes,https://www.gazetaesportiva.com?id=curado-jogadores-0-2026-09-13,https://images.unsplash.com/photo-1543351611-58f69d7c1781?q=80&w=600&auto=format&fit=crop
2026-09-13T22:31:56.415Z,2026-09-13T19:31:56.409Z,Renato Kayzer entra na mira de clubes europeus após grande fase no Castelão,Artilheiro do Fortaleza marcou 15 gols nos últimos 20 jogos. Agentes confirmam contatos de times da Itália e de Portugal.,Diário do Ceará,https://www.gazetaesportiva.com?id=curado-jogadores-1-2026-09-13,https://images.unsplash.com/photo-1518063319789-7217e6706b04?q=80&w=600&auto=format&fit=crop
2026-09-13T22:31:56.415Z,2026-09-13T16:31:56.409Z,Revelação do Ceará SC viaja para testes na Alemanha neste fim de semana,O jovem meio-campista de apenas 18 anos despertou interesse de clubes da Bundesliga após excelente atuação na Copa São Paulo.,Vozão Diário,https://www.gazetaesportiva.com?id=curado-jogadores-2-2026-09-13,https://images.unsplash.com/photo-1508098682722-e99c43a406b2?q=80&w=600&auto=format&fit=crop
2026-09-14T00:41:03.378Z,2026-09-14T00:41:03.369Z,Everton Ribeiro completa 120 jogos pelo Bahia com golaço na Fonte Nova,"O veterano meia do Bahia comandou a vitória tricolor com passes decisivos e um belíssimo gol de fora da área, aplaudido de pé.",Bahia Esportes,https://www.gazetaesportiva.com?id=curado-jogadores-0-2026-09-14,https://images.unsplash.com/photo-1543351611-58f69d7c1781?q=80&w=600&auto=format&fit=crop
2026-09-14T00:41:03.378Z,2026-09-13T21:41:03.369Z,Renato Kayzer entra na mira de clubes europeus após grande fase no Castelão,Artilheiro do Fortaleza marcou 15 gols nos últimos 20 jogos. Agentes confirmam contatos de times da Itália e de Portugal.,Diário do Ceará,https://www.gazetaesportiva.com?id=curado-jogadores-1-2026-09-13,https://images.unsplash.com/photo-1518063319789-7217e6706b04?q=80&w=600&auto=format&fit=crop
2026-09-14T00:41:03.378Z,2026-09-13T18:41:03.369Z,Revelação do Ceará SC viaja para testes na Alemanha neste fim de semana,O jovem meio-campista de apenas 18 anos despertou interesse de clubes da Bundesliga após excelente atuação na Copa São Paulo.,Vozão Diário,https://www.gazetaesportiva.com?id=curado-jogadores-2-2026-09-13,https://images.unsplash.com/photo-1508098682722-e99c43a406b2?q=80&w=600&auto=format&fit=crop
2026-09-14T05:44:47.777Z,2026-09-14T05:44:47.767Z,Everton Ribeiro completa 120 jogos pelo Bahia com golaço na Fonte Nova,"O veterano meia do Bahia comandou a vitória tricolor com passes decisivos e um belíssimo gol de fora da área, aplaudido de pé.",Bahia Esportes,https://www.gazetaesportiva.com?id=curado-jogadores-0-2026-09-14,https://images.unsplash.com/photo-1543351611-58f69d7c1781?q=80&w=600&auto=format&fit=crop
2026-09-14T05:44:47.777Z,2026-09-14T02:44:47.767Z,Renato Kayzer entra na mira de clubes europeus após grande fase no Castelão,Artilheiro do Fortaleza marcou 15 gols nos últimos 20 jogos. Agentes confirmam contatos de times da Itália e de Portugal.,Diário do Ceará,https://www.gazetaesportiva.com?id=curado-jogadores-1-2026-09-14,https://images.unsplash.com/photo-1518063319789-7217e6706b04?q=80&w=600&auto=format&fit=crop
2026-09-14T05:44:47.777Z,2026-09-13T23:44:47.767Z,Revelação do Ceará SC viaja para testes na Alemanha neste fim de semana,O jovem meio-campista de apenas 18 anos despertou interesse de clubes da Bundesliga após excelente atuação na Copa São Paulo.,Vozão Diário,https://www.gazetaesportiva.com?id=curado-jogadores-2-2026-09-13,https://images.unsplash.com/photo-1508098682722-e99c43a406b2?q=80&w=600&auto=format&fit=crop
2026-09-14T11:42:54.417Z,2026-09-14T11:42:54.410Z,Everton Ribeiro completa 120 jogos pelo Bahia com golaço na Fonte Nova,"O veterano meia do Bahia comandou a vitória tricolor com passes decisivos e um belíssimo gol de fora da área, aplaudido de pé.",Bahia Esportes,https://www.gazetaesportiva.com?id=curado-jogadores-0-2026-09-14,https://images.unsplash.com/photo-1543351611-58f69d7c1781?q=80&w=600&auto=format&fit=crop
2026-09-14T11:42:54.417Z,2026-09-14T08:42:54.410Z,Renato Kayzer entra na mira de clubes europeus após grande fase no Castelão,Artilheiro do Fortaleza marcou 15 gols nos últimos 20 jogos. Agentes confirmam contatos de times da Itália e de Portugal.,Diário do Ceará,https://www.gazetaesportiva.com?id=curado-jogadores-1-2026-09-14,https://images.unsplash.com/photo-1518063319789-7217e6706b04?q=80&w=600&auto=format&fit=crop
2026-09-14T11:42:54.417Z,2026-09-14T05:42:54.410Z,Revelação do Ceará SC viaja para testes na Alemanha neste fim de semana,O jovem meio-campista de apenas 18 anos despertou interesse de clubes da Bundesliga após excelente atuação na Copa São Paulo.,Vozão Diário,https://www.gazetaesportiva.com?id=curado-jogadores-2-2026-09-14,https://images.unsplash.com/photo-1508098682722-e99c43a406b2?q=80&w=600&auto=format&fit=crop
2026-09-14T17:37:20.386Z,2026-09-14T17:37:20.379Z,Everton Ribeiro completa 120 jogos pelo Bahia com golaço na Fonte Nova,"O veterano meia do Bahia comandou a vitória tricolor com passes decisivos e um belíssimo gol de fora da área, aplaudido de pé.",Bahia Esportes,https://www.gazetaesportiva.com?id=curado-jogadores-0-2026-09-14,https://images.unsplash.com/photo-1543351611-58f69d7c1781?q=80&w=600&auto=format&fit=crop
2026-09-14T17:37:20.386Z,2026-09-14T14:37:20.379Z,Renato Kayzer entra na mira de clubes europeus após grande fase no Castelão,Artilheiro do Fortaleza marcou 15 gols nos últimos 20 jogos. Agentes confirmam contatos de times da Itália e de Portugal.,Diário do Ceará,https://www.gazetaesportiva.com?id=curado-jogadores-1-2026-09-14,https://images.unsplash.com/photo-1518063319789-7217e6706b04?q=80&w=600&auto=format&fit=crop
2026-09-14T17:37:20.386Z,2026-09-14T11:37:20.379Z,Revelação do Ceará SC viaja para testes na Alemanha neste fim de semana,O jovem meio-campista de apenas 18 anos despertou interesse de clubes da Bundesliga após excelente atuação na Copa São Paulo.,Vozão Diário,https://www.gazetaesportiva.com?id=curado-jogadores-2-2026-09-14,https://images.unsplash.com/photo-1508098682722-e99c43a406b2?q=80&w=600&auto=format&fit=crop
2026-09-14T21:25:38.030Z,2026-09-14T21:25:38.023Z,Everton Ribeiro completa 120 jogos pelo Bahia com golaço na Fonte Nova,"O veterano meia do Bahia comandou a vitória tricolor com passes decisivos e um belíssimo gol de fora da área, aplaudido de pé.",Bahia Esportes,https://www.gazetaesportiva.com?id=curado-jogadores-0-2026-09-14,https://images.unsplash.com/photo-1543351611-58f69d7c1781?q=80&w=600&auto=format&fit=crop
2026-09-14T21:25:38.030Z,2026-09-14T18:25:38.023Z,Renato Kayzer entra na mira de clubes europeus após grande fase no Castelão,Artilheiro do Fortaleza marcou 15 gols nos últimos 20 jogos. Agentes confirmam contatos de times da Itália e de Portugal.,Diário do Ceará,https://www.gazetaesportiva.com?id=curado-jogadores-1-2026-09-14,https://images.unsplash.com/photo-1518063319789-7217e6706b04?q=80&w=600&auto=format&fit=crop
2026-09-14T21:25:38.030Z,2026-09-14T15:46:54.000Z,Jardim exalta postura de Bruno Henrique: &#8216;Flamenguista a 200%&#8217;,"Técnico do Flamengo elogiou bastante o atacante, que marcou o gol da vitória no 2 a 1 sobre o Corinthians, pelo Campeonato Brasileiro.
O post Jardim exalta postura de Bruno Henriqu...",Gazeta Esportiva,https://www.gazetaesportiva.com/todas-as-noticias/jardim-exalta-postura-de-bruno-henrique-flamenguista-a-200/,https://static.gazetaesportiva.com/uploads/2026/07/1q7fwkke-1920Jardim.webp
2026-09-14T21:25:38.030Z,2026-09-14T15:25:38.023Z,Revelação do Ceará SC viaja para testes na Alemanha neste fim de semana,O jovem meio-campista de apenas 18 anos despertou interesse de clubes da Bundesliga após excelente atuação na Copa São Paulo.,Vozão Diário,https://www.gazetaesportiva.com?id=curado-jogadores-2-2026-09-14,https://images.unsplash.com/photo-1508098682722-e99c43a406b2?q=80&w=600&auto=format&fit=crop
2026-09-14T23:56:33.743Z,2026-09-14T23:56:33.737Z,Everton Ribeiro completa 120 jogos pelo Bahia com golaço na Fonte Nova,"O veterano meia do Bahia comandou a vitória tricolor com passes decisivos e um belíssimo gol de fora da área, aplaudido de pé.",Bahia Esportes,https://www.gazetaesportiva.com?id=curado-jogadores-0-2026-09-14,https://images.unsplash.com/photo-1543351611-58f69d7c1781?q=80&w=600&auto=format&fit=crop
2026-09-14T23:56:33.743Z,2026-09-14T20:56:33.737Z,Renato Kayzer entra na mira de clubes europeus após grande fase no Castelão,Artilheiro do Fortaleza marcou 15 gols nos últimos 20 jogos. Agentes confirmam contatos de times da Itália e de Portugal.,Diário do Ceará,https://www.gazetaesportiva.com?id=curado-jogadores-1-2026-09-14,https://images.unsplash.com/photo-1518063319789-7217e6706b04?q=80&w=600&auto=format&fit=crop
2026-09-14T23:56:33.743Z,2026-09-14T17:56:33.737Z,Revelação do Ceará SC viaja para testes na Alemanha neste fim de semana,O jovem meio-campista de apenas 18 anos despertou interesse de clubes da Bundesliga após excelente atuação na Copa São Paulo.,Vozão Diário,https://www.gazetaesportiva.com?id=curado-jogadores-2-2026-09-14,https://images.unsplash.com/photo-1508098682722-e99c43a406b2?q=80&w=600&auto=format&fit=crop
2026-09-15T03:44:19.908Z,2026-09-15T03:44:19.901Z,Everton Ribeiro completa 120 jogos pelo Bahia com golaço na Fonte Nova,"O veterano meia do Bahia comandou a vitória tricolor com passes decisivos e um belíssimo gol de fora da área, aplaudido de pé.",Bahia Esportes,https://www.gazetaesportiva.com?id=curado-jogadores-0-2026-09-15,https://images.unsplash.com/photo-1543351611-58f69d7c1781?q=80&w=600&auto=format&fit=crop
2026-09-15T03:44:19.908Z,2026-09-15T00:44:19.901Z,Renato Kayzer entra na mira de clubes europeus após grande fase no Castelão,Artilheiro do Fortaleza marcou 15 gols nos últimos 20 jogos. Agentes confirmam contatos de times da Itália e de Portugal.,Diário do Ceará,https://www.gazetaesportiva.com?id=curado-jogadores-1-2026-09-15,https://images.unsplash.com/photo-1518063319789-7217e6706b04?q=80&w=600&auto=format&fit=crop
2026-09-15T03:44:19.908Z,2026-09-14T21:44:19.901Z,Revelação do Ceará SC viaja para testes na Alemanha neste fim de semana,O jovem meio-campista de apenas 18 anos despertou interesse de clubes da Bundesliga após excelente atuação na Copa São Paulo.,Vozão Diário,https://www.gazetaesportiva.com?id=curado-jogadores-2-2026-09-14,https://images.unsplash.com/photo-1508098682722-e99c43a406b2?q=80&w=600&auto=format&fit=crop
2026-09-15T09:10:23.994Z,2026-09-15T09:10:23.984Z,Everton Ribeiro completa 120 jogos pelo Bahia com golaço na Fonte Nova,"O veterano meia do Bahia comandou a vitória tricolor com passes decisivos e um belíssimo gol de fora da área, aplaudido de pé.",Bahia Esportes,https://www.gazetaesportiva.com?id=curado-jogadores-0-2026-09-15,https://images.unsplash.com/photo-1543351611-58f69d7c1781?q=80&w=600&auto=format&fit=crop
2026-09-15T09:10:23.994Z,2026-09-15T06:10:23.984Z,Renato Kayzer entra na mira de clubes europeus após grande fase no Castelão,Artilheiro do Fortaleza marcou 15 gols nos últimos 20 jogos. Agentes confirmam contatos de times da Itália e de Portugal.,Diário do Ceará,https://www.gazetaesportiva.com?id=curado-jogadores-1-2026-09-15,https://images.unsplash.com/photo-1518063319789-7217e6706b04?q=80&w=600&auto=format&fit=crop
2026-09-15T09:10:23.994Z,2026-09-15T03:10:23.984Z,Revelação do Ceará SC viaja para testes na Alemanha neste fim de semana,O jovem meio-campista de apenas 18 anos despertou interesse de clubes da Bundesliga após excelente atuação na Copa São Paulo.,Vozão Diário,https://www.gazetaesportiva.com?id=curado-jogadores-2-2026-09-15,https://images.unsplash.com/photo-1508098682722-e99c43a406b2?q=80&w=600&auto=format&fit=crop
2026-09-15T14:23:50.755Z,2026-09-15T14:23:50.748Z,Everton Ribeiro completa 120 jogos pelo Bahia com golaço na Fonte Nova,"O veterano meia do Bahia comandou a vitória tricolor com passes decisivos e um belíssimo gol de fora da área, aplaudido de pé.",Bahia Esportes,https://www.gazetaesportiva.com?id=curado-jogadores-0-2026-09-15,https://images.unsplash.com/photo-1543351611-58f69d7c1781?q=80&w=600&auto=format&fit=crop
2026-09-15T14:23:50.755Z,2026-09-15T11:23:50.748Z,Renato Kayzer entra na mira de clubes europeus após grande fase no Castelão,Artilheiro do Fortaleza marcou 15 gols nos últimos 20 jogos. Agentes confirmam contatos de times da Itália e de Portugal.,Diário do Ceará,https://www.gazetaesportiva.com?id=curado-jogadores-1-2026-09-15,https://images.unsplash.com/photo-1518063319789-7217e6706b04?q=80&w=600&auto=format&fit=crop
2026-09-15T14:23:50.755Z,2026-09-15T08:23:50.748Z,Revelação do Ceará SC viaja para testes na Alemanha neste fim de semana,O jovem meio-campista de apenas 18 anos despertou interesse de clubes da Bundesliga após excelente atuação na Copa São Paulo.,Vozão Diário,https://www.gazetaesportiva.com?id=curado-jogadores-2-2026-09-15,https://images.unsplash.com/photo-1508098682722-e99c43a406b2?q=80&w=600&auto=format&fit=crop
2026-09-15T18:21:59.887Z,2026-09-15T18:21:59.880Z,Everton Ribeiro completa 120 jogos pelo Bahia com golaço na Fonte Nova,"O veterano meia do Bahia comandou a vitória tricolor com passes decisivos e um belíssimo gol de fora da área, aplaudido de pé.",Bahia Esportes,https://www.gazetaesportiva.com?id=curado-jogadores-0-2026-09-15,https://images.unsplash.com/photo-1543351611-58f69d7c1781?q=80&w=600&auto=format&fit=crop
2026-09-15T18:21:59.887Z,2026-09-15T15:21:59.880Z,Renato Kayzer entra na mira de clubes europeus após grande fase no Castelão,Artilheiro do Fortaleza marcou 15 gols nos últimos 20 jogos. Agentes confirmam contatos de times da Itália e de Portugal.,Diário do Ceará,https://www.gazetaesportiva.com?id=curado-jogadores-1-2026-09-15,https://images.unsplash.com/photo-1518063319789-7217e6706b04?q=80&w=600&auto=format&fit=crop
2026-09-15T18:21:59.887Z,2026-09-15T12:21:59.880Z,Revelação do Ceará SC viaja para testes na Alemanha neste fim de semana,O jovem meio-campista de apenas 18 anos despertou interesse de clubes da Bundesliga após excelente atuação na Copa São Paulo.,Vozão Diário,https://www.gazetaesportiva.com?id=curado-jogadores-2-2026-09-15,https://images.unsplash.com/photo-1508098682722-e99c43a406b2?q=80&w=600&auto=format&fit=crop
2026-09-15T21:36:07.767Z,2026-09-15T21:36:07.760Z,Everton Ribeiro completa 120 jogos pelo Bahia com golaço na Fonte Nova,"O veterano meia do Bahia comandou a vitória tricolor com passes decisivos e um belíssimo gol de fora da área, aplaudido de pé.",Bahia Esportes,https://www.gazetaesportiva.com?id=curado-jogadores-0-2026-09-15,https://images.unsplash.com/photo-1543351611-58f69d7c1781?q=80&w=600&auto=format&fit=crop
2026-09-15T21:36:07.767Z,2026-09-15T18:36:07.760Z,Renato Kayzer entra na mira de clubes europeus após grande fase no Castelão,Artilheiro do Fortaleza marcou 15 gols nos últimos 20 jogos. Agentes confirmam contatos de times da Itália e de Portugal.,Diário do Ceará,https://www.gazetaesportiva.com?id=curado-jogadores-1-2026-09-15,https://images.unsplash.com/photo-1518063319789-7217e6706b04?q=80&w=600&auto=format&fit=crop
2026-09-15T21:36:07.767Z,2026-09-15T15:36:07.760Z,Revelação do Ceará SC viaja para testes na Alemanha neste fim de semana,O jovem meio-campista de apenas 18 anos despertou interesse de clubes da Bundesliga após excelente atuação na Copa São Paulo.,Vozão Diário,https://www.gazetaesportiva.com?id=curado-jogadores-2-2026-09-15,https://images.unsplash.com/photo-1508098682722-e99c43a406b2?q=80&w=600&auto=format&fit=crop
2026-09-15T23:56:55.495Z,2026-09-15T23:56:55.487Z,Everton Ribeiro completa 120 jogos pelo Bahia com golaço na Fonte Nova,"O veterano meia do Bahia comandou a vitória tricolor com passes decisivos e um belíssimo gol de fora da área, aplaudido de pé.",Bahia Esportes,https://www.gazetaesportiva.com?id=curado-jogadores-0-2026-09-15,https://images.unsplash.com/photo-1543351611-58f69d7c1781?q=80&w=600&auto=format&fit=crop
2026-09-15T23:56:55.495Z,2026-09-15T20:56:55.487Z,Renato Kayzer entra na mira de clubes europeus após grande fase no Castelão,Artilheiro do Fortaleza marcou 15 gols nos últimos 20 jogos. Agentes confirmam contatos de times da Itália e de Portugal.,Diário do Ceará,https://www.gazetaesportiva.com?id=curado-jogadores-1-2026-09-15,https://images.unsplash.com/photo-1518063319789-7217e6706b04?q=80&w=600&auto=format&fit=crop
2026-09-15T23:56:55.495Z,2026-09-15T17:56:55.487Z,Revelação do Ceará SC viaja para testes na Alemanha neste fim de semana,O jovem meio-campista de apenas 18 anos despertou interesse de clubes da Bundesliga após excelente atuação na Copa São Paulo.,Vozão Diário,https://www.gazetaesportiva.com?id=curado-jogadores-2-2026-09-15,https://images.unsplash.com/photo-1508098682722-e99c43a406b2?q=80&w=600&auto=format&fit=crop
2026-09-16T03:47:52.506Z,2026-09-16T03:47:52.495Z,Everton Ribeiro completa 120 jogos pelo Bahia com golaço na Fonte Nova,"O veterano meia do Bahia comandou a vitória tricolor com passes decisivos e um belíssimo gol de fora da área, aplaudido de pé.",Bahia Esportes,https://www.gazetaesportiva.com?id=curado-jogadores-0-2026-09-16,https://images.unsplash.com/photo-1543351611-58f69d7c1781?q=80&w=600&auto=format&fit=crop
2026-09-16T03:47:52.506Z,2026-09-16T00:47:52.495Z,Renato Kayzer entra na mira de clubes europeus após grande fase no Castelão,Artilheiro do Fortaleza marcou 15 gols nos últimos 20 jogos. Agentes confirmam contatos de times da Itália e de Portugal.,Diário do Ceará,https://www.gazetaesportiva.com?id=curado-jogadores-1-2026-09-16,https://images.unsplash.com/photo-1518063319789-7217e6706b04?q=80&w=600&auto=format&fit=crop
2026-09-16T03:47:52.506Z,2026-09-15T21:47:52.495Z,Revelação do Ceará SC viaja para testes na Alemanha neste fim de semana,O jovem meio-campista de apenas 18 anos despertou interesse de clubes da Bundesliga após excelente atuação na Copa São Paulo.,Vozão Diário,https://www.gazetaesportiva.com?id=curado-jogadores-2-2026-09-15,https://images.unsplash.com/photo-1508098682722-e99c43a406b2?q=80&w=600&auto=format&fit=crop
2026-09-16T09:02:25.180Z,2026-09-16T09:02:25.167Z,Everton Ribeiro completa 120 jogos pelo Bahia com golaço na Fonte Nova,"O veterano meia do Bahia comandou a vitória tricolor com passes decisivos e um belíssimo gol de fora da área, aplaudido de pé.",Bahia Esportes,https://www.gazetaesportiva.com?id=curado-jogadores-0-2026-09-16,https://images.unsplash.com/photo-1543351611-58f69d7c1781?q=80&w=600&auto=format&fit=crop
2026-09-16T09:02:25.180Z,2026-09-16T06:02:25.167Z,Renato Kayzer entra na mira de clubes europeus após grande fase no Castelão,Artilheiro do Fortaleza marcou 15 gols nos últimos 20 jogos. Agentes confirmam contatos de times da Itália e de Portugal.,Diário do Ceará,https://www.gazetaesportiva.com?id=curado-jogadores-1-2026-09-16,https://images.unsplash.com/photo-1518063319789-7217e6706b04?q=80&w=600&auto=format&fit=crop
2026-09-16T09:02:25.180Z,2026-09-16T03:02:25.167Z,Revelação do Ceará SC viaja para testes na Alemanha neste fim de semana,O jovem meio-campista de apenas 18 anos despertou interesse de clubes da Bundesliga após excelente atuação na Copa São Paulo.,Vozão Diário,https://www.gazetaesportiva.com?id=curado-jogadores-2-2026-09-16,https://images.unsplash.com/photo-1508098682722-e99c43a406b2?q=80&w=600&auto=format&fit=crop
2026-09-16T14:16:40.892Z,2026-09-16T14:16:40.880Z,Everton Ribeiro completa 120 jogos pelo Bahia com golaço na Fonte Nova,"O veterano meia do Bahia comandou a vitória tricolor com passes decisivos e um belíssimo gol de fora da área, aplaudido de pé.",Bahia Esportes,https://www.gazetaesportiva.com?id=curado-jogadores-0-2026-09-16,https://images.unsplash.com/photo-1543351611-58f69d7c1781?q=80&w=600&auto=format&fit=crop
2026-09-16T14:16:40.892Z,2026-09-16T11:16:40.880Z,Renato Kayzer entra na mira de clubes europeus após grande fase no Castelão,Artilheiro do Fortaleza marcou 15 gols nos últimos 20 jogos. Agentes confirmam contatos de times da Itália e de Portugal.,Diário do Ceará,https://www.gazetaesportiva.com?id=curado-jogadores-1-2026-09-16,https://images.unsplash.com/photo-1518063319789-7217e6706b04?q=80&w=600&auto=format&fit=crop
2026-09-16T14:16:40.892Z,2026-09-16T08:16:40.880Z,Revelação do Ceará SC viaja para testes na Alemanha neste fim de semana,O jovem meio-campista de apenas 18 anos despertou interesse de clubes da Bundesliga após excelente atuação na Copa São Paulo.,Vozão Diário,https://www.gazetaesportiva.com?id=curado-jogadores-2-2026-09-16,https://images.unsplash.com/photo-1508098682722-e99c43a406b2?q=80&w=600&auto=format&fit=crop
2026-09-16T18:17:35.357Z,2026-09-16T18:17:35.350Z,Everton Ribeiro completa 120 jogos pelo Bahia com golaço na Fonte Nova,"O veterano meia do Bahia comandou a vitória tricolor com passes decisivos e um belíssimo gol de fora da área, aplaudido de pé.",Bahia Esportes,https://www.gazetaesportiva.com?id=curado-jogadores-0-2026-09-16,https://images.unsplash.com/photo-1543351611-58f69d7c1781?q=80&w=600&auto=format&fit=crop
2026-09-16T18:17:35.357Z,2026-09-16T16:41:41.000Z,Remo anuncia Thiago Carpini como novo treinador,"O Remo oficializou a contratação de Thiago Carpini para a sequência da temporada. O treinador, que tem passagens por São Paulo, Juventude, Vitória e Fortaleza, chega com a missão d...",Gazeta Esportiva,https://www.gazetaesportiva.com/times/remo-pa/remo-anuncia-thiago-carpini-como-novo-treinador/,https://static.gazetaesportiva.com/uploads/2024/07/53827023037_7cfbad0501_k.jpg
2026-09-16T18:17:35.357Z,2026-09-16T15:17:35.350Z,Renato Kayzer entra na mira de clubes europeus após grande fase no Castelão,Artilheiro do Fortaleza marcou 15 gols nos últimos 20 jogos. Agentes confirmam contatos de times da Itália e de Portugal.,Diário do Ceará,https://www.gazetaesportiva.com?id=curado-jogadores-1-2026-09-16,https://images.unsplash.com/photo-1518063319789-7217e6706b04?q=80&w=600&auto=format&fit=crop
2026-09-16T18:17:35.357Z,2026-09-16T12:51:37.000Z,Barcelona inicia conversas com Raphinha por renovação de contrato,O diretor esportivo Deco se reuniu com Raphinha para iniciar conversas sobre a renovação do contrato do atacante brasileiro com o Barcelona. O atual vínculo do jogador com o clube ...,Gazeta Esportiva,https://www.gazetaesportiva.com/times/barcelona/barcelona-inicia-conversas-renovacao-raphinha/,https://static.gazetaesportiva.com/uploads/2026/08/AFP__20260831__C6XZ86W__v1__MidRes__FblEspLigaBarcelonaRayoVallecano.webp
2026-09-16T21:30:56.350Z,2026-09-16T21:30:56.344Z,Everton Ribeiro completa 120 jogos pelo Bahia com golaço na Fonte Nova,"O veterano meia do Bahia comandou a vitória tricolor com passes decisivos e um belíssimo gol de fora da área, aplaudido de pé.",Bahia Esportes,https://www.gazetaesportiva.com?id=curado-jogadores-0-2026-09-16,https://images.unsplash.com/photo-1543351611-58f69d7c1781?q=80&w=600&auto=format&fit=crop
2026-09-16T21:30:56.350Z,2026-09-16T18:30:56.344Z,Renato Kayzer entra na mira de clubes europeus após grande fase no Castelão,Artilheiro do Fortaleza marcou 15 gols nos últimos 20 jogos. Agentes confirmam contatos de times da Itália e de Portugal.,Diário do Ceará,https://www.gazetaesportiva.com?id=curado-jogadores-1-2026-09-16,https://images.unsplash.com/photo-1518063319789-7217e6706b04?q=80&w=600&auto=format&fit=crop
2026-09-16T21:30:56.350Z,2026-09-16T16:41:41.000Z,Remo anuncia Thiago Carpini como novo treinador,"O Remo oficializou a contratação de Thiago Carpini para a sequência da temporada. O treinador, que tem passagens por São Paulo, Juventude, Vitória e Fortaleza, chega com a missão d...",Gazeta Esportiva,https://www.gazetaesportiva.com/times/remo-pa/remo-anuncia-thiago-carpini-como-novo-treinador/,https://static.gazetaesportiva.com/uploads/2024/07/53827023037_7cfbad0501_k.jpg
2026-09-16T21:30:56.350Z,2026-09-16T12:51:37.000Z,Barcelona inicia conversas com Raphinha por renovação de contrato,O diretor esportivo Deco se reuniu com Raphinha para iniciar conversas sobre a renovação do contrato do atacante brasileiro com o Barcelona. O atual vínculo do jogador com o clube ...,Gazeta Esportiva,https://www.gazetaesportiva.com/times/barcelona/barcelona-inicia-conversas-renovacao-raphinha/,https://static.gazetaesportiva.com/uploads/2026/08/AFP__20260831__C6XZ86W__v1__MidRes__FblEspLigaBarcelonaRayoVallecano.webp
2026-09-17T00:03:02.422Z,2026-09-17T00:03:02.416Z,Everton Ribeiro completa 120 jogos pelo Bahia com golaço na Fonte Nova,"O veterano meia do Bahia comandou a vitória tricolor com passes decisivos e um belíssimo gol de fora da área, aplaudido de pé.",Bahia Esportes,https://www.gazetaesportiva.com?id=curado-jogadores-0-2026-09-17,https://images.unsplash.com/photo-1543351611-58f69d7c1781?q=80&w=600&auto=format&fit=crop
2026-09-17T00:03:02.422Z,2026-09-16T21:03:02.416Z,Renato Kayzer entra na mira de clubes europeus após grande fase no Castelão,Artilheiro do Fortaleza marcou 15 gols nos últimos 20 jogos. Agentes confirmam contatos de times da Itália e de Portugal.,Diário do Ceará,https://www.gazetaesportiva.com?id=curado-jogadores-1-2026-09-16,https://images.unsplash.com/photo-1518063319789-7217e6706b04?q=80&w=600&auto=format&fit=crop
2026-09-17T00:03:02.422Z,2026-09-16T18:03:02.416Z,Revelação do Ceará SC viaja para testes na Alemanha neste fim de semana,O jovem meio-campista de apenas 18 anos despertou interesse de clubes da Bundesliga após excelente atuação na Copa São Paulo.,Vozão Diário,https://www.gazetaesportiva.com?id=curado-jogadores-2-2026-09-16,https://images.unsplash.com/photo-1508098682722-e99c43a406b2?q=80&w=600&auto=format&fit=crop
2026-09-17T00:03:02.422Z,2026-09-16T16:41:41.000Z,Remo anuncia Thiago Carpini como novo treinador,"O Remo oficializou a contratação de Thiago Carpini para a sequência da temporada. O treinador, que tem passagens por São Paulo, Juventude, Vitória e Fortaleza, chega com a missão d...",Gazeta Esportiva,https://www.gazetaesportiva.com/times/remo-pa/remo-anuncia-thiago-carpini-como-novo-treinador/,https://static.gazetaesportiva.com/uploads/2024/07/53827023037_7cfbad0501_k.jpg
2026-09-17T05:06:21.953Z,2026-09-17T05:06:21.943Z,Everton Ribeiro completa 120 jogos pelo Bahia com golaço na Fonte Nova,"O veterano meia do Bahia comandou a vitória tricolor com passes decisivos e um belíssimo gol de fora da área, aplaudido de pé.",Bahia Esportes,https://www.gazetaesportiva.com?id=curado-jogadores-0-2026-09-17,https://images.unsplash.com/photo-1543351611-58f69d7c1781?q=80&w=600&auto=format&fit=crop
2026-09-17T05:06:21.953Z,2026-09-17T02:06:21.943Z,Renato Kayzer entra na mira de clubes europeus após grande fase no Castelão,Artilheiro do Fortaleza marcou 15 gols nos últimos 20 jogos. Agentes confirmam contatos de times da Itália e de Portugal.,Diário do Ceará,https://www.gazetaesportiva.com?id=curado-jogadores-1-2026-09-17,https://images.unsplash.com/photo-1518063319789-7217e6706b04?q=80&w=600&auto=format&fit=crop
2026-09-17T05:06:21.953Z,2026-09-16T23:06:21.943Z,Revelação do Ceará SC viaja para testes na Alemanha neste fim de semana,O jovem meio-campista de apenas 18 anos despertou interesse de clubes da Bundesliga após excelente atuação na Copa São Paulo.,Vozão Diário,https://www.gazetaesportiva.com?id=curado-jogadores-2-2026-09-16,https://images.unsplash.com/photo-1508098682722-e99c43a406b2?q=80&w=600&auto=format&fit=crop
2026-09-17T10:14:57.083Z,2026-09-17T10:14:57.074Z,Everton Ribeiro completa 120 jogos pelo Bahia com golaço na Fonte Nova,"O veterano meia do Bahia comandou a vitória tricolor com passes decisivos e um belíssimo gol de fora da área, aplaudido de pé.",Bahia Esportes,https://www.gazetaesportiva.com?id=curado-jogadores-0-2026-09-17,https://images.unsplash.com/photo-1543351611-58f69d7c1781?q=80&w=600&auto=format&fit=crop
2026-09-17T10:14:57.083Z,2026-09-17T07:14:57.074Z,Renato Kayzer entra na mira de clubes europeus após grande fase no Castelão,Artilheiro do Fortaleza marcou 15 gols nos últimos 20 jogos. Agentes confirmam contatos de times da Itália e de Portugal.,Diário do Ceará,https://www.gazetaesportiva.com?id=curado-jogadores-1-2026-09-17,https://images.unsplash.com/photo-1518063319789-7217e6706b04?q=80&w=600&auto=format&fit=crop
2026-09-17T10:14:57.083Z,2026-09-17T04:14:57.074Z,Revelação do Ceará SC viaja para testes na Alemanha neste fim de semana,O jovem meio-campista de apenas 18 anos despertou interesse de clubes da Bundesliga após excelente atuação na Copa São Paulo.,Vozão Diário,https://www.gazetaesportiva.com?id=curado-jogadores-2-2026-09-17,https://images.unsplash.com/photo-1508098682722-e99c43a406b2?q=80&w=600&auto=format&fit=crop
2026-09-17T15:09:41.910Z,2026-09-17T15:09:41.902Z,Everton Ribeiro completa 120 jogos pelo Bahia com golaço na Fonte Nova,"O veterano meia do Bahia comandou a vitória tricolor com passes decisivos e um belíssimo gol de fora da área, aplaudido de pé.",Bahia Esportes,https://www.gazetaesportiva.com?id=curado-jogadores-0-2026-09-17,https://images.unsplash.com/photo-1543351611-58f69d7c1781?q=80&w=600&auto=format&fit=crop
2026-09-17T15:09:41.910Z,2026-09-17T12:09:41.902Z,Renato Kayzer entra na mira de clubes europeus após grande fase no Castelão,Artilheiro do Fortaleza marcou 15 gols nos últimos 20 jogos. Agentes confirmam contatos de times da Itália e de Portugal.,Diário do Ceará,https://www.gazetaesportiva.com?id=curado-jogadores-1-2026-09-17,https://images.unsplash.com/photo-1518063319789-7217e6706b04?q=80&w=600&auto=format&fit=crop
2026-09-17T15:09:41.910Z,2026-09-17T09:09:41.902Z,Revelação do Ceará SC viaja para testes na Alemanha neste fim de semana,O jovem meio-campista de apenas 18 anos despertou interesse de clubes da Bundesliga após excelente atuação na Copa São Paulo.,Vozão Diário,https://www.gazetaesportiva.com?id=curado-jogadores-2-2026-09-17,https://images.unsplash.com/photo-1508098682722-e99c43a406b2?q=80&w=600&auto=format&fit=crop
2026-09-17T19:09:22.265Z,2026-09-17T19:09:22.259Z,Everton Ribeiro completa 120 jogos pelo Bahia com golaço na Fonte Nova,"O veterano meia do Bahia comandou a vitória tricolor com passes decisivos e um belíssimo gol de fora da área, aplaudido de pé.",Bahia Esportes,https://www.gazetaesportiva.com?id=curado-jogadores-0-2026-09-17,https://images.unsplash.com/photo-1543351611-58f69d7c1781?q=80&w=600&auto=format&fit=crop
2026-09-17T19:09:22.265Z,2026-09-17T16:09:22.259Z,Renato Kayzer entra na mira de clubes europeus após grande fase no Castelão,Artilheiro do Fortaleza marcou 15 gols nos últimos 20 jogos. Agentes confirmam contatos de times da Itália e de Portugal.,Diário do Ceará,https://www.gazetaesportiva.com?id=curado-jogadores-1-2026-09-17,https://images.unsplash.com/photo-1518063319789-7217e6706b04?q=80&w=600&auto=format&fit=crop
2026-09-17T19:09:22.265Z,2026-09-17T13:09:22.259Z,Revelação do Ceará SC viaja para testes na Alemanha neste fim de semana,O jovem meio-campista de apenas 18 anos despertou interesse de clubes da Bundesliga após excelente atuação na Copa São Paulo.,Vozão Diário,https://www.gazetaesportiva.com?id=curado-jogadores-2-2026-09-17,https://images.unsplash.com/photo-1508098682722-e99c43a406b2?q=80&w=600&auto=format&fit=crop
2026-09-17T22:19:52.079Z,2026-09-17T22:19:52.072Z,Everton Ribeiro completa 120 jogos pelo Bahia com golaço na Fonte Nova,"O veterano meia do Bahia comandou a vitória tricolor com passes decisivos e um belíssimo gol de fora da área, aplaudido de pé.",Bahia Esportes,https://www.gazetaesportiva.com?id=curado-jogadores-0-2026-09-17,https://images.unsplash.com/photo-1543351611-58f69d7c1781?q=80&w=600&auto=format&fit=crop
2026-09-17T22:19:52.079Z,2026-09-17T19:19:52.072Z,Renato Kayzer entra na mira de clubes europeus após grande fase no Castelão,Artilheiro do Fortaleza marcou 15 gols nos últimos 20 jogos. Agentes confirmam contatos de times da Itália e de Portugal.,Diário do Ceará,https://www.gazetaesportiva.com?id=curado-jogadores-1-2026-09-17,https://images.unsplash.com/photo-1518063319789-7217e6706b04?q=80&w=600&auto=format&fit=crop
2026-09-17T22:19:52.079Z,2026-09-17T16:19:52.072Z,Revelação do Ceará SC viaja para testes na Alemanha neste fim de semana,O jovem meio-campista de apenas 18 anos despertou interesse de clubes da Bundesliga após excelente atuação na Copa São Paulo.,Vozão Diário,https://www.gazetaesportiva.com?id=curado-jogadores-2-2026-09-17,https://images.unsplash.com/photo-1508098682722-e99c43a406b2?q=80&w=600&auto=format&fit=crop
2026-09-18T00:35:51.483Z,2026-09-18T00:35:51.476Z,Everton Ribeiro completa 120 jogos pelo Bahia com golaço na Fonte Nova,"O veterano meia do Bahia comandou a vitória tricolor com passes decisivos e um belíssimo gol de fora da área, aplaudido de pé.",Bahia Esportes,https://www.gazetaesportiva.com?id=curado-jogadores-0-2026-09-18,https://images.unsplash.com/photo-1543351611-58f69d7c1781?q=80&w=600&auto=format&fit=crop
2026-09-18T00:35:51.483Z,2026-09-17T21:35:51.476Z,Renato Kayzer entra na mira de clubes europeus após grande fase no Castelão,Artilheiro do Fortaleza marcou 15 gols nos últimos 20 jogos. Agentes confirmam contatos de times da Itália e de Portugal.,Diário do Ceará,https://www.gazetaesportiva.com?id=curado-jogadores-1-2026-09-17,https://images.unsplash.com/photo-1518063319789-7217e6706b04?q=80&w=600&auto=format&fit=crop
2026-09-18T00:35:51.483Z,2026-09-17T18:35:51.476Z,Revelação do Ceará SC viaja para testes na Alemanha neste fim de semana,O jovem meio-campista de apenas 18 anos despertou interesse de clubes da Bundesliga após excelente atuação na Copa São Paulo.,Vozão Diário,https://www.gazetaesportiva.com?id=curado-jogadores-2-2026-09-17,https://images.unsplash.com/photo-1508098682722-e99c43a406b2?q=80&w=600&auto=format&fit=crop
2026-09-18T05:31:29.384Z,2026-09-18T05:31:29.375Z,Everton Ribeiro completa 120 jogos pelo Bahia com golaço na Fonte Nova,"O veterano meia do Bahia comandou a vitória tricolor com passes decisivos e um belíssimo gol de fora da área, aplaudido de pé.",Bahia Esportes,https://www.gazetaesportiva.com?id=curado-jogadores-0-2026-09-18,https://images.unsplash.com/photo-1543351611-58f69d7c1781?q=80&w=600&auto=format&fit=crop
2026-09-18T05:31:29.384Z,2026-09-18T02:31:29.375Z,Renato Kayzer entra na mira de clubes europeus após grande fase no Castelão,Artilheiro do Fortaleza marcou 15 gols nos últimos 20 jogos. Agentes confirmam contatos de times da Itália e de Portugal.,Diário do Ceará,https://www.gazetaesportiva.com?id=curado-jogadores-1-2026-09-18,https://images.unsplash.com/photo-1518063319789-7217e6706b04?q=80&w=600&auto=format&fit=crop
2026-09-18T05:31:29.384Z,2026-09-17T23:31:29.375Z,Revelação do Ceará SC viaja para testes na Alemanha neste fim de semana,O jovem meio-campista de apenas 18 anos despertou interesse de clubes da Bundesliga após excelente atuação na Copa São Paulo.,Vozão Diário,https://www.gazetaesportiva.com?id=curado-jogadores-2-2026-09-17,https://images.unsplash.com/photo-1508098682722-e99c43a406b2?q=80&w=600&auto=format&fit=crop
2026-09-18T10:30:52.322Z,2026-09-18T10:30:52.314Z,Everton Ribeiro completa 120 jogos pelo Bahia com golaço na Fonte Nova,"O veterano meia do Bahia comandou a vitória tricolor com passes decisivos e um belíssimo gol de fora da área, aplaudido de pé.",Bahia Esportes,https://www.gazetaesportiva.com?id=curado-jogadores-0-2026-09-18,https://images.unsplash.com/photo-1543351611-58f69d7c1781?q=80&w=600&auto=format&fit=crop
2026-09-18T10:30:52.322Z,2026-09-18T07:30:52.314Z,Renato Kayzer entra na mira de clubes europeus após grande fase no Castelão,Artilheiro do Fortaleza marcou 15 gols nos últimos 20 jogos. Agentes confirmam contatos de times da Itália e de Portugal.,Diário do Ceará,https://www.gazetaesportiva.com?id=curado-jogadores-1-2026-09-18,https://images.unsplash.com/photo-1518063319789-7217e6706b04?q=80&w=600&auto=format&fit=crop
2026-09-18T10:30:52.322Z,2026-09-18T04:30:52.314Z,Revelação do Ceará SC viaja para testes na Alemanha neste fim de semana,O jovem meio-campista de apenas 18 anos despertou interesse de clubes da Bundesliga após excelente atuação na Copa São Paulo.,Vozão Diário,https://www.gazetaesportiva.com?id=curado-jogadores-2-2026-09-18,https://images.unsplash.com/photo-1508098682722-e99c43a406b2?q=80&w=600&auto=format&fit=crop
2026-09-18T14:45:34.967Z,2026-09-18T14:45:34.961Z,Everton Ribeiro completa 120 jogos pelo Bahia com golaço na Fonte Nova,"O veterano meia do Bahia comandou a vitória tricolor com passes decisivos e um belíssimo gol de fora da área, aplaudido de pé.",Bahia Esportes,https://www.gazetaesportiva.com?id=curado-jogadores-0-2026-09-18,https://images.unsplash.com/photo-1543351611-58f69d7c1781?q=80&w=600&auto=format&fit=crop
2026-09-18T14:45:34.967Z,2026-09-18T11:45:34.961Z,Renato Kayzer entra na mira de clubes europeus após grande fase no Castelão,Artilheiro do Fortaleza marcou 15 gols nos últimos 20 jogos. Agentes confirmam contatos de times da Itália e de Portugal.,Diário do Ceará,https://www.gazetaesportiva.com?id=curado-jogadores-1-2026-09-18,https://images.unsplash.com/photo-1518063319789-7217e6706b04?q=80&w=600&auto=format&fit=crop
2026-09-18T14:45:34.967Z,2026-09-18T08:45:34.961Z,Revelação do Ceará SC viaja para testes na Alemanha neste fim de semana,O jovem meio-campista de apenas 18 anos despertou interesse de clubes da Bundesliga após excelente atuação na Copa São Paulo.,Vozão Diário,https://www.gazetaesportiva.com?id=curado-jogadores-2-2026-09-18,https://images.unsplash.com/photo-1508098682722-e99c43a406b2?q=80&w=600&auto=format&fit=crop
2026-09-18T18:03:03.167Z,2026-09-18T18:03:03.162Z,Everton Ribeiro completa 120 jogos pelo Bahia com golaço na Fonte Nova,"O veterano meia do Bahia comandou a vitória tricolor com passes decisivos e um belíssimo gol de fora da área, aplaudido de pé.",Bahia Esportes,https://www.gazetaesportiva.com?id=curado-jogadores-0-2026-09-18,https://images.unsplash.com/photo-1543351611-58f69d7c1781?q=80&w=600&auto=format&fit=crop
2026-09-18T18:03:03.167Z,2026-09-18T15:03:03.162Z,Renato Kayzer entra na mira de clubes europeus após grande fase no Castelão,Artilheiro do Fortaleza marcou 15 gols nos últimos 20 jogos. Agentes confirmam contatos de times da Itália e de Portugal.,Diário do Ceará,https://www.gazetaesportiva.com?id=curado-jogadores-1-2026-09-18,https://images.unsplash.com/photo-1518063319789-7217e6706b04?q=80&w=600&auto=format&fit=crop
2026-09-18T18:03:03.167Z,2026-09-18T12:03:03.163Z,Revelação do Ceará SC viaja para testes na Alemanha neste fim de semana,O jovem meio-campista de apenas 18 anos despertou interesse de clubes da Bundesliga após excelente atuação na Copa São Paulo.,Vozão Diário,https://www.gazetaesportiva.com?id=curado-jogadores-2-2026-09-18,https://images.unsplash.com/photo-1508098682722-e99c43a406b2?q=80&w=600&auto=format&fit=crop
2026-09-18T21:05:39.692Z,2026-09-18T21:05:39.684Z,Everton Ribeiro completa 120 jogos pelo Bahia com golaço na Fonte Nova,"O veterano meia do Bahia comandou a vitória tricolor com passes decisivos e um belíssimo gol de fora da área, aplaudido de pé.",Bahia Esportes,https://www.gazetaesportiva.com?id=curado-jogadores-0-2026-09-18,https://images.unsplash.com/photo-1543351611-58f69d7c1781?q=80&w=600&auto=format&fit=crop
2026-09-18T21:05:39.692Z,2026-09-18T18:05:39.684Z,Renato Kayzer entra na mira de clubes europeus após grande fase no Castelão,Artilheiro do Fortaleza marcou 15 gols nos últimos 20 jogos. Agentes confirmam contatos de times da Itália e de Portugal.,Diário do Ceará,https://www.gazetaesportiva.com?id=curado-jogadores-1-2026-09-18,https://images.unsplash.com/photo-1518063319789-7217e6706b04?q=80&w=600&auto=format&fit=crop
2026-09-18T21:05:39.692Z,2026-09-18T15:05:39.684Z,Revelação do Ceará SC viaja para testes na Alemanha neste fim de semana,O jovem meio-campista de apenas 18 anos despertou interesse de clubes da Bundesliga após excelente atuação na Copa São Paulo.,Vozão Diário,https://www.gazetaesportiva.com?id=curado-jogadores-2-2026-09-18,https://images.unsplash.com/photo-1508098682722-e99c43a406b2?q=80&w=600&auto=format&fit=crop
2026-09-18T23:27:25.058Z,2026-09-18T23:27:25.046Z,Everton Ribeiro completa 120 jogos pelo Bahia com golaço na Fonte Nova,"O veterano meia do Bahia comandou a vitória tricolor com passes decisivos e um belíssimo gol de fora da área, aplaudido de pé.",Bahia Esportes,https://www.gazetaesportiva.com?id=curado-jogadores-0-2026-09-18,https://images.unsplash.com/photo-1543351611-58f69d7c1781?q=80&w=600&auto=format&fit=crop
2026-09-18T23:27:25.058Z,2026-09-18T20:27:25.046Z,Renato Kayzer entra na mira de clubes europeus após grande fase no Castelão,Artilheiro do Fortaleza marcou 15 gols nos últimos 20 jogos. Agentes confirmam contatos de times da Itália e de Portugal.,Diário do Ceará,https://www.gazetaesportiva.com?id=curado-jogadores-1-2026-09-18,https://images.unsplash.com/photo-1518063319789-7217e6706b04?q=80&w=600&auto=format&fit=crop
2026-09-18T23:27:25.058Z,2026-09-18T17:27:25.046Z,Revelação do Ceará SC viaja para testes na Alemanha neste fim de semana,O jovem meio-campista de apenas 18 anos despertou interesse de clubes da Bundesliga após excelente atuação na Copa São Paulo.,Vozão Diário,https://www.gazetaesportiva.com?id=curado-jogadores-2-2026-09-18,https://images.unsplash.com/photo-1508098682722-e99c43a406b2?q=80&w=600&auto=format&fit=crop
2026-09-19T01:26:50.970Z,2026-09-19T01:26:50.958Z,Everton Ribeiro completa 120 jogos pelo Bahia com golaço na Fonte Nova,"O veterano meia do Bahia comandou a vitória tricolor com passes decisivos e um belíssimo gol de fora da área, aplaudido de pé.",Bahia Esportes,https://www.gazetaesportiva.com?id=curado-jogadores-0-2026-09-19,https://images.unsplash.com/photo-1543351611-58f69d7c1781?q=80&w=600&auto=format&fit=crop
2026-09-19T01:26:50.970Z,2026-09-18T22:26:50.958Z,Renato Kayzer entra na mira de clubes europeus após grande fase no Castelão,Artilheiro do Fortaleza marcou 15 gols nos últimos 20 jogos. Agentes confirmam contatos de times da Itália e de Portugal.,Diário do Ceará,https://www.gazetaesportiva.com?id=curado-jogadores-1-2026-09-18,https://images.unsplash.com/photo-1518063319789-7217e6706b04?q=80&w=600&auto=format&fit=crop
2026-09-19T01:26:50.970Z,2026-09-18T19:26:50.958Z,Revelação do Ceará SC viaja para testes na Alemanha neste fim de semana,O jovem meio-campista de apenas 18 anos despertou interesse de clubes da Bundesliga após excelente atuação na Copa São Paulo.,Vozão Diário,https://www.gazetaesportiva.com?id=curado-jogadores-2-2026-09-18,https://images.unsplash.com/photo-1508098682722-e99c43a406b2?q=80&w=600&auto=format&fit=crop
2026-09-19T06:20:23.405Z,2026-09-19T06:20:23.400Z,Everton Ribeiro completa 120 jogos pelo Bahia com golaço na Fonte Nova,"O veterano meia do Bahia comandou a vitória tricolor com passes decisivos e um belíssimo gol de fora da área, aplaudido de pé.",Bahia Esportes,https://www.gazetaesportiva.com?id=curado-jogadores-0-2026-09-19,https://images.unsplash.com/photo-1543351611-58f69d7c1781?q=80&w=600&auto=format&fit=crop
2026-09-19T06:20:23.405Z,2026-09-19T03:20:23.400Z,Renato Kayzer entra na mira de clubes europeus após grande fase no Castelão,Artilheiro do Fortaleza marcou 15 gols nos últimos 20 jogos. Agentes confirmam contatos de times da Itália e de Portugal.,Diário do Ceará,https://www.gazetaesportiva.com?id=curado-jogadores-1-2026-09-19,https://images.unsplash.com/photo-1518063319789-7217e6706b04?q=80&w=600&auto=format&fit=crop
2026-09-19T06:20:23.405Z,2026-09-19T00:20:23.400Z,Revelação do Ceará SC viaja para testes na Alemanha neste fim de semana,O jovem meio-campista de apenas 18 anos despertou interesse de clubes da Bundesliga após excelente atuação na Copa São Paulo.,Vozão Diário,https://www.gazetaesportiva.com?id=curado-jogadores-2-2026-09-19,https://images.unsplash.com/photo-1508098682722-e99c43a406b2?q=80&w=600&auto=format&fit=crop
2026-09-19T11:19:16.411Z,2026-09-19T11:19:16.400Z,Everton Ribeiro completa 120 jogos pelo Bahia com golaço na Fonte Nova,"O veterano meia do Bahia comandou a vitória tricolor com passes decisivos e um belíssimo gol de fora da área, aplaudido de pé.",Bahia Esportes,https://www.gazetaesportiva.com?id=curado-jogadores-0-2026-09-19,https://images.unsplash.com/photo-1543351611-58f69d7c1781?q=80&w=600&auto=format&fit=crop
2026-09-19T11:19:16.411Z,2026-09-19T08:19:16.400Z,Renato Kayzer entra na mira de clubes europeus após grande fase no Castelão,Artilheiro do Fortaleza marcou 15 gols nos últimos 20 jogos. Agentes confirmam contatos de times da Itália e de Portugal.,Diário do Ceará,https://www.gazetaesportiva.com?id=curado-jogadores-1-2026-09-19,https://images.unsplash.com/photo-1518063319789-7217e6706b04?q=80&w=600&auto=format&fit=crop
2026-09-19T11:19:16.411Z,2026-09-19T05:19:16.400Z,Revelação do Ceará SC viaja para testes na Alemanha neste fim de semana,O jovem meio-campista de apenas 18 anos despertou interesse de clubes da Bundesliga após excelente atuação na Copa São Paulo.,Vozão Diário,https://www.gazetaesportiva.com?id=curado-jogadores-2-2026-09-19,https://images.unsplash.com/photo-1508098682722-e99c43a406b2?q=80&w=600&auto=format&fit=crop
2026-09-19T14:37:04.132Z,2026-09-19T14:37:04.124Z,Everton Ribeiro completa 120 jogos pelo Bahia com golaço na Fonte Nova,"O veterano meia do Bahia comandou a vitória tricolor com passes decisivos e um belíssimo gol de fora da área, aplaudido de pé.",Bahia Esportes,https://www.gazetaesportiva.com?id=curado-jogadores-0-2026-09-19,https://images.unsplash.com/photo-1543351611-58f69d7c1781?q=80&w=600&auto=format&fit=crop
2026-09-19T14:37:04.132Z,2026-09-19T11:37:04.124Z,Renato Kayzer entra na mira de clubes europeus após grande fase no Castelão,Artilheiro do Fortaleza marcou 15 gols nos últimos 20 jogos. Agentes confirmam contatos de times da Itália e de Portugal.,Diário do Ceará,https://www.gazetaesportiva.com?id=curado-jogadores-1-2026-09-19,https://images.unsplash.com/photo-1518063319789-7217e6706b04?q=80&w=600&auto=format&fit=crop
2026-09-19T14:37:04.132Z,2026-09-19T08:37:04.124Z,Revelação do Ceará SC viaja para testes na Alemanha neste fim de semana,O jovem meio-campista de apenas 18 anos despertou interesse de clubes da Bundesliga após excelente atuação na Copa São Paulo.,Vozão Diário,https://www.gazetaesportiva.com?id=curado-jogadores-2-2026-09-19,https://images.unsplash.com/photo-1508098682722-e99c43a406b2?q=80&w=600&auto=format&fit=crop
2026-09-19T17:44:43.578Z,2026-09-19T17:44:43.572Z,Everton Ribeiro completa 120 jogos pelo Bahia com golaço na Fonte Nova,"O veterano meia do Bahia comandou a vitória tricolor com passes decisivos e um belíssimo gol de fora da área, aplaudido de pé.",Bahia Esportes,https://www.gazetaesportiva.com?id=curado-jogadores-0-2026-09-19,https://images.unsplash.com/photo-1543351611-58f69d7c1781?q=80&w=600&auto=format&fit=crop
2026-09-19T17:44:43.578Z,2026-09-19T14:44:43.572Z,Renato Kayzer entra na mira de clubes europeus após grande fase no Castelão,Artilheiro do Fortaleza marcou 15 gols nos últimos 20 jogos. Agentes confirmam contatos de times da Itália e de Portugal.,Diário do Ceará,https://www.gazetaesportiva.com?id=curado-jogadores-1-2026-09-19,https://images.unsplash.com/photo-1518063319789-7217e6706b04?q=80&w=600&auto=format&fit=crop
2026-09-19T17:44:43.578Z,2026-09-19T11:44:43.572Z,Revelação do Ceará SC viaja para testes na Alemanha neste fim de semana,O jovem meio-campista de apenas 18 anos despertou interesse de clubes da Bundesliga após excelente atuação na Copa São Paulo.,Vozão Diário,https://www.gazetaesportiva.com?id=curado-jogadores-2-2026-09-19,https://images.unsplash.com/photo-1508098682722-e99c43a406b2?q=80&w=600&auto=format&fit=crop
2026-09-19T19:59:53.685Z,2026-09-19T19:59:53.674Z,Everton Ribeiro completa 120 jogos pelo Bahia com golaço na Fonte Nova,"O veterano meia do Bahia comandou a vitória tricolor com passes decisivos e um belíssimo gol de fora da área, aplaudido de pé.",Bahia Esportes,https://www.gazetaesportiva.com?id=curado-jogadores-0-2026-09-19,https://images.unsplash.com/photo-1543351611-58f69d7c1781?q=80&w=600&auto=format&fit=crop
2026-09-19T19:59:53.685Z,2026-09-19T16:59:53.674Z,Renato Kayzer entra na mira de clubes europeus após grande fase no Castelão,Artilheiro do Fortaleza marcou 15 gols nos últimos 20 jogos. Agentes confirmam contatos de times da Itália e de Portugal.,Diário do Ceará,https://www.gazetaesportiva.com?id=curado-jogadores-1-2026-09-19,https://images.unsplash.com/photo-1518063319789-7217e6706b04?q=80&w=600&auto=format&fit=crop
2026-09-19T19:59:53.685Z,2026-09-19T15:18:50.000Z,Maresca mira a la séptima vitória consecutiva do City antes da pausa internacional,"Enzo Maresca afirma que o Manchester City segue focado em conquistar os três pontos em casa contra o Sunderland antes de os jogadores se apresentarem às suas seleções.
O post Mares...",Gazeta Esportiva,https://www.gazetaesportiva.com/todas-as-noticias/maresca-mira-a-la-septima-vitoria-consecutiva-do-city-antes-da-pausa-internacional/,https://static.gazetaesportiva.com/uploads/2026/09/85ftb7po-1920Maresca.webp
2026-09-19T19:59:53.685Z,2026-09-19T13:59:53.674Z,Revelação do Ceará SC viaja para testes na Alemanha neste fim de semana,O jovem meio-campista de apenas 18 anos despertou interesse de clubes da Bundesliga após excelente atuação na Copa São Paulo.,Vozão Diário,https://www.gazetaesportiva.com?id=curado-jogadores-2-2026-09-19,https://images.unsplash.com/photo-1508098682722-e99c43a406b2?q=80&w=600&auto=format&fit=crop
2026-09-19T22:17:51.036Z,2026-09-19T22:17:51.028Z,Everton Ribeiro completa 120 jogos pelo Bahia com golaço na Fonte Nova,"O veterano meia do Bahia comandou a vitória tricolor com passes decisivos e um belíssimo gol de fora da área, aplaudido de pé.",Bahia Esportes,https://www.gazetaesportiva.com?id=curado-jogadores-0-2026-09-19,https://images.unsplash.com/photo-1543351611-58f69d7c1781?q=80&w=600&auto=format&fit=crop
2026-09-19T22:17:51.036Z,2026-09-19T19:17:51.028Z,Renato Kayzer entra na mira de clubes europeus após grande fase no Castelão,Artilheiro do Fortaleza marcou 15 gols nos últimos 20 jogos. Agentes confirmam contatos de times da Itália e de Portugal.,Diário do Ceará,https://www.gazetaesportiva.com?id=curado-jogadores-1-2026-09-19,https://images.unsplash.com/photo-1518063319789-7217e6706b04?q=80&w=600&auto=format&fit=crop
2026-09-19T22:17:51.036Z,2026-09-19T16:17:51.028Z,Revelação do Ceará SC viaja para testes na Alemanha neste fim de semana,O jovem meio-campista de apenas 18 anos despertou interesse de clubes da Bundesliga após excelente atuação na Copa São Paulo.,Vozão Diário,https://www.gazetaesportiva.com?id=curado-jogadores-2-2026-09-19,https://images.unsplash.com/photo-1508098682722-e99c43a406b2?q=80&w=600&auto=format&fit=crop
2026-09-20T00:14:00.988Z,2026-09-20T00:14:00.982Z,Everton Ribeiro completa 120 jogos pelo Bahia com golaço na Fonte Nova,"O veterano meia do Bahia comandou a vitória tricolor com passes decisivos e um belíssimo gol de fora da área, aplaudido de pé.",Bahia Esportes,https://www.gazetaesportiva.com?id=curado-jogadores-0-2026-09-20,https://images.unsplash.com/photo-1543351611-58f69d7c1781?q=80&w=600&auto=format&fit=crop
2026-09-20T00:14:00.988Z,2026-09-19T21:14:00.982Z,Renato Kayzer entra na mira de clubes europeus após grande fase no Castelão,Artilheiro do Fortaleza marcou 15 gols nos últimos 20 jogos. Agentes confirmam contatos de times da Itália e de Portugal.,Diário do Ceará,https://www.gazetaesportiva.com?id=curado-jogadores-1-2026-09-19,https://images.unsplash.com/photo-1518063319789-7217e6706b04?q=80&w=600&auto=format&fit=crop
2026-09-20T00:14:00.988Z,2026-09-19T18:14:00.982Z,Revelação do Ceará SC viaja para testes na Alemanha neste fim de semana,O jovem meio-campista de apenas 18 anos despertou interesse de clubes da Bundesliga após excelente atuação na Copa São Paulo.,Vozão Diário,https://www.gazetaesportiva.com?id=curado-jogadores-2-2026-09-19,https://images.unsplash.com/photo-1508098682722-e99c43a406b2?q=80&w=600&auto=format&fit=crop
2026-09-20T05:09:58.915Z,2026-09-20T05:09:58.907Z,Everton Ribeiro completa 120 jogos pelo Bahia com golaço na Fonte Nova,"O veterano meia do Bahia comandou a vitória tricolor com passes decisivos e um belíssimo gol de fora da área, aplaudido de pé.",Bahia Esportes,https://www.gazetaesportiva.com?id=curado-jogadores-0-2026-09-20,https://images.unsplash.com/photo-1543351611-58f69d7c1781?q=80&w=600&auto=format&fit=crop
2026-09-20T05:09:58.915Z,2026-09-20T02:09:58.907Z,Renato Kayzer entra na mira de clubes europeus após grande fase no Castelão,Artilheiro do Fortaleza marcou 15 gols nos últimos 20 jogos. Agentes confirmam contatos de times da Itália e de Portugal.,Diário do Ceará,https://www.gazetaesportiva.com?id=curado-jogadores-1-2026-09-20,https://images.unsplash.com/photo-1518063319789-7217e6706b04?q=80&w=600&auto=format&fit=crop
2026-09-20T05:09:58.915Z,2026-09-19T23:09:58.907Z,Revelação do Ceará SC viaja para testes na Alemanha neste fim de semana,O jovem meio-campista de apenas 18 anos despertou interesse de clubes da Bundesliga após excelente atuação na Copa São Paulo.,Vozão Diário,https://www.gazetaesportiva.com?id=curado-jogadores-2-2026-09-19,https://images.unsplash.com/photo-1508098682722-e99c43a406b2?q=80&w=600&auto=format&fit=crop
2026-09-20T09:56:43.306Z,2026-09-20T09:56:43.293Z,Everton Ribeiro completa 120 jogos pelo Bahia com golaço na Fonte Nova,"O veterano meia do Bahia comandou a vitória tricolor com passes decisivos e um belíssimo gol de fora da área, aplaudido de pé.",Bahia Esportes,https://www.gazetaesportiva.com?id=curado-jogadores-0-2026-09-20,https://images.unsplash.com/photo-1543351611-58f69d7c1781?q=80&w=600&auto=format&fit=crop
2026-09-20T09:56:43.306Z,2026-09-20T06:56:43.293Z,Renato Kayzer entra na mira de clubes europeus após grande fase no Castelão,Artilheiro do Fortaleza marcou 15 gols nos últimos 20 jogos. Agentes confirmam contatos de times da Itália e de Portugal.,Diário do Ceará,https://www.gazetaesportiva.com?id=curado-jogadores-1-2026-09-20,https://images.unsplash.com/photo-1518063319789-7217e6706b04?q=80&w=600&auto=format&fit=crop
2026-09-20T09:56:43.306Z,2026-09-20T03:56:43.294Z,Revelação do Ceará SC viaja para testes na Alemanha neste fim de semana,O jovem meio-campista de apenas 18 anos despertou interesse de clubes da Bundesliga após excelente atuação na Copa São Paulo.,Vozão Diário,https://www.gazetaesportiva.com?id=curado-jogadores-2-2026-09-20,https://images.unsplash.com/photo-1508098682722-e99c43a406b2?q=80&w=600&auto=format&fit=crop
2026-09-20T09:56:43.306Z,2026-09-20T01:29:04.000Z,"Reforços brilham, Vasco goleia Coritiba e empurra Grêmio para o Z4","Com show dos reforços, o Vasco goleou o Coritiba por 5 a 0 em São Januário, conquistou a segunda vitória seguida e deixou o Z4.
O post Reforços brilham, Vasco goleia Coritiba e emp...",Gazeta Esportiva,https://www.gazetaesportiva.com/times/vasco/vasco-x-coritiba-brasileirao-19-09-2026/,https://static.gazetaesportiva.com/uploads/2026/09/imagem_2026-09-19_221529908.webp
2026-09-20T13:58:49.504Z,2026-09-20T13:58:49.496Z,Everton Ribeiro completa 120 jogos pelo Bahia com golaço na Fonte Nova,"O veterano meia do Bahia comandou a vitória tricolor com passes decisivos e um belíssimo gol de fora da área, aplaudido de pé.",Bahia Esportes,https://www.gazetaesportiva.com?id=curado-jogadores-0-2026-09-20,https://images.unsplash.com/photo-1543351611-58f69d7c1781?q=80&w=600&auto=format&fit=crop
2026-09-20T13:58:49.504Z,2026-09-20T10:58:49.496Z,Renato Kayzer entra na mira de clubes europeus após grande fase no Castelão,Artilheiro do Fortaleza marcou 15 gols nos últimos 20 jogos. Agentes confirmam contatos de times da Itália e de Portugal.,Diário do Ceará,https://www.gazetaesportiva.com?id=curado-jogadores-1-2026-09-20,https://images.unsplash.com/photo-1518063319789-7217e6706b04?q=80&w=600&auto=format&fit=crop
2026-09-20T13:58:49.504Z,2026-09-20T07:58:49.496Z,Revelação do Ceará SC viaja para testes na Alemanha neste fim de semana,O jovem meio-campista de apenas 18 anos despertou interesse de clubes da Bundesliga após excelente atuação na Copa São Paulo.,Vozão Diário,https://www.gazetaesportiva.com?id=curado-jogadores-2-2026-09-20,https://images.unsplash.com/photo-1508098682722-e99c43a406b2?q=80&w=600&auto=format&fit=crop
2026-09-20T17:22:10.317Z,2026-09-20T17:22:10.308Z,Everton Ribeiro completa 120 jogos pelo Bahia com golaço na Fonte Nova,"O veterano meia do Bahia comandou a vitória tricolor com passes decisivos e um belíssimo gol de fora da área, aplaudido de pé.",Bahia Esportes,https://www.gazetaesportiva.com?id=curado-jogadores-0-2026-09-20,https://images.unsplash.com/photo-1543351611-58f69d7c1781?q=80&w=600&auto=format&fit=crop
2026-09-20T17:22:10.317Z,2026-09-20T16:53:19.000Z,Cuca vibra com ótima sequência no Brasileirão e valoriza jogadores: &#8220;Uma queda nos pênaltis não tira o cr,"Treinador celebrou a quinta vitória nos últimos seis jogos diante do Remo e exaltou mais uma ótima atuação da equipe paulista no Campeonato Brasileiro.
O post Cuca vibra com ótima ...",Gazeta Esportiva,https://www.gazetaesportiva.com/todas-as-noticias/cuca-vibra-com-otima-sequencia-no-brasileirao-e-valoriza-jogadores-uma-queda-nos-penaltis-nao-tira-o-cr/,https://static.gazetaesportiva.com/uploads/2026/09/2yqjy4s3-1920Cuca.webp
2026-09-20T17:22:10.317Z,2026-09-20T14:22:10.308Z,Renato Kayzer entra na mira de clubes europeus após grande fase no Castelão,Artilheiro do Fortaleza marcou 15 gols nos últimos 20 jogos. Agentes confirmam contatos de times da Itália e de Portugal.,Diário do Ceará,https://www.gazetaesportiva.com?id=curado-jogadores-1-2026-09-20,https://images.unsplash.com/photo-1518063319789-7217e6706b04?q=80&w=600&auto=format&fit=crop
2026-09-20T17:22:10.317Z,2026-09-20T11:00:39.000Z,Pedro Lima estreia pelo São Paulo e ganha elogios; veja números,"Novo reforço do São Paulo, Pedro Lima fez sua estreia com a camisa do clube no último sábado, na vitória por 1 a 0 sobre o Internacional, pela 28ª rodada do Campeonato Brasileiro. ...",Gazeta Esportiva,https://www.gazetaesportiva.com/times/sao-paulo/pedro-lima-estreia-pelo-sao-paulo-e-ganha-elogios-veja-numeros/,https://static.gazetaesportiva.com/uploads/2026/09/55538941325_6b658172d1_o.webp
2026-09-20T19:37:24.128Z,2026-09-20T19:37:24.123Z,Everton Ribeiro completa 120 jogos pelo Bahia com golaço na Fonte Nova,"O veterano meia do Bahia comandou a vitória tricolor com passes decisivos e um belíssimo gol de fora da área, aplaudido de pé.",Bahia Esportes,https://www.gazetaesportiva.com?id=curado-jogadores-0-2026-09-20,https://images.unsplash.com/photo-1543351611-58f69d7c1781?q=80&w=600&auto=format&fit=crop
2026-09-20T19:37:24.128Z,2026-09-20T16:37:24.123Z,Renato Kayzer entra na mira de clubes europeus após grande fase no Castelão,Artilheiro do Fortaleza marcou 15 gols nos últimos 20 jogos. Agentes confirmam contatos de times da Itália e de Portugal.,Diário do Ceará,https://www.gazetaesportiva.com?id=curado-jogadores-1-2026-09-20,https://images.unsplash.com/photo-1518063319789-7217e6706b04?q=80&w=600&auto=format&fit=crop
2026-09-20T19:37:24.128Z,2026-09-20T13:37:24.123Z,Revelação do Ceará SC viaja para testes na Alemanha neste fim de semana,O jovem meio-campista de apenas 18 anos despertou interesse de clubes da Bundesliga após excelente atuação na Copa São Paulo.,Vozão Diário,https://www.gazetaesportiva.com?id=curado-jogadores-2-2026-09-20,https://images.unsplash.com/photo-1508098682722-e99c43a406b2?q=80&w=600&auto=format&fit=crop
2026-09-20T22:09:47.602Z,2026-09-20T22:09:47.595Z,Everton Ribeiro completa 120 jogos pelo Bahia com golaço na Fonte Nova,"O veterano meia do Bahia comandou a vitória tricolor com passes decisivos e um belíssimo gol de fora da área, aplaudido de pé.",Bahia Esportes,https://www.gazetaesportiva.com?id=curado-jogadores-0-2026-09-20,https://images.unsplash.com/photo-1543351611-58f69d7c1781?q=80&w=600&auto=format&fit=crop
2026-09-20T22:09:47.602Z,2026-09-20T21:25:13.000Z,Matheus Pereira exalta virada do Cruzeiro e mira vaga na Libertadores: “Nosso objetivo”,"Matheus Pereira valorizou a reação do Cruzeiro na vitória por 3 a 1 sobre o Vitória e reforçou a confiança da equipe na busca por uma vaga na Libertadores.
O post Matheus Pereira e...",Gazeta Esportiva,https://www.gazetaesportiva.com/times/cruzeiro/matheus-pereira-cruzeiro-vitoria-libertadores/,https://static.gazetaesportiva.com/uploads/2026/09/55540683150_afe4b6bf26_o.webp
2026-09-20T22:09:47.602Z,2026-09-20T21:18:36.000Z,"Hulk exalta vitória do Fluminense, cita mal-estar e projeta conquistar &#8220;coisas importantes&#8221;","Autor de dois gols na vitória do Fluminense sobre o Corinthians, Hulk exaltou o elenco e Marcão, revelou que sofreu com mal-estar durante a partida e projetou conquistas importante...",Gazeta Esportiva,https://www.gazetaesportiva.com/times/fluminense/hulk-fluminense-vitoria-corinthians-mal-estar-brasileirao/,https://static.gazetaesportiva.com/uploads/2026/09/55540407693_1db9f5ce45_3k.webp
2026-09-20T22:09:47.602Z,2026-09-20T16:53:19.000Z,Cuca vibra com ótima sequência no Brasileirão e valoriza jogadores,"Treinador celebrou a quinta vitória nos últimos seis jogos diante do Remo e exaltou mais uma ótima atuação da equipe paulista no Campeonato Brasileiro.
O post Cuca vibra com ótima ...",Gazeta Esportiva,https://www.gazetaesportiva.com/todas-as-noticias/cuca-vibra-com-otima-sequencia-no-brasileirao-e-valoriza-jogadores-uma-queda-nos-penaltis-nao-tira-o-cr/,https://static.gazetaesportiva.com/uploads/2026/09/2yqjy4s3-1920Cuca.webp
2026-09-21T00:23:36.418Z,2026-09-21T00:23:36.408Z,Everton Ribeiro completa 120 jogos pelo Bahia com golaço na Fonte Nova,"O veterano meia do Bahia comandou a vitória tricolor com passes decisivos e um belíssimo gol de fora da área, aplaudido de pé.",Bahia Esportes,https://www.gazetaesportiva.com?id=curado-jogadores-0-2026-09-21,https://images.unsplash.com/photo-1543351611-58f69d7c1781?q=80&w=600&auto=format&fit=crop
2026-09-21T00:23:36.418Z,2026-09-20T21:25:13.000Z,Matheus Pereira exalta virada do Cruzeiro e mira vaga na Libertadores: “Nosso objetivo”,"Matheus Pereira valorizou a reação do Cruzeiro na vitória por 3 a 1 sobre o Vitória e reforçou a confiança da equipe na busca por uma vaga na Libertadores.
O post Matheus Pereira e...",Gazeta Esportiva,https://www.gazetaesportiva.com/times/cruzeiro/matheus-pereira-cruzeiro-vitoria-libertadores/,https://static.gazetaesportiva.com/uploads/2026/09/55540683150_afe4b6bf26_o.webp
2026-09-21T00:23:36.418Z,2026-09-20T21:18:36.000Z,"Hulk exalta vitória do Fluminense, cita mal-estar e projeta conquistar &#8220;coisas importantes&#8221;","Autor de dois gols na vitória do Fluminense sobre o Corinthians, Hulk exaltou o elenco e Marcão, revelou que sofreu com mal-estar durante a partida e projetou conquistas importante...",Gazeta Esportiva,https://www.gazetaesportiva.com/times/fluminense/hulk-fluminense-vitoria-corinthians-mal-estar-brasileirao/,https://static.gazetaesportiva.com/uploads/2026/09/55540407693_1db9f5ce45_3k.webp
2026-09-21T00:23:36.418Z,2026-09-20T16:53:19.000Z,Cuca vibra com ótima sequência no Brasileirão e valoriza jogadores,"Treinador celebrou a quinta vitória nos últimos seis jogos diante do Remo e exaltou mais uma ótima atuação da equipe paulista no Campeonato Brasileiro.
O post Cuca vibra com ótima ...",Gazeta Esportiva,https://www.gazetaesportiva.com/todas-as-noticias/cuca-vibra-com-otima-sequencia-no-brasileirao-e-valoriza-jogadores-uma-queda-nos-penaltis-nao-tira-o-cr/,https://static.gazetaesportiva.com/uploads/2026/09/2yqjy4s3-1920Cuca.webp
2026-09-21T05:15:01.553Z,2026-09-21T05:15:01.540Z,Everton Ribeiro completa 120 jogos pelo Bahia com golaço na Fonte Nova,"O veterano meia do Bahia comandou a vitória tricolor com passes decisivos e um belíssimo gol de fora da área, aplaudido de pé.",Bahia Esportes,https://www.gazetaesportiva.com?id=curado-jogadores-0-2026-09-21,https://images.unsplash.com/photo-1543351611-58f69d7c1781?q=80&w=600&auto=format&fit=crop
2026-09-21T05:15:01.553Z,2026-09-21T02:56:54.000Z,Gabigol tira onda após completar 20ª vítima na Série A: “Procure seu time”,"Decisivo para a vitória do Santos sobre o Remo no último sábado, o atacante Gabriel Barbosa balançou as redes contra o 20º clube diferente no Campeonato Brasileiro. Com o feito, o ...",Gazeta Esportiva,https://www.gazetaesportiva.com/times/santos/gabigol-tira-onda-apos-completar-20a-vitima-na-serie-a-procure-seu-time/,https://static.gazetaesportiva.com/uploads/2026/09/55539451940_ece8ef68a3_o.webp
2026-09-21T05:15:01.553Z,2026-09-20T21:25:13.000Z,Matheus Pereira exalta virada do Cruzeiro e mira vaga na Libertadores: “Nosso objetivo”,"Matheus Pereira valorizou a reação do Cruzeiro na vitória por 3 a 1 sobre o Vitória e reforçou a confiança da equipe na busca por uma vaga na Libertadores.
O post Matheus Pereira e...",Gazeta Esportiva,https://www.gazetaesportiva.com/times/cruzeiro/matheus-pereira-cruzeiro-vitoria-libertadores/,https://static.gazetaesportiva.com/uploads/2026/09/55540683150_afe4b6bf26_o.webp
2026-09-21T05:15:01.553Z,2026-09-20T21:18:36.000Z,"Hulk exalta vitória do Fluminense, cita mal-estar e projeta conquistar &#8220;coisas importantes&#8221;","Autor de dois gols na vitória do Fluminense sobre o Corinthians, Hulk exaltou o elenco e Marcão, revelou que sofreu com mal-estar durante a partida e projetou conquistas importante...",Gazeta Esportiva,https://www.gazetaesportiva.com/times/fluminense/hulk-fluminense-vitoria-corinthians-mal-estar-brasileirao/,https://static.gazetaesportiva.com/uploads/2026/09/55540407693_1db9f5ce45_3k.webp
2026-09-21T10:56:48.275Z,2026-09-21T10:56:48.263Z,Everton Ribeiro completa 120 jogos pelo Bahia com golaço na Fonte Nova,"O veterano meia do Bahia comandou a vitória tricolor com passes decisivos e um belíssimo gol de fora da área, aplaudido de pé.",Bahia Esportes,https://www.gazetaesportiva.com?id=curado-jogadores-0-2026-09-21,https://images.unsplash.com/photo-1543351611-58f69d7c1781?q=80&w=600&auto=format&fit=crop
2026-09-21T10:56:48.275Z,2026-09-21T07:56:48.263Z,Renato Kayzer entra na mira de clubes europeus após grande fase no Castelão,Artilheiro do Fortaleza marcou 15 gols nos últimos 20 jogos. Agentes confirmam contatos de times da Itália e de Portugal.,Diário do Ceará,https://www.gazetaesportiva.com?id=curado-jogadores-1-2026-09-21,https://images.unsplash.com/photo-1518063319789-7217e6706b04?q=80&w=600&auto=format&fit=crop
2026-09-21T10:56:48.275Z,2026-09-21T04:56:48.263Z,Revelação do Ceará SC viaja para testes na Alemanha neste fim de semana,O jovem meio-campista de apenas 18 anos despertou interesse de clubes da Bundesliga após excelente atuação na Copa São Paulo.,Vozão Diário,https://www.gazetaesportiva.com?id=curado-jogadores-2-2026-09-21,https://images.unsplash.com/photo-1508098682722-e99c43a406b2?q=80&w=600&auto=format&fit=crop
2026-09-21T16:49:04.673Z,2026-09-21T16:49:04.661Z,Everton Ribeiro completa 120 jogos pelo Bahia com golaço na Fonte Nova,"O veterano meia do Bahia comandou a vitória tricolor com passes decisivos e um belíssimo gol de fora da área, aplaudido de pé.",Bahia Esportes,https://www.gazetaesportiva.com?id=curado-jogadores-0-2026-09-21,https://images.unsplash.com/photo-1543351611-58f69d7c1781?q=80&w=600&auto=format&fit=crop
2026-09-21T16:49:04.673Z,2026-09-21T13:49:04.661Z,Renato Kayzer entra na mira de clubes europeus após grande fase no Castelão,Artilheiro do Fortaleza marcou 15 gols nos últimos 20 jogos. Agentes confirmam contatos de times da Itália e de Portugal.,Diário do Ceará,https://www.gazetaesportiva.com?id=curado-jogadores-1-2026-09-21,https://images.unsplash.com/photo-1518063319789-7217e6706b04?q=80&w=600&auto=format&fit=crop
2026-09-21T16:49:04.673Z,2026-09-21T10:49:04.661Z,Revelação do Ceará SC viaja para testes na Alemanha neste fim de semana,O jovem meio-campista de apenas 18 anos despertou interesse de clubes da Bundesliga após excelente atuação na Copa São Paulo.,Vozão Diário,https://www.gazetaesportiva.com?id=curado-jogadores-2-2026-09-21,https://images.unsplash.com/photo-1508098682722-e99c43a406b2?q=80&w=600&auto=format&fit=crop
2026-09-21T20:45:38.724Z,2026-09-21T20:45:38.712Z,Everton Ribeiro completa 120 jogos pelo Bahia com golaço na Fonte Nova,"O veterano meia do Bahia comandou a vitória tricolor com passes decisivos e um belíssimo gol de fora da área, aplaudido de pé.",Bahia Esportes,https://www.gazetaesportiva.com?id=curado-jogadores-0-2026-09-21,https://images.unsplash.com/photo-1543351611-58f69d7c1781?q=80&w=600&auto=format&fit=crop
2026-09-21T20:45:38.724Z,2026-09-21T18:24:14.000Z,Elenco do Santos ganha folga e se reapresenta apenas na quinta-feira,"Embalado por quatro vitórias seguidas no Brasileirão, o Santos se reapresenta apenas na quinta-feira. Cuca aproveitará a data Fifa para trabalhar o elenco e adaptar reforços como P...",Gazeta Esportiva,https://www.gazetaesportiva.com/times/santos/santos-folga-data-fifa-reapresentacao-quinta-feira/,https://static.gazetaesportiva.com/uploads/2026/09/55536481811_fd9abb3f51_4k-1.webp
2026-09-21T20:45:38.724Z,2026-09-21T17:45:38.712Z,Renato Kayzer entra na mira de clubes europeus após grande fase no Castelão,Artilheiro do Fortaleza marcou 15 gols nos últimos 20 jogos. Agentes confirmam contatos de times da Itália e de Portugal.,Diário do Ceará,https://www.gazetaesportiva.com?id=curado-jogadores-1-2026-09-21,https://images.unsplash.com/photo-1518063319789-7217e6706b04?q=80&w=600&auto=format&fit=crop
2026-09-21T20:45:38.724Z,2026-09-21T11:37:54.000Z,Hulk se destaca contra o Corinthians e lidera números do Fluminense desde estreia,"Hulk marcou dois gols na vitória do Fluminense por 3 a 1 sobre o Corinthians e confirmou a grande fase no clube. Desde sua estreia, o atacante lidera o elenco tricolor em diversas ...",Gazeta Esportiva,https://www.gazetaesportiva.com/times/fluminense/hulk-se-destaca-contra-o-corinthians-e-lidera-numeros-do-fluminense-desde-estreia/,https://static.gazetaesportiva.com/uploads/2026/09/hulk-fluminense-210926.webp
2026-09-21T23:48:02.579Z,2026-09-21T23:48:02.568Z,Everton Ribeiro completa 120 jogos pelo Bahia com golaço na Fonte Nova,"O veterano meia do Bahia comandou a vitória tricolor com passes decisivos e um belíssimo gol de fora da área, aplaudido de pé.",Bahia Esportes,https://www.gazetaesportiva.com?id=curado-jogadores-0-2026-09-21,https://images.unsplash.com/photo-1543351611-58f69d7c1781?q=80&w=600&auto=format&fit=crop
2026-09-21T23:48:02.579Z,2026-09-21T20:48:02.568Z,Renato Kayzer entra na mira de clubes europeus após grande fase no Castelão,Artilheiro do Fortaleza marcou 15 gols nos últimos 20 jogos. Agentes confirmam contatos de times da Itália e de Portugal.,Diário do Ceará,https://www.gazetaesportiva.com?id=curado-jogadores-1-2026-09-21,https://images.unsplash.com/photo-1518063319789-7217e6706b04?q=80&w=600&auto=format&fit=crop
2026-09-21T23:48:02.579Z,2026-09-21T17:48:02.568Z,Revelação do Ceará SC viaja para testes na Alemanha neste fim de semana,O jovem meio-campista de apenas 18 anos despertou interesse de clubes da Bundesliga após excelente atuação na Copa São Paulo.,Vozão Diário,https://www.gazetaesportiva.com?id=curado-jogadores-2-2026-09-21,https://images.unsplash.com/photo-1508098682722-e99c43a406b2?q=80&w=600&auto=format&fit=crop
2026-09-22T03:11:05.329Z,2026-09-22T03:11:05.318Z,Everton Ribeiro completa 120 jogos pelo Bahia com golaço na Fonte Nova,"O veterano meia do Bahia comandou a vitória tricolor com passes decisivos e um belíssimo gol de fora da área, aplaudido de pé.",Bahia Esportes,https://www.gazetaesportiva.com?id=curado-jogadores-0-2026-09-22,https://images.unsplash.com/photo-1543351611-58f69d7c1781?q=80&w=600&auto=format&fit=crop
2026-09-22T03:11:05.329Z,2026-09-22T00:11:05.318Z,Renato Kayzer entra na mira de clubes europeus após grande fase no Castelão,Artilheiro do Fortaleza marcou 15 gols nos últimos 20 jogos. Agentes confirmam contatos de times da Itália e de Portugal.,Diário do Ceará,https://www.gazetaesportiva.com?id=curado-jogadores-1-2026-09-22,https://images.unsplash.com/photo-1518063319789-7217e6706b04?q=80&w=600&auto=format&fit=crop
2026-09-22T03:11:05.329Z,2026-09-21T21:11:05.318Z,Revelação do Ceará SC viaja para testes na Alemanha neste fim de semana,O jovem meio-campista de apenas 18 anos despertou interesse de clubes da Bundesliga após excelente atuação na Copa São Paulo.,Vozão Diário,https://www.gazetaesportiva.com?id=curado-jogadores-2-2026-09-21,https://images.unsplash.com/photo-1508098682722-e99c43a406b2?q=80&w=600&auto=format&fit=crop
2026-09-22T08:43:08.883Z,2026-09-22T08:43:08.873Z,Everton Ribeiro completa 120 jogos pelo Bahia com golaço na Fonte Nova,"O veterano meia do Bahia comandou a vitória tricolor com passes decisivos e um belíssimo gol de fora da área, aplaudido de pé.",Bahia Esportes,https://www.gazetaesportiva.com?id=curado-jogadores-0-2026-09-22,https://images.unsplash.com/photo-1543351611-58f69d7c1781?q=80&w=600&auto=format&fit=crop
2026-09-22T08:43:08.883Z,2026-09-22T05:43:08.873Z,Renato Kayzer entra na mira de clubes europeus após grande fase no Castelão,Artilheiro do Fortaleza marcou 15 gols nos últimos 20 jogos. Agentes confirmam contatos de times da Itália e de Portugal.,Diário do Ceará,https://www.gazetaesportiva.com?id=curado-jogadores-1-2026-09-22,https://images.unsplash.com/photo-1518063319789-7217e6706b04?q=80&w=600&auto=format&fit=crop
2026-09-22T08:43:08.883Z,2026-09-22T02:43:08.873Z,Revelação do Ceará SC viaja para testes na Alemanha neste fim de semana,O jovem meio-campista de apenas 18 anos despertou interesse de clubes da Bundesliga após excelente atuação na Copa São Paulo.,Vozão Diário,https://www.gazetaesportiva.com?id=curado-jogadores-2-2026-09-22,https://images.unsplash.com/photo-1508098682722-e99c43a406b2?q=80&w=600&auto=format&fit=crop
2026-09-22T08:43:08.883Z,2026-09-21T18:24:14.000Z,Elenco do Santos ganha folga e se reapresenta apenas na quinta-feira,"Embalado por quatro vitórias seguidas no Brasileirão, o Santos se reapresenta apenas na quinta-feira. Cuca aproveitará a data Fifa para trabalhar o elenco e adaptar reforços como P...",Gazeta Esportiva,https://www.gazetaesportiva.com/times/santos/santos-folga-data-fifa-reapresentacao-quinta-feira/,https://static.gazetaesportiva.com/uploads/2026/09/55536481811_fd9abb3f51_4k-1.webp
2026-09-22T13:52:26.091Z,2026-09-22T13:52:26.079Z,Everton Ribeiro completa 120 jogos pelo Bahia com golaço na Fonte Nova,"O veterano meia do Bahia comandou a vitória tricolor com passes decisivos e um belíssimo gol de fora da área, aplaudido de pé.",Bahia Esportes,https://www.gazetaesportiva.com?id=curado-jogadores-0-2026-09-22,https://images.unsplash.com/photo-1543351611-58f69d7c1781?q=80&w=600&auto=format&fit=crop
2026-09-22T13:52:26.091Z,2026-09-22T10:52:26.079Z,Renato Kayzer entra na mira de clubes europeus após grande fase no Castelão,Artilheiro do Fortaleza marcou 15 gols nos últimos 20 jogos. Agentes confirmam contatos de times da Itália e de Portugal.,Diário do Ceará,https://www.gazetaesportiva.com?id=curado-jogadores-1-2026-09-22,https://images.unsplash.com/photo-1518063319789-7217e6706b04?q=80&w=600&auto=format&fit=crop
2026-09-22T13:52:26.091Z,2026-09-22T07:52:26.079Z,Revelação do Ceará SC viaja para testes na Alemanha neste fim de semana,O jovem meio-campista de apenas 18 anos despertou interesse de clubes da Bundesliga após excelente atuação na Copa São Paulo.,Vozão Diário,https://www.gazetaesportiva.com?id=curado-jogadores-2-2026-09-22,https://images.unsplash.com/photo-1508098682722-e99c43a406b2?q=80&w=600&auto=format&fit=crop
2026-09-22T17:54:51.837Z,2026-09-22T17:54:51.828Z,Everton Ribeiro completa 120 jogos pelo Bahia com golaço na Fonte Nova,"O veterano meia do Bahia comandou a vitória tricolor com passes decisivos e um belíssimo gol de fora da área, aplaudido de pé.",Bahia Esportes,https://www.gazetaesportiva.com?id=curado-jogadores-0-2026-09-22,https://images.unsplash.com/photo-1543351611-58f69d7c1781?q=80&w=600&auto=format&fit=crop
2026-09-22T17:54:51.837Z,2026-09-22T14:54:51.828Z,Renato Kayzer entra na mira de clubes europeus após grande fase no Castelão,Artilheiro do Fortaleza marcou 15 gols nos últimos 20 jogos. Agentes confirmam contatos de times da Itália e de Portugal.,Diário do Ceará,https://www.gazetaesportiva.com?id=curado-jogadores-1-2026-09-22,https://images.unsplash.com/photo-1518063319789-7217e6706b04?q=80&w=600&auto=format&fit=crop
2026-09-22T17:54:51.837Z,2026-09-22T11:54:51.828Z,Revelação do Ceará SC viaja para testes na Alemanha neste fim de semana,O jovem meio-campista de apenas 18 anos despertou interesse de clubes da Bundesliga após excelente atuação na Copa São Paulo.,Vozão Diário,https://www.gazetaesportiva.com?id=curado-jogadores-2-2026-09-22,https://images.unsplash.com/photo-1508098682722-e99c43a406b2?q=80&w=600&auto=format&fit=crop
2026-09-22T20:51:01.013Z,2026-09-22T20:51:01.004Z,Everton Ribeiro completa 120 jogos pelo Bahia com golaço na Fonte Nova,"O veterano meia do Bahia comandou a vitória tricolor com passes decisivos e um belíssimo gol de fora da área, aplaudido de pé.",Bahia Esportes,https://www.gazetaesportiva.com?id=curado-jogadores-0-2026-09-22,https://images.unsplash.com/photo-1543351611-58f69d7c1781?q=80&w=600&auto=format&fit=crop
2026-09-22T20:51:01.013Z,2026-09-22T17:51:01.004Z,Renato Kayzer entra na mira de clubes europeus após grande fase no Castelão,Artilheiro do Fortaleza marcou 15 gols nos últimos 20 jogos. Agentes confirmam contatos de times da Itália e de Portugal.,Diário do Ceará,https://www.gazetaesportiva.com?id=curado-jogadores-1-2026-09-22,https://images.unsplash.com/photo-1518063319789-7217e6706b04?q=80&w=600&auto=format&fit=crop
2026-09-22T20:51:01.013Z,2026-09-22T16:51:48.000Z,São Paulo é condenado a pagar mais de R$ 2 milhões por ex-meia; veja detalhes,"O São Paulo foi condenado pela Justiça de São Paulo a pagar mais de R$ 2 milhões à empresa Datasoccer Sports Administração de Bens Próprios, Marketing, Assessoria e Serviços Esport...",Gazeta Esportiva,https://www.gazetaesportiva.com/times/sao-paulo/sao-paulo-condenado-a-pagar-ex-meia/,https://static.gazetaesportiva.com/uploads/2026/09/52059170192_13642f5abd_k.webp
2026-09-22T20:51:01.013Z,2026-09-22T14:51:01.004Z,Revelação do Ceará SC viaja para testes na Alemanha neste fim de semana,O jovem meio-campista de apenas 18 anos despertou interesse de clubes da Bundesliga após excelente atuação na Copa São Paulo.,Vozão Diário,https://www.gazetaesportiva.com?id=curado-jogadores-2-2026-09-22,https://images.unsplash.com/photo-1508098682722-e99c43a406b2?q=80&w=600&auto=format&fit=crop
2026-09-22T23:27:44.890Z,2026-09-22T23:27:44.881Z,Everton Ribeiro completa 120 jogos pelo Bahia com golaço na Fonte Nova,"O veterano meia do Bahia comandou a vitória tricolor com passes decisivos e um belíssimo gol de fora da área, aplaudido de pé.",Bahia Esportes,https://www.gazetaesportiva.com?id=curado-jogadores-0-2026-09-22,https://images.unsplash.com/photo-1543351611-58f69d7c1781?q=80&w=600&auto=format&fit=crop
2026-09-22T23:27:44.890Z,2026-09-22T20:27:44.881Z,Renato Kayzer entra na mira de clubes europeus após grande fase no Castelão,Artilheiro do Fortaleza marcou 15 gols nos últimos 20 jogos. Agentes confirmam contatos de times da Itália e de Portugal.,Diário do Ceará,https://www.gazetaesportiva.com?id=curado-jogadores-1-2026-09-22,https://images.unsplash.com/photo-1518063319789-7217e6706b04?q=80&w=600&auto=format&fit=crop
2026-09-22T23:27:44.890Z,2026-09-22T17:27:44.881Z,Revelação do Ceará SC viaja para testes na Alemanha neste fim de semana,O jovem meio-campista de apenas 18 anos despertou interesse de clubes da Bundesliga após excelente atuação na Copa São Paulo.,Vozão Diário,https://www.gazetaesportiva.com?id=curado-jogadores-2-2026-09-22,https://images.unsplash.com/photo-1508098682722-e99c43a406b2?q=80&w=600&auto=format&fit=crop
2026-09-23T01:41:39.617Z,2026-09-23T01:41:39.609Z,Everton Ribeiro completa 120 jogos pelo Bahia com golaço na Fonte Nova,"O veterano meia do Bahia comandou a vitória tricolor com passes decisivos e um belíssimo gol de fora da área, aplaudido de pé.",Bahia Esportes,https://www.gazetaesportiva.com?id=curado-jogadores-0-2026-09-23,https://images.unsplash.com/photo-1543351611-58f69d7c1781?q=80&w=600&auto=format&fit=crop
2026-09-23T01:41:39.617Z,2026-09-22T22:41:39.609Z,Renato Kayzer entra na mira de clubes europeus após grande fase no Castelão,Artilheiro do Fortaleza marcou 15 gols nos últimos 20 jogos. Agentes confirmam contatos de times da Itália e de Portugal.,Diário do Ceará,https://www.gazetaesportiva.com?id=curado-jogadores-1-2026-09-22,https://images.unsplash.com/photo-1518063319789-7217e6706b04?q=80&w=600&auto=format&fit=crop
2026-09-23T01:41:39.617Z,2026-09-22T19:41:39.609Z,Revelação do Ceará SC viaja para testes na Alemanha neste fim de semana,O jovem meio-campista de apenas 18 anos despertou interesse de clubes da Bundesliga após excelente atuação na Copa São Paulo.,Vozão Diário,https://www.gazetaesportiva.com?id=curado-jogadores-2-2026-09-22,https://images.unsplash.com/photo-1508098682722-e99c43a406b2?q=80&w=600&auto=format&fit=crop
2026-09-23T01:41:39.617Z,2026-09-22T16:51:48.000Z,São Paulo é condenado a pagar mais de R$ 2 milhões por ex-meia; veja detalhes,"O São Paulo foi condenado pela Justiça de São Paulo a pagar mais de R$ 2 milhões à empresa Datasoccer Sports Administração de Bens Próprios, Marketing, Assessoria e Serviços Esport...",Gazeta Esportiva,https://www.gazetaesportiva.com/times/sao-paulo/sao-paulo-condenado-a-pagar-ex-meia/,https://static.gazetaesportiva.com/uploads/2026/09/52059170192_13642f5abd_k.webp
2026-09-23T07:17:59.387Z,2026-09-23T07:17:59.378Z,Everton Ribeiro completa 120 jogos pelo Bahia com golaço na Fonte Nova,"O veterano meia do Bahia comandou a vitória tricolor com passes decisivos e um belíssimo gol de fora da área, aplaudido de pé.",Bahia Esportes,https://www.gazetaesportiva.com?id=curado-jogadores-0-2026-09-23,https://images.unsplash.com/photo-1543351611-58f69d7c1781?q=80&w=600&auto=format&fit=crop
2026-09-23T07:17:59.387Z,2026-09-23T04:17:59.378Z,Renato Kayzer entra na mira de clubes europeus após grande fase no Castelão,Artilheiro do Fortaleza marcou 15 gols nos últimos 20 jogos. Agentes confirmam contatos de times da Itália e de Portugal.,Diário do Ceará,https://www.gazetaesportiva.com?id=curado-jogadores-1-2026-09-23,https://images.unsplash.com/photo-1518063319789-7217e6706b04?q=80&w=600&auto=format&fit=crop
2026-09-23T07:17:59.387Z,2026-09-23T01:17:59.378Z,Revelação do Ceará SC viaja para testes na Alemanha neste fim de semana,O jovem meio-campista de apenas 18 anos despertou interesse de clubes da Bundesliga após excelente atuação na Copa São Paulo.,Vozão Diário,https://www.gazetaesportiva.com?id=curado-jogadores-2-2026-09-23,https://images.unsplash.com/photo-1508098682722-e99c43a406b2?q=80&w=600&auto=format&fit=crop
2026-09-23T12:52:57.995Z,2026-09-23T12:52:57.986Z,Everton Ribeiro completa 120 jogos pelo Bahia com golaço na Fonte Nova,"O veterano meia do Bahia comandou a vitória tricolor com passes decisivos e um belíssimo gol de fora da área, aplaudido de pé.",Bahia Esportes,https://www.gazetaesportiva.com?id=curado-jogadores-0-2026-09-23,https://images.unsplash.com/photo-1543351611-58f69d7c1781?q=80&w=600&auto=format&fit=crop
2026-09-23T12:52:57.995Z,2026-09-23T11:32:24.000Z,Calleri completa 33 anos: veja fotos do atacante do São Paulo,"Calleri completa 33 anos: veja fotos do atacante do São Paulo
O post Calleri completa 33 anos: veja fotos do atacante do São Paulo apareceu primeiro em Gazeta Esportiva.",Gazeta Esportiva,https://www.gazetaesportiva.com/fotos/calleri-completa-33-anos-veja-fotos-do-atacante-do-sao-paulo/,https://static.gazetaesportiva.com/uploads/imagem/2016/12/15/00841272.jpg
2026-09-23T12:52:57.995Z,2026-09-23T09:52:57.986Z,Renato Kayzer entra na mira de clubes europeus após grande fase no Castelão,Artilheiro do Fortaleza marcou 15 gols nos últimos 20 jogos. Agentes confirmam contatos de times da Itália e de Portugal.,Diário do Ceará,https://www.gazetaesportiva.com?id=curado-jogadores-1-2026-09-23,https://images.unsplash.com/photo-1518063319789-7217e6706b04?q=80&w=600&auto=format&fit=crop
2026-09-23T12:52:57.995Z,2026-09-22T16:51:48.000Z,São Paulo é condenado a pagar mais de R$ 2 milhões por ex-meia; veja detalhes,"O São Paulo foi condenado pela Justiça de São Paulo a pagar mais de R$ 2 milhões à empresa Datasoccer Sports Administração de Bens Próprios, Marketing, Assessoria e Serviços Esport...",Gazeta Esportiva,https://www.gazetaesportiva.com/times/sao-paulo/sao-paulo-condenado-a-pagar-ex-meia/,https://static.gazetaesportiva.com/uploads/2026/09/52059170192_13642f5abd_k.webp
2026-09-23T17:41:00.476Z,2026-09-23T17:41:00.463Z,Everton Ribeiro completa 120 jogos pelo Bahia com golaço na Fonte Nova,"O veterano meia do Bahia comandou a vitória tricolor com passes decisivos e um belíssimo gol de fora da área, aplaudido de pé.",Bahia Esportes,https://www.gazetaesportiva.com?id=curado-jogadores-0-2026-09-23,https://images.unsplash.com/photo-1543351611-58f69d7c1781?q=80&w=600&auto=format&fit=crop
2026-09-23T17:41:00.476Z,2026-09-23T14:41:00.463Z,Renato Kayzer entra na mira de clubes europeus após grande fase no Castelão,Artilheiro do Fortaleza marcou 15 gols nos últimos 20 jogos. Agentes confirmam contatos de times da Itália e de Portugal.,Diário do Ceará,https://www.gazetaesportiva.com?id=curado-jogadores-1-2026-09-23,https://images.unsplash.com/photo-1518063319789-7217e6706b04?q=80&w=600&auto=format&fit=crop
2026-09-23T17:41:00.476Z,2026-09-23T13:57:57.000Z,Vitão destaca atitudes de Barba que conquistaram o elenco do Galo,"Vitão destaca atitudes de Barba que conquistaram o elenco do Galo
O post Vitão destaca atitudes de Barba que conquistaram o elenco do Galo apareceu primeiro em Gazeta Esportiva.",Gazeta Esportiva,https://www.gazetaesportiva.com/times/atletico-mg/vitao-destaca-atitudes-de-barba-que-conquistaram-o-elenco-do-galo/,https://static.gazetaesportiva.com/uploads/2026/09/Vita.webp
2026-09-23T17:41:00.476Z,2026-09-23T11:32:24.000Z,Calleri completa 33 anos: veja fotos do atacante do São Paulo,"Calleri completa 33 anos: veja fotos do atacante do São Paulo
O post Calleri completa 33 anos: veja fotos do atacante do São Paulo apareceu primeiro em Gazeta Esportiva.",Gazeta Esportiva,https://www.gazetaesportiva.com/fotos/calleri-completa-33-anos-veja-fotos-do-atacante-do-sao-paulo/,https://static.gazetaesportiva.com/uploads/imagem/2016/12/15/00841272.jpg
2026-09-23T21:02:23.018Z,2026-09-23T21:02:23.009Z,Everton Ribeiro completa 120 jogos pelo Bahia com golaço na Fonte Nova,"O veterano meia do Bahia comandou a vitória tricolor com passes decisivos e um belíssimo gol de fora da área, aplaudido de pé.",Bahia Esportes,https://www.gazetaesportiva.com?id=curado-jogadores-0-2026-09-23,https://images.unsplash.com/photo-1543351611-58f69d7c1781?q=80&w=600&auto=format&fit=crop
2026-09-23T21:02:23.018Z,2026-09-23T18:02:23.009Z,Renato Kayzer entra na mira de clubes europeus após grande fase no Castelão,Artilheiro do Fortaleza marcou 15 gols nos últimos 20 jogos. Agentes confirmam contatos de times da Itália e de Portugal.,Diário do Ceará,https://www.gazetaesportiva.com?id=curado-jogadores-1-2026-09-23,https://images.unsplash.com/photo-1518063319789-7217e6706b04?q=80&w=600&auto=format&fit=crop
2026-09-23T21:02:23.018Z,2026-09-23T13:57:57.000Z,Vitão destaca atitudes de Barba que conquistaram o elenco do Galo,"Vitão destaca atitudes de Barba que conquistaram o elenco do Galo
O post Vitão destaca atitudes de Barba que conquistaram o elenco do Galo apareceu primeiro em Gazeta Esportiva.",Gazeta Esportiva,https://www.gazetaesportiva.com/times/atletico-mg/vitao-destaca-atitudes-de-barba-que-conquistaram-o-elenco-do-galo/,https://static.gazetaesportiva.com/uploads/2026/09/Vita.webp
2026-09-23T21:02:23.018Z,2026-09-23T11:32:24.000Z,Calleri completa 33 anos: veja fotos do atacante do São Paulo,"Calleri completa 33 anos: veja fotos do atacante do São Paulo
O post Calleri completa 33 anos: veja fotos do atacante do São Paulo apareceu primeiro em Gazeta Esportiva.",Gazeta Esportiva,https://www.gazetaesportiva.com/fotos/calleri-completa-33-anos-veja-fotos-do-atacante-do-sao-paulo/,https://static.gazetaesportiva.com/uploads/imagem/2016/12/15/00841272.jpg
2026-09-23T23:50:28.338Z,2026-09-23T23:50:28.329Z,Everton Ribeiro completa 120 jogos pelo Bahia com golaço na Fonte Nova,"O veterano meia do Bahia comandou a vitória tricolor com passes decisivos e um belíssimo gol de fora da área, aplaudido de pé.",Bahia Esportes,https://www.gazetaesportiva.com?id=curado-jogadores-0-2026-09-23,https://images.unsplash.com/photo-1543351611-58f69d7c1781?q=80&w=600&auto=format&fit=crop
2026-09-23T23:50:28.338Z,2026-09-23T22:02:02.000Z,Brecha jurídica pode abrir discussão sobre nova regra de estrangeiros da CBF; entenda,A redução do limite de jogadores estrangeiros aprovada pela CBF pode abrir uma discussão jurídica. Especialista ouvido pela Gazeta Esportiva aponta que acordos do Mercosul podem co...,Gazeta Esportiva,https://www.gazetaesportiva.com/campeonatos/brasileiro-serie-a/limite-estrangeiros-cbf-mercosul-discussao-juridica/,https://static.gazetaesportiva.com/uploads/2026/09/20092026_cg_palmeiras_2613_61.webp
2026-09-23T23:50:28.338Z,2026-09-23T20:50:28.329Z,Renato Kayzer entra na mira de clubes europeus após grande fase no Castelão,Artilheiro do Fortaleza marcou 15 gols nos últimos 20 jogos. Agentes confirmam contatos de times da Itália e de Portugal.,Diário do Ceará,https://www.gazetaesportiva.com?id=curado-jogadores-1-2026-09-23,https://images.unsplash.com/photo-1518063319789-7217e6706b04?q=80&w=600&auto=format&fit=crop
2026-09-23T23:50:28.338Z,2026-09-23T17:50:28.329Z,Revelação do Ceará SC viaja para testes na Alemanha neste fim de semana,O jovem meio-campista de apenas 18 anos despertou interesse de clubes da Bundesliga após excelente atuação na Copa São Paulo.,Vozão Diário,https://www.gazetaesportiva.com?id=curado-jogadores-2-2026-09-23,https://images.unsplash.com/photo-1508098682722-e99c43a406b2?q=80&w=600&auto=format&fit=crop
2026-09-24T03:01:37.422Z,2026-09-24T03:01:37.414Z,Everton Ribeiro completa 120 jogos pelo Bahia com golaço na Fonte Nova,"O veterano meia do Bahia comandou a vitória tricolor com passes decisivos e um belíssimo gol de fora da área, aplaudido de pé.",Bahia Esportes,https://www.gazetaesportiva.com?id=curado-jogadores-0-2026-09-24,https://images.unsplash.com/photo-1543351611-58f69d7c1781?q=80&w=600&auto=format&fit=crop
2026-09-24T03:01:37.422Z,2026-09-24T00:01:37.414Z,Renato Kayzer entra na mira de clubes europeus após grande fase no Castelão,Artilheiro do Fortaleza marcou 15 gols nos últimos 20 jogos. Agentes confirmam contatos de times da Itália e de Portugal.,Diário do Ceará,https://www.gazetaesportiva.com?id=curado-jogadores-1-2026-09-24,https://images.unsplash.com/photo-1518063319789-7217e6706b04?q=80&w=600&auto=format&fit=crop
2026-09-24T03:01:37.422Z,2026-09-23T22:02:02.000Z,Brecha jurídica pode abrir discussão sobre nova regra de estrangeiros da CBF; entenda,A redução do limite de jogadores estrangeiros aprovada pela CBF pode abrir uma discussão jurídica. Especialista ouvido pela Gazeta Esportiva aponta que acordos do Mercosul podem co...,Gazeta Esportiva,https://www.gazetaesportiva.com/campeonatos/brasileiro-serie-a/limite-estrangeiros-cbf-mercosul-discussao-juridica/,https://static.gazetaesportiva.com/uploads/2026/09/20092026_cg_palmeiras_2613_61.webp
2026-09-24T03:01:37.422Z,2026-09-23T21:01:37.414Z,Revelação do Ceará SC viaja para testes na Alemanha neste fim de semana,O jovem meio-campista de apenas 18 anos despertou interesse de clubes da Bundesliga após excelente atuação na Copa São Paulo.,Vozão Diário,https://www.gazetaesportiva.com?id=curado-jogadores-2-2026-09-23,https://images.unsplash.com/photo-1508098682722-e99c43a406b2?q=80&w=600&auto=format&fit=crop
2026-09-24T08:38:33.976Z,2026-09-24T08:38:33.967Z,Everton Ribeiro completa 120 jogos pelo Bahia com golaço na Fonte Nova,"O veterano meia do Bahia comandou a vitória tricolor com passes decisivos e um belíssimo gol de fora da área, aplaudido de pé.",Bahia Esportes,https://www.gazetaesportiva.com?id=curado-jogadores-0-2026-09-24,https://images.unsplash.com/photo-1543351611-58f69d7c1781?q=80&w=600&auto=format&fit=crop
2026-09-24T08:38:33.976Z,2026-09-24T05:38:33.967Z,Renato Kayzer entra na mira de clubes europeus após grande fase no Castelão,Artilheiro do Fortaleza marcou 15 gols nos últimos 20 jogos. Agentes confirmam contatos de times da Itália e de Portugal.,Diário do Ceará,https://www.gazetaesportiva.com?id=curado-jogadores-1-2026-09-24,https://images.unsplash.com/photo-1518063319789-7217e6706b04?q=80&w=600&auto=format&fit=crop
2026-09-24T08:38:33.976Z,2026-09-24T02:38:33.967Z,Revelação do Ceará SC viaja para testes na Alemanha neste fim de semana,O jovem meio-campista de apenas 18 anos despertou interesse de clubes da Bundesliga após excelente atuação na Copa São Paulo.,Vozão Diário,https://www.gazetaesportiva.com?id=curado-jogadores-2-2026-09-24,https://images.unsplash.com/photo-1508098682722-e99c43a406b2?q=80&w=600&auto=format&fit=crop
