data_busca,data_publicacao,titulo,resumo,fonte,url,imagem_url
2026-07-01T01:38:56.579Z,2026-07-01T01:28:41.000Z,Brusque perde do Botafogo-PB com gol de Nenê e desperdiça chance de liderar a Série C,"O Brusque desperdiçou a chance de assumir a liderança da Série C do Brasileirão na noite desta terça-feira. A equipe foi derrotada pelo Botafogo-PB por 2 a 0 no Almeidão, com um go...",Gazeta Esportiva,https://www.gazetaesportiva.com/campeonatos/brasileiro-serie-c/brusque-perde-do-botafogo-pb-com-gol-de-nene-e-desperdica-chance-de-liderar-a-serie-c/,https://static.gazetaesportiva.com/uploads/2026/06/IMG_5631.webp
2026-07-01T01:38:56.579Z,2026-07-01T00:57:18.000Z,CRB vence Botafogo-SP e se distancia do Z4 da Série B,"O CRB venceu o Botafogo-SP por 1 a 0 nesta terça-feira (30), na Arena NicNet, em Ribeirão Preto, pela 15ª rodada da Série B do Brasileirão. O gol da partida foi marcado por Dadá Be...",Gazeta Esportiva,https://www.gazetaesportiva.com/times/crb/crb-vence-botafogo-sp-e-se-distancia-do-z4-da-serie-b/,https://static.gazetaesportiva.com/uploads/2026/06/55367725875_ca33513707_o.webp
2026-07-01T01:38:56.579Z,2026-06-30T22:40:13.000Z,Veja galeria de fotos do treino do São Paulo nesta terça-feira,O post Veja galeria de fotos do treino do São Paulo nesta terça-feira apareceu primeiro em Gazeta Esportiva.,Gazeta Esportiva,https://www.gazetaesportiva.com/times/sao-paulo/veja-galeria-de-fotos-do-treino-do-sao-paulo-nesta-terca-feira-3/,https://static.gazetaesportiva.com/uploads/2026/06/55366178097_dbb39f0a04_o.webp
2026-07-01T01:38:56.579Z,2026-06-30T21:53:13.000Z,"Sport anuncia o retorno do técnico Gilmar Dal Pozzo, ex-Chapecoense","Nesta terça-feira, o Sport anunciou Gilmar Dal Pozzo como novo técnico do clube. Demitido da Chapecoense em abril deste ano, ele assina com a equipe de Recife até novembro desta te...",Gazeta Esportiva,https://www.gazetaesportiva.com/times/sport/sport-anuncia-o-retorno-do-tecnico-gilmar-dal-pozzo-ex-chapecoense/,https://static.gazetaesportiva.com/uploads/2026/06/IMG_5630.webp
2026-07-01T01:38:56.579Z,2026-06-30T21:46:37.000Z,França x Suécia: veja fotos do jogo da segunda fase da Copa do Mundo,O post França x Suécia: veja fotos do jogo da segunda fase da Copa do Mundo apareceu primeiro em Gazeta Esportiva.,Gazeta Esportiva,https://www.gazetaesportiva.com/times/franca/franca-x-suecia-veja-fotos-do-jogo-da-segunda-fase-da-copa-do-mundo/,https://static.gazetaesportiva.com/uploads/2026/06/AFP__20260630__B8UV8G2__v1__MidRes__FblWc2026Match77FraSwe.webp
2026-07-01T01:38:56.579Z,2026-06-30T21:30:47.000Z,Veja fotos do nvo uniforme do Barcelona para a temporada 2026/27,O post Veja fotos do nvo uniforme do Barcelona para a temporada 2026/27 apareceu primeiro em Gazeta Esportiva.,Gazeta Esportiva,https://www.gazetaesportiva.com/times/barcelona/veja-fotos-do-nvo-uniforme-do-barcelona-para-a-temporada-2026-27/,https://static.gazetaesportiva.com/uploads/2026/06/2606_1st_Kit_26-27_App_Gallery_16_9_01_MASC_C.webp
2026-07-01T01:38:56.579Z,2026-06-30T20:16:59.000Z,Veja fotos do treino em dois períodos do Santos desta terça,O post Veja fotos do treino em dois períodos do Santos desta terça apareceu primeiro em Gazeta Esportiva.,Gazeta Esportiva,https://www.gazetaesportiva.com/times/santos/veja-fotos-do-treino-em-dois-periodos-do-santos-desta-terca/,https://static.gazetaesportiva.com/uploads/2026/06/55367118539_eabb52d323_c.webp
2026-07-01T01:38:56.579Z,2026-06-30T19:26:16.000Z,Brasil x Noruega: data e horário do jogo pelas oitavas de final da Copa do Mundo,"O Brasil enfrentará a Noruega nas oitavas de final da Copa do Mundo após a vitória dos europeus sobre a Costa do Marfim. A Seleção chega embalada após bater o Japão, mas terá o des...",Gazeta Esportiva,https://www.gazetaesportiva.com/campeonatos/copa-do-mundo/brasil-x-noruega-data-e-horario-do-jogo-pelas-oitavas-de-final-da-copa-do-mundo/,https://static.gazetaesportiva.com/uploads/2026/06/AFP__20260629__B8PL9YH__v3__HighRes__TopshotFblWc2026Match76BraJpn.webp
2026-07-01T01:38:56.579Z,2026-06-30T18:53:17.000Z,Veja galeria de fotos do treino da Seleção Brasileira nesta terça-feira,O post Veja galeria de fotos do treino da Seleção Brasileira nesta terça-feira apareceu primeiro em Gazeta Esportiva.,Gazeta Esportiva,https://www.gazetaesportiva.com/times/brasil/veja-galeria-de-fotos-do-treino-da-selecao-brasileira-nesta-terca-feira/,https://static.gazetaesportiva.com/uploads/2026/06/30JUN2026TREINOREDBULL2-CRISTIANO-NUNES-CARLO-ANCELOTTI.webp
2026-07-01T01:38:56.579Z,2026-06-30T18:47:49.000Z,Confira as fotos do treino do Corinthians desta terça-feira,O post Confira as fotos do treino do Corinthians desta terça-feira apareceu primeiro em Gazeta Esportiva.,Gazeta Esportiva,https://www.gazetaesportiva.com/times/corinthians/confira-as-fotos-do-treino-do-corinthians-desta-terca-feira-6/,https://static.gazetaesportiva.com/uploads/2026/06/245726.webp
2026-07-01T06:23:51.341Z,2026-07-01T01:58:28.000Z,Paquetá se manifesta após ter lesão confirmada pelo Brasil: &#8220;Vamos juntos até o fim&#8221;,"Horas depois de ser diagnosticado com uma lesão muscular na coxa esquerda, sofrida durante a vitória do Brasil sobre o Japão nesta segunda, Lucas Paquetá se manifestou no Instagram...",Gazeta Esportiva,https://www.gazetaesportiva.com/times/brasil/paqueta-se-manifesta-apos-ter-lesao-confirmada-pelo-brasil-vamos-juntos-ate-o-fim/,https://static.gazetaesportiva.com/uploads/2026/06/AFP__20260629__2283888263__v1__HighRes__BrazilVJapanRoundOf32FifaWorldCup2026-1.webp
2026-07-01T06:23:51.341Z,2026-07-01T01:28:41.000Z,Brusque perde do Botafogo-PB com gol de Nenê e desperdiça chance de liderar a Série C,"O Brusque desperdiçou a chance de assumir a liderança da Série C do Brasileirão na noite desta terça-feira. A equipe foi derrotada pelo Botafogo-PB por 2 a 0 no Almeidão, com um go...",Gazeta Esportiva,https://www.gazetaesportiva.com/campeonatos/brasileiro-serie-c/brusque-perde-do-botafogo-pb-com-gol-de-nene-e-desperdica-chance-de-liderar-a-serie-c/,https://static.gazetaesportiva.com/uploads/2026/06/IMG_5631.webp
2026-07-01T06:23:51.341Z,2026-07-01T00:57:18.000Z,CRB vence Botafogo-SP e se distancia do Z4 da Série B,"O CRB venceu o Botafogo-SP por 1 a 0 nesta terça-feira (30), na Arena NicNet, em Ribeirão Preto, pela 15ª rodada da Série B do Brasileirão. O gol da partida foi marcado por Dadá Be...",Gazeta Esportiva,https://www.gazetaesportiva.com/times/crb/crb-vence-botafogo-sp-e-se-distancia-do-z4-da-serie-b/,https://static.gazetaesportiva.com/uploads/2026/06/55367725875_ca33513707_o.webp
2026-07-01T06:23:51.341Z,2026-06-30T22:40:13.000Z,Veja galeria de fotos do treino do São Paulo nesta terça-feira,O post Veja galeria de fotos do treino do São Paulo nesta terça-feira apareceu primeiro em Gazeta Esportiva.,Gazeta Esportiva,https://www.gazetaesportiva.com/times/sao-paulo/veja-galeria-de-fotos-do-treino-do-sao-paulo-nesta-terca-feira-3/,https://static.gazetaesportiva.com/uploads/2026/06/55366178097_dbb39f0a04_o.webp
2026-07-01T06:23:51.341Z,2026-06-30T21:53:13.000Z,"Sport anuncia o retorno do técnico Gilmar Dal Pozzo, ex-Chapecoense","Nesta terça-feira, o Sport anunciou Gilmar Dal Pozzo como novo técnico do clube. Demitido da Chapecoense em abril deste ano, ele assina com a equipe de Recife até novembro desta te...",Gazeta Esportiva,https://www.gazetaesportiva.com/times/sport/sport-anuncia-o-retorno-do-tecnico-gilmar-dal-pozzo-ex-chapecoense/,https://static.gazetaesportiva.com/uploads/2026/06/IMG_5630.webp
2026-07-01T06:23:51.341Z,2026-06-30T21:46:37.000Z,França x Suécia: veja fotos do jogo da segunda fase da Copa do Mundo,O post França x Suécia: veja fotos do jogo da segunda fase da Copa do Mundo apareceu primeiro em Gazeta Esportiva.,Gazeta Esportiva,https://www.gazetaesportiva.com/times/franca/franca-x-suecia-veja-fotos-do-jogo-da-segunda-fase-da-copa-do-mundo/,https://static.gazetaesportiva.com/uploads/2026/06/AFP__20260630__B8UV8G2__v1__MidRes__FblWc2026Match77FraSwe.webp
2026-07-01T06:23:51.341Z,2026-06-30T21:30:47.000Z,Veja fotos do nvo uniforme do Barcelona para a temporada 2026/27,O post Veja fotos do nvo uniforme do Barcelona para a temporada 2026/27 apareceu primeiro em Gazeta Esportiva.,Gazeta Esportiva,https://www.gazetaesportiva.com/times/barcelona/veja-fotos-do-nvo-uniforme-do-barcelona-para-a-temporada-2026-27/,https://static.gazetaesportiva.com/uploads/2026/06/2606_1st_Kit_26-27_App_Gallery_16_9_01_MASC_C.webp
2026-07-01T06:23:51.341Z,2026-06-30T20:16:59.000Z,Veja fotos do treino em dois períodos do Santos desta terça,O post Veja fotos do treino em dois períodos do Santos desta terça apareceu primeiro em Gazeta Esportiva.,Gazeta Esportiva,https://www.gazetaesportiva.com/times/santos/veja-fotos-do-treino-em-dois-periodos-do-santos-desta-terca/,https://static.gazetaesportiva.com/uploads/2026/06/55367118539_eabb52d323_c.webp
2026-07-01T06:23:51.341Z,2026-06-30T19:26:16.000Z,Brasil x Noruega: data e horário do jogo pelas oitavas de final da Copa do Mundo,"O Brasil enfrentará a Noruega nas oitavas de final da Copa do Mundo após a vitória dos europeus sobre a Costa do Marfim. A Seleção chega embalada após bater o Japão, mas terá o des...",Gazeta Esportiva,https://www.gazetaesportiva.com/campeonatos/copa-do-mundo/brasil-x-noruega-data-e-horario-do-jogo-pelas-oitavas-de-final-da-copa-do-mundo/,https://static.gazetaesportiva.com/uploads/2026/06/AFP__20260629__B8PL9YH__v3__HighRes__TopshotFblWc2026Match76BraJpn.webp
2026-07-01T06:23:51.341Z,2026-06-30T18:53:17.000Z,Veja galeria de fotos do treino da Seleção Brasileira nesta terça-feira,O post Veja galeria de fotos do treino da Seleção Brasileira nesta terça-feira apareceu primeiro em Gazeta Esportiva.,Gazeta Esportiva,https://www.gazetaesportiva.com/times/brasil/veja-galeria-de-fotos-do-treino-da-selecao-brasileira-nesta-terca-feira/,https://static.gazetaesportiva.com/uploads/2026/06/30JUN2026TREINOREDBULL2-CRISTIANO-NUNES-CARLO-ANCELOTTI.webp
2026-07-01T06:23:51.341Z,2026-06-30T18:47:49.000Z,Confira as fotos do treino do Corinthians desta terça-feira,O post Confira as fotos do treino do Corinthians desta terça-feira apareceu primeiro em Gazeta Esportiva.,Gazeta Esportiva,https://www.gazetaesportiva.com/times/corinthians/confira-as-fotos-do-treino-do-corinthians-desta-terca-feira-6/,https://static.gazetaesportiva.com/uploads/2026/06/245726.webp
2026-07-01T10:28:59.327Z,2026-07-01T09:00:06.000Z,Quem pode substituir Paquetá na Seleção? Veja opções de Ancelotti,"A lesão de Lucas Paquetá obriga Carlo Ancelotti a buscar alternativas no meio-campo da Seleção para as oitavas da Copa. A Gazeta Esportiva lista opções como Danilo Santos, Éderson,...",Gazeta Esportiva,https://www.gazetaesportiva.com/times/brasil/quem-pode-substituir-paqueta-na-selecao-veja-opcoes-de-ancelotti/,https://static.gazetaesportiva.com/uploads/2026/06/AFP__20260629__2283888277__v1__HighRes__BrazilVJapanRoundOf32FifaWorldCup2026.webp
2026-07-01T10:28:59.327Z,2026-07-01T01:58:28.000Z,Paquetá se manifesta após ter lesão confirmada pelo Brasil: &#8220;Vamos juntos até o fim&#8221;,"Horas depois de ser diagnosticado com uma lesão muscular na coxa esquerda, sofrida durante a vitória do Brasil sobre o Japão nesta segunda, Lucas Paquetá se manifestou no Instagram...",Gazeta Esportiva,https://www.gazetaesportiva.com/times/brasil/paqueta-se-manifesta-apos-ter-lesao-confirmada-pelo-brasil-vamos-juntos-ate-o-fim/,https://static.gazetaesportiva.com/uploads/2026/06/AFP__20260629__2283888263__v1__HighRes__BrazilVJapanRoundOf32FifaWorldCup2026-1.webp
2026-07-01T10:28:59.327Z,2026-07-01T01:28:41.000Z,Brusque perde do Botafogo-PB com gol de Nenê e desperdiça chance de liderar a Série C,"O Brusque desperdiçou a chance de assumir a liderança da Série C do Brasileirão na noite desta terça-feira. A equipe foi derrotada pelo Botafogo-PB por 2 a 0 no Almeidão, com um go...",Gazeta Esportiva,https://www.gazetaesportiva.com/campeonatos/brasileiro-serie-c/brusque-perde-do-botafogo-pb-com-gol-de-nene-e-desperdica-chance-de-liderar-a-serie-c/,https://static.gazetaesportiva.com/uploads/2026/06/IMG_5631.webp
2026-07-01T10:28:59.327Z,2026-07-01T00:57:18.000Z,CRB vence Botafogo-SP e se distancia do Z4 da Série B,"O CRB venceu o Botafogo-SP por 1 a 0 nesta terça-feira (30), na Arena NicNet, em Ribeirão Preto, pela 15ª rodada da Série B do Brasileirão. O gol da partida foi marcado por Dadá Be...",Gazeta Esportiva,https://www.gazetaesportiva.com/times/crb/crb-vence-botafogo-sp-e-se-distancia-do-z4-da-serie-b/,https://static.gazetaesportiva.com/uploads/2026/06/55367725875_ca33513707_o.webp
2026-07-01T10:28:59.327Z,2026-06-30T22:40:13.000Z,Veja galeria de fotos do treino do São Paulo nesta terça-feira,O post Veja galeria de fotos do treino do São Paulo nesta terça-feira apareceu primeiro em Gazeta Esportiva.,Gazeta Esportiva,https://www.gazetaesportiva.com/times/sao-paulo/veja-galeria-de-fotos-do-treino-do-sao-paulo-nesta-terca-feira-3/,https://static.gazetaesportiva.com/uploads/2026/06/55366178097_dbb39f0a04_o.webp
2026-07-01T10:28:59.327Z,2026-06-30T21:53:13.000Z,"Sport anuncia o retorno do técnico Gilmar Dal Pozzo, ex-Chapecoense","Nesta terça-feira, o Sport anunciou Gilmar Dal Pozzo como novo técnico do clube. Demitido da Chapecoense em abril deste ano, ele assina com a equipe de Recife até novembro desta te...",Gazeta Esportiva,https://www.gazetaesportiva.com/times/sport/sport-anuncia-o-retorno-do-tecnico-gilmar-dal-pozzo-ex-chapecoense/,https://static.gazetaesportiva.com/uploads/2026/06/IMG_5630.webp
2026-07-01T10:28:59.327Z,2026-06-30T21:46:37.000Z,França x Suécia: veja fotos do jogo da segunda fase da Copa do Mundo,O post França x Suécia: veja fotos do jogo da segunda fase da Copa do Mundo apareceu primeiro em Gazeta Esportiva.,Gazeta Esportiva,https://www.gazetaesportiva.com/times/franca/franca-x-suecia-veja-fotos-do-jogo-da-segunda-fase-da-copa-do-mundo/,https://static.gazetaesportiva.com/uploads/2026/06/AFP__20260630__B8UV8G2__v1__MidRes__FblWc2026Match77FraSwe.webp
2026-07-01T10:28:59.327Z,2026-06-30T21:30:47.000Z,Veja fotos do nvo uniforme do Barcelona para a temporada 2026/27,O post Veja fotos do nvo uniforme do Barcelona para a temporada 2026/27 apareceu primeiro em Gazeta Esportiva.,Gazeta Esportiva,https://www.gazetaesportiva.com/times/barcelona/veja-fotos-do-nvo-uniforme-do-barcelona-para-a-temporada-2026-27/,https://static.gazetaesportiva.com/uploads/2026/06/2606_1st_Kit_26-27_App_Gallery_16_9_01_MASC_C.webp
2026-07-01T10:28:59.327Z,2026-06-30T20:16:59.000Z,Veja fotos do treino em dois períodos do Santos desta terça,O post Veja fotos do treino em dois períodos do Santos desta terça apareceu primeiro em Gazeta Esportiva.,Gazeta Esportiva,https://www.gazetaesportiva.com/times/santos/veja-fotos-do-treino-em-dois-periodos-do-santos-desta-terca/,https://static.gazetaesportiva.com/uploads/2026/06/55367118539_eabb52d323_c.webp
2026-07-01T13:18:24.008Z,2026-07-01T13:03:44.000Z,Jornais mexicanos exaltam classificação às oitavas e sonham com campanha histórica no Mundial,"A imprensa mexicana destacou com entusiasmo a vitória por 2 a 0 sobre o Equador, que garantiu o México nas oitavas da Copa do Mundo de 2026. Jornais exaltaram o fim do jejum em mat...",Gazeta Esportiva,https://www.gazetaesportiva.com/times/mexico/mexico-imprensa-celebra-classificacao-oitavas-copa-2026/,https://static.gazetaesportiva.com/uploads/2026/07/AFP__20260701__B8V94N2__v1__HighRes__FblWc2026Match79MexEcu.webp
2026-07-01T13:18:24.008Z,2026-07-01T11:35:58.000Z,"Olise, o mago onipresente da França","Michael Olise teve atuação decisiva na vitória da França sobre a Suécia, comandando o meio-campo e distribuindo três assistências na partida. Ele participou diretamente dos gols de...",Gazeta Esportiva,https://www.gazetaesportiva.com/times/franca/olise-o-mago-onipresente-da-franca/,https://static.gazetaesportiva.com/uploads/2026/07/AFP__20260630__B8UY973__v1__HighRes__FblWc2026Match77FraSwe.webp
2026-07-01T13:18:24.008Z,2026-07-01T11:16:28.000Z,"México &#8216;merecia uma noite como esta&#8217;, comemora Aguirre após classificação para as oitavas da Copa","O México conquistou uma vitória histórica ao derrotar o Equador por 2 a 0 e avançar às oitavas de final da Copa do Mundo de 2026, encerrando um jejum de 40 anos sem triunfos em mat...",Gazeta Esportiva,https://www.gazetaesportiva.com/times/mexico/mexico-vitoria-historica-oitavas-copa-2026/,https://static.gazetaesportiva.com/uploads/2026/07/AFP__20260701__B8VA4QM__v1__HighRes__FblWc2026Match79MexEcu.webp
2026-07-01T13:18:24.008Z,2026-07-01T09:00:06.000Z,Quem pode substituir Paquetá na Seleção? Veja opções de Ancelotti,"A lesão de Lucas Paquetá obriga Carlo Ancelotti a buscar alternativas no meio-campo da Seleção para as oitavas da Copa. A Gazeta Esportiva lista opções como Danilo Santos, Éderson,...",Gazeta Esportiva,https://www.gazetaesportiva.com/times/brasil/quem-pode-substituir-paqueta-na-selecao-veja-opcoes-de-ancelotti/,https://static.gazetaesportiva.com/uploads/2026/06/AFP__20260629__2283888277__v1__HighRes__BrazilVJapanRoundOf32FifaWorldCup2026.webp
2026-07-01T13:18:24.008Z,2026-07-01T01:58:28.000Z,Paquetá se manifesta após ter lesão confirmada pelo Brasil: &#8220;Vamos juntos até o fim&#8221;,"Horas depois de ser diagnosticado com uma lesão muscular na coxa esquerda, sofrida durante a vitória do Brasil sobre o Japão nesta segunda, Lucas Paquetá se manifestou no Instagram...",Gazeta Esportiva,https://www.gazetaesportiva.com/times/brasil/paqueta-se-manifesta-apos-ter-lesao-confirmada-pelo-brasil-vamos-juntos-ate-o-fim/,https://static.gazetaesportiva.com/uploads/2026/06/AFP__20260629__2283888263__v1__HighRes__BrazilVJapanRoundOf32FifaWorldCup2026-1.webp
2026-07-01T13:18:24.008Z,2026-07-01T01:28:41.000Z,Brusque perde do Botafogo-PB com gol de Nenê e desperdiça chance de liderar a Série C,"O Brusque desperdiçou a chance de assumir a liderança da Série C do Brasileirão na noite desta terça-feira. A equipe foi derrotada pelo Botafogo-PB por 2 a 0 no Almeidão, com um go...",Gazeta Esportiva,https://www.gazetaesportiva.com/campeonatos/brasileiro-serie-c/brusque-perde-do-botafogo-pb-com-gol-de-nene-e-desperdica-chance-de-liderar-a-serie-c/,https://static.gazetaesportiva.com/uploads/2026/06/IMG_5631.webp
2026-07-01T13:18:24.008Z,2026-07-01T00:57:18.000Z,CRB vence Botafogo-SP e se distancia do Z4 da Série B,"O CRB venceu o Botafogo-SP por 1 a 0 nesta terça-feira (30), na Arena NicNet, em Ribeirão Preto, pela 15ª rodada da Série B do Brasileirão. O gol da partida foi marcado por Dadá Be...",Gazeta Esportiva,https://www.gazetaesportiva.com/times/crb/crb-vence-botafogo-sp-e-se-distancia-do-z4-da-serie-b/,https://static.gazetaesportiva.com/uploads/2026/06/55367725875_ca33513707_o.webp
2026-07-01T13:18:24.008Z,2026-06-30T22:40:13.000Z,Veja galeria de fotos do treino do São Paulo nesta terça-feira,O post Veja galeria de fotos do treino do São Paulo nesta terça-feira apareceu primeiro em Gazeta Esportiva.,Gazeta Esportiva,https://www.gazetaesportiva.com/times/sao-paulo/veja-galeria-de-fotos-do-treino-do-sao-paulo-nesta-terca-feira-3/,https://static.gazetaesportiva.com/uploads/2026/06/55366178097_dbb39f0a04_o.webp
2026-07-01T13:18:24.008Z,2026-06-30T21:53:13.000Z,"Sport anuncia o retorno do técnico Gilmar Dal Pozzo, ex-Chapecoense","Nesta terça-feira, o Sport anunciou Gilmar Dal Pozzo como novo técnico do clube. Demitido da Chapecoense em abril deste ano, ele assina com a equipe de Recife até novembro desta te...",Gazeta Esportiva,https://www.gazetaesportiva.com/times/sport/sport-anuncia-o-retorno-do-tecnico-gilmar-dal-pozzo-ex-chapecoense/,https://static.gazetaesportiva.com/uploads/2026/06/IMG_5630.webp
2026-07-01T16:04:30.719Z,2026-07-01T13:38:28.000Z,Jesper De Jong x João Fonseca em Wimbledon: siga o placar ao vivo,"Jesper De Jong x João Fonseca em Wimbledon: siga o placar ao vivo.
O post Jesper De Jong x João Fonseca em Wimbledon: siga o placar ao vivo apareceu primeiro em Gazeta Esportiva.",Gazeta Esportiva,https://www.gazetaesportiva.com/mais-esportes/tenis/jesper-de-jong-x-joao-fonseca-wimbledon/,https://static.gazetaesportiva.com/uploads/2026/06/AFP__20260629__B8NB9UK__v1__HighRes__TennisGbrWimbledon.webp
2026-07-01T16:04:30.719Z,2026-07-01T13:03:44.000Z,Jornais mexicanos exaltam classificação às oitavas e sonham com campanha histórica no Mundial,"A imprensa mexicana destacou com entusiasmo a vitória por 2 a 0 sobre o Equador, que garantiu o México nas oitavas da Copa do Mundo de 2026. Jornais exaltaram o fim do jejum em mat...",Gazeta Esportiva,https://www.gazetaesportiva.com/times/mexico/mexico-imprensa-celebra-classificacao-oitavas-copa-2026/,https://static.gazetaesportiva.com/uploads/2026/07/AFP__20260701__B8V94N2__v1__HighRes__FblWc2026Match79MexEcu.webp
2026-07-01T16:04:30.719Z,2026-07-01T11:35:58.000Z,"Olise, o mago onipresente da França","Michael Olise teve atuação decisiva na vitória da França sobre a Suécia, comandando o meio-campo e distribuindo três assistências na partida. Ele participou diretamente dos gols de...",Gazeta Esportiva,https://www.gazetaesportiva.com/times/franca/olise-o-mago-onipresente-da-franca/,https://static.gazetaesportiva.com/uploads/2026/07/AFP__20260630__B8UY973__v1__HighRes__FblWc2026Match77FraSwe.webp
2026-07-01T16:04:30.719Z,2026-07-01T11:16:28.000Z,"México &#8216;merecia uma noite como esta&#8217;, comemora Aguirre após classificação para as oitavas da Copa","O México conquistou uma vitória histórica ao derrotar o Equador por 2 a 0 e avançar às oitavas de final da Copa do Mundo de 2026, encerrando um jejum de 40 anos sem triunfos em mat...",Gazeta Esportiva,https://www.gazetaesportiva.com/times/mexico/mexico-vitoria-historica-oitavas-copa-2026/,https://static.gazetaesportiva.com/uploads/2026/07/AFP__20260701__B8VA4QM__v1__HighRes__FblWc2026Match79MexEcu.webp
2026-07-01T16:04:30.719Z,2026-07-01T09:00:06.000Z,Quem pode substituir Paquetá na Seleção? Veja opções de Ancelotti,"A lesão de Lucas Paquetá obriga Carlo Ancelotti a buscar alternativas no meio-campo da Seleção para as oitavas da Copa. A Gazeta Esportiva lista opções como Danilo Santos, Éderson,...",Gazeta Esportiva,https://www.gazetaesportiva.com/times/brasil/quem-pode-substituir-paqueta-na-selecao-veja-opcoes-de-ancelotti/,https://static.gazetaesportiva.com/uploads/2026/06/AFP__20260629__2283888277__v1__HighRes__BrazilVJapanRoundOf32FifaWorldCup2026.webp
2026-07-01T16:04:30.719Z,2026-07-01T01:58:28.000Z,Paquetá se manifesta após ter lesão confirmada pelo Brasil: &#8220;Vamos juntos até o fim&#8221;,"Horas depois de ser diagnosticado com uma lesão muscular na coxa esquerda, sofrida durante a vitória do Brasil sobre o Japão nesta segunda, Lucas Paquetá se manifestou no Instagram...",Gazeta Esportiva,https://www.gazetaesportiva.com/times/brasil/paqueta-se-manifesta-apos-ter-lesao-confirmada-pelo-brasil-vamos-juntos-ate-o-fim/,https://static.gazetaesportiva.com/uploads/2026/06/AFP__20260629__2283888263__v1__HighRes__BrazilVJapanRoundOf32FifaWorldCup2026-1.webp
2026-07-01T16:04:30.719Z,2026-07-01T01:28:41.000Z,Brusque perde do Botafogo-PB com gol de Nenê e desperdiça chance de liderar a Série C,"O Brusque desperdiçou a chance de assumir a liderança da Série C do Brasileirão na noite desta terça-feira. A equipe foi derrotada pelo Botafogo-PB por 2 a 0 no Almeidão, com um go...",Gazeta Esportiva,https://www.gazetaesportiva.com/campeonatos/brasileiro-serie-c/brusque-perde-do-botafogo-pb-com-gol-de-nene-e-desperdica-chance-de-liderar-a-serie-c/,https://static.gazetaesportiva.com/uploads/2026/06/IMG_5631.webp
2026-07-01T16:04:30.719Z,2026-07-01T00:57:18.000Z,CRB vence Botafogo-SP e se distancia do Z4 da Série B,"O CRB venceu o Botafogo-SP por 1 a 0 nesta terça-feira (30), na Arena NicNet, em Ribeirão Preto, pela 15ª rodada da Série B do Brasileirão. O gol da partida foi marcado por Dadá Be...",Gazeta Esportiva,https://www.gazetaesportiva.com/times/crb/crb-vence-botafogo-sp-e-se-distancia-do-z4-da-serie-b/,https://static.gazetaesportiva.com/uploads/2026/06/55367725875_ca33513707_o.webp
2026-07-01T18:24:02.255Z,2026-07-01T17:26:23.000Z,Fuchs comenta &#8216;momento torcedor&#8217; na vitória do Paraguai: &#8216;Frio na barriga&#8217;,"Zagueiro do Verdão falou sobre a vitória dos companheiros na Copa do Mundo sobre a Alemanha nos pênaltis.
O post Fuchs comenta &#8216;momento torcedor&#8217; na vitória do Paraguai...",Gazeta Esportiva,https://www.gazetaesportiva.com/todas-as-noticias/fuchs-comenta-momento-torcedor-na-vitoria-do-paraguai-frio-na-barriga/,https://static.gazetaesportiva.com/uploads/2026/07/bp5oto4v-1920p.webp
2026-07-01T18:24:02.255Z,2026-07-01T13:03:44.000Z,Jornais mexicanos exaltam classificação às oitavas e sonham com campanha histórica no Mundial,"A imprensa mexicana destacou com entusiasmo a vitória por 2 a 0 sobre o Equador, que garantiu o México nas oitavas da Copa do Mundo de 2026. Jornais exaltaram o fim do jejum em mat...",Gazeta Esportiva,https://www.gazetaesportiva.com/times/mexico/mexico-imprensa-celebra-classificacao-oitavas-copa-2026/,https://static.gazetaesportiva.com/uploads/2026/07/AFP__20260701__B8V94N2__v1__HighRes__FblWc2026Match79MexEcu.webp
2026-07-01T18:24:02.255Z,2026-07-01T11:35:58.000Z,"Olise, o mago onipresente da França","Michael Olise teve atuação decisiva na vitória da França sobre a Suécia, comandando o meio-campo e distribuindo três assistências na partida. Ele participou diretamente dos gols de...",Gazeta Esportiva,https://www.gazetaesportiva.com/times/franca/olise-o-mago-onipresente-da-franca/,https://static.gazetaesportiva.com/uploads/2026/07/AFP__20260630__B8UY973__v1__HighRes__FblWc2026Match77FraSwe.webp
2026-07-01T18:24:02.255Z,2026-07-01T11:16:28.000Z,"México &#8216;merecia uma noite como esta&#8217;, comemora Aguirre após classificação para as oitavas da Copa","O México conquistou uma vitória histórica ao derrotar o Equador por 2 a 0 e avançar às oitavas de final da Copa do Mundo de 2026, encerrando um jejum de 40 anos sem triunfos em mat...",Gazeta Esportiva,https://www.gazetaesportiva.com/times/mexico/mexico-vitoria-historica-oitavas-copa-2026/,https://static.gazetaesportiva.com/uploads/2026/07/AFP__20260701__B8VA4QM__v1__HighRes__FblWc2026Match79MexEcu.webp
2026-07-01T20:22:56.069Z,2026-07-01T20:22:15.000Z,Kane ressalta &#8216;paciência&#8217; da Inglaterra na vitória sobre RD Congo,"Harry Kane foi o herói da Inglaterra na vitória por 2 a 1 sobre a República Democrática do Congo, marcando os dois gols da virada nos minutos finais e garantindo a classificação às...",Gazeta Esportiva,https://www.gazetaesportiva.com/times/inglaterra/kane-ressalta-paciencia-da-inglaterra-na-vitoria-sobre-rd-congo/,https://static.gazetaesportiva.com/uploads/2026/07/AFP__20260701__B8Y67R3__v1__HighRes__FblWc2026Match80EngCod.webp
2026-07-01T20:22:56.069Z,2026-07-01T19:45:21.000Z,Torcida da Inglaterra vai à loucura com gol da virada de Kane,"Torcedores no sul de Londres comemoraram intensamente quando Harry Kane marcou os dois gols da vitória por 2 a 1 sobre a RD Congo, garantindo a vaga dos Three Lions nas oitavas de ...",Gazeta Esportiva,https://www.gazetaesportiva.com/todas-as-noticias/torcida-da-inglaterra-vai-a-loucura-com-gol-da-virada-de-kane/,https://static.gazetaesportiva.com/uploads/2026/07/Torcida-da-Inglaterra.webp
2026-07-01T20:22:56.069Z,2026-07-01T18:36:50.000Z,Kane ultrapassa Pelé e iguala Fontaine na artilharia histórica da Copa do Mundo,"Harry Kane foi o grande nome da vitória da Inglaterra por 2 a 1 sobre a RD Congo ao marcar os dois gols da virada e alcançar uma marca histórica. Com 13 gols em Copas do Mundo, o a...",Gazeta Esportiva,https://www.gazetaesportiva.com/campeonatos/copa-do-mundo/kane-ultrapassa-pele-e-iguala-fontaine-na-artilharia-historica-da-copa-do-mundo/,https://static.gazetaesportiva.com/uploads/2026/07/AFP__20260701__B8Y64AX__v1__HighRes__FblWc2026Match80EngCod.webp
2026-07-01T20:22:56.069Z,2026-07-01T18:30:58.000Z,Veja fotos do treino do Corinthians nesta quarta-feira,O post Veja fotos do treino do Corinthians nesta quarta-feira apareceu primeiro em Gazeta Esportiva.,Gazeta Esportiva,https://www.gazetaesportiva.com/times/corinthians/veja-fotos-do-treino-do-corinthians-nesta-quarta-feira-10/,https://static.gazetaesportiva.com/uploads/2026/07/245798.webp
2026-07-01T20:22:56.069Z,2026-07-01T17:26:23.000Z,Fuchs comenta &#8216;momento torcedor&#8217; na vitória do Paraguai: &#8216;Frio na barriga&#8217;,"Zagueiro do Verdão falou sobre a vitória dos companheiros na Copa do Mundo sobre a Alemanha nos pênaltis.
O post Fuchs comenta &#8216;momento torcedor&#8217; na vitória do Paraguai...",Gazeta Esportiva,https://www.gazetaesportiva.com/todas-as-noticias/fuchs-comenta-momento-torcedor-na-vitoria-do-paraguai-frio-na-barriga/,https://static.gazetaesportiva.com/uploads/2026/07/bp5oto4v-1920p.webp
2026-07-01T20:22:56.069Z,2026-07-01T13:03:44.000Z,Jornais mexicanos exaltam classificação às oitavas e sonham com campanha histórica no Mundial,"A imprensa mexicana destacou com entusiasmo a vitória por 2 a 0 sobre o Equador, que garantiu o México nas oitavas da Copa do Mundo de 2026. Jornais exaltaram o fim do jejum em mat...",Gazeta Esportiva,https://www.gazetaesportiva.com/times/mexico/mexico-imprensa-celebra-classificacao-oitavas-copa-2026/,https://static.gazetaesportiva.com/uploads/2026/07/AFP__20260701__B8V94N2__v1__HighRes__FblWc2026Match79MexEcu.webp
2026-07-01T21:58:42.717Z,2026-07-01T21:50:35.000Z,"Antes da 75ª edição, Tá chegando a Prova Ciclística 9 de Julho","O post Antes da 75ª edição, Tá chegando a Prova Ciclística 9 de Julho apareceu primeiro em Gazeta Esportiva.",Gazeta Esportiva,https://www.gazetaesportiva.com/todas-as-noticias/antes-da-75a-edicao-ta-chegando-a-prova-ciclistica-9-de-julho/,https://static.gazetaesportiva.com/uploads/2026/07/WhatsApp-Image-2026-07-01-at-18.48.10.webp
2026-07-01T21:58:42.717Z,2026-07-01T20:57:16.000Z,França recupera liderança do ranking da Fifa; Brasil sobe para quinto,A França voltou ao topo do ranking de seleções da Fifa após a vitória sobre a Suécia e a classificação às oitavas de final da Copa do Mundo. A equipe de Didier Deschamps ultrapasso...,Gazeta Esportiva,https://www.gazetaesportiva.com/campeonatos/copa-do-mundo/franca-recupera-lideranca-do-ranking-da-fifa-brasil-sobe-para-quinto/,https://static.gazetaesportiva.com/uploads/2026/07/AFP__20260630__B8UZ97Y__v1__HighRes__FblWc2026Match77FraSwe.webp
2026-07-01T21:58:42.717Z,2026-07-01T20:56:01.000Z,Bélgica x Senegal: veja fotos do duelo pelos 16 avos da Copa,O post Bélgica x Senegal: veja fotos do duelo pelos 16 avos da Copa apareceu primeiro em Gazeta Esportiva.,Gazeta Esportiva,https://www.gazetaesportiva.com/campeonatos/copa-do-mundo/belgica-x-senegal-veja-fotos-do-duelo-pelos-16-avos-da-copa/,https://static.gazetaesportiva.com/uploads/2026/07/AFP__20260701__2284231361__v1__HighRes__BelgiumVSenegalRoundOf32FifaWorldCup2026.webp
2026-07-01T21:58:42.717Z,2026-07-01T20:22:15.000Z,Kane ressalta &#8216;paciência&#8217; da Inglaterra na vitória sobre RD Congo,"Harry Kane foi o herói da Inglaterra na vitória por 2 a 1 sobre a República Democrática do Congo, marcando os dois gols da virada nos minutos finais e garantindo a classificação às...",Gazeta Esportiva,https://www.gazetaesportiva.com/times/inglaterra/kane-ressalta-paciencia-da-inglaterra-na-vitoria-sobre-rd-congo/,https://static.gazetaesportiva.com/uploads/2026/07/AFP__20260701__B8Y67R3__v1__HighRes__FblWc2026Match80EngCod.webp
2026-07-01T21:58:42.717Z,2026-07-01T19:45:21.000Z,Torcida da Inglaterra vai à loucura com gol da virada de Kane,"Torcedores no sul de Londres comemoraram intensamente quando Harry Kane marcou os dois gols da vitória por 2 a 1 sobre a RD Congo, garantindo a vaga dos Three Lions nas oitavas de ...",Gazeta Esportiva,https://www.gazetaesportiva.com/todas-as-noticias/torcida-da-inglaterra-vai-a-loucura-com-gol-da-virada-de-kane/,https://static.gazetaesportiva.com/uploads/2026/07/Torcida-da-Inglaterra.webp
2026-07-01T21:58:42.717Z,2026-07-01T18:36:50.000Z,Kane ultrapassa Pelé e iguala Fontaine na artilharia histórica da Copa do Mundo,"Harry Kane foi o grande nome da vitória da Inglaterra por 2 a 1 sobre a RD Congo ao marcar os dois gols da virada e alcançar uma marca histórica. Com 13 gols em Copas do Mundo, o a...",Gazeta Esportiva,https://www.gazetaesportiva.com/campeonatos/copa-do-mundo/kane-ultrapassa-pele-e-iguala-fontaine-na-artilharia-historica-da-copa-do-mundo/,https://static.gazetaesportiva.com/uploads/2026/07/AFP__20260701__B8Y64AX__v1__HighRes__FblWc2026Match80EngCod.webp
2026-07-01T21:58:42.717Z,2026-07-01T18:30:58.000Z,Veja fotos do treino do Corinthians nesta quarta-feira,O post Veja fotos do treino do Corinthians nesta quarta-feira apareceu primeiro em Gazeta Esportiva.,Gazeta Esportiva,https://www.gazetaesportiva.com/times/corinthians/veja-fotos-do-treino-do-corinthians-nesta-quarta-feira-10/,https://static.gazetaesportiva.com/uploads/2026/07/245798.webp
2026-07-01T21:58:42.717Z,2026-07-01T17:26:23.000Z,Fuchs comenta &#8216;momento torcedor&#8217; na vitória do Paraguai: &#8216;Frio na barriga&#8217;,"Zagueiro do Verdão falou sobre a vitória dos companheiros na Copa do Mundo sobre a Alemanha nos pênaltis.
O post Fuchs comenta &#8216;momento torcedor&#8217; na vitória do Paraguai...",Gazeta Esportiva,https://www.gazetaesportiva.com/todas-as-noticias/fuchs-comenta-momento-torcedor-na-vitoria-do-paraguai-frio-na-barriga/,https://static.gazetaesportiva.com/uploads/2026/07/bp5oto4v-1920p.webp
2026-07-01T23:21:01.094Z,2026-07-01T23:00:07.000Z,Fortaleza x Ponte Preta: veja onde assistir e prováveis escalações do confronto pelo Brasileirão Série B,"Fortaleza e Ponte Preta se enfrentam nesta quinta-feira, às 21h, no Estádio Governador Plácido Castelo, pela 16ª rodada da Série B. O Fortaleza chega embalado pela vitória sobre o ...",Gazeta Esportiva,https://www.gazetaesportiva.com/campeonatos/brasileiro-serie-b/fortaleza-x-ponte-preta-veja-onde-assistir-e-provaveis-escalacoes-do-confronto-pelo-brasileirao-serie-b/,https://static.gazetaesportiva.com/uploads/2026/07/@viniciussouzafoto-21.webp
2026-07-01T23:21:01.094Z,2026-07-01T21:50:35.000Z,"Antes da 75ª edição, Tá chegando a Prova Ciclística 9 de Julho","O post Antes da 75ª edição, Tá chegando a Prova Ciclística 9 de Julho apareceu primeiro em Gazeta Esportiva.",Gazeta Esportiva,https://www.gazetaesportiva.com/todas-as-noticias/antes-da-75a-edicao-ta-chegando-a-prova-ciclistica-9-de-julho/,https://static.gazetaesportiva.com/uploads/2026/07/WhatsApp-Image-2026-07-01-at-18.48.10.webp
2026-07-01T23:21:01.094Z,2026-07-01T20:57:16.000Z,França recupera liderança do ranking da Fifa; Brasil sobe para quinto,A França voltou ao topo do ranking de seleções da Fifa após a vitória sobre a Suécia e a classificação às oitavas de final da Copa do Mundo. A equipe de Didier Deschamps ultrapasso...,Gazeta Esportiva,https://www.gazetaesportiva.com/campeonatos/copa-do-mundo/franca-recupera-lideranca-do-ranking-da-fifa-brasil-sobe-para-quinto/,https://static.gazetaesportiva.com/uploads/2026/07/AFP__20260630__B8UZ97Y__v1__HighRes__FblWc2026Match77FraSwe.webp
2026-07-01T23:21:01.094Z,2026-07-01T20:56:01.000Z,Bélgica x Senegal: veja fotos do duelo pelos 16 avos da Copa,O post Bélgica x Senegal: veja fotos do duelo pelos 16 avos da Copa apareceu primeiro em Gazeta Esportiva.,Gazeta Esportiva,https://www.gazetaesportiva.com/campeonatos/copa-do-mundo/belgica-x-senegal-veja-fotos-do-duelo-pelos-16-avos-da-copa/,https://static.gazetaesportiva.com/uploads/2026/07/AFP__20260701__2284231361__v1__HighRes__BelgiumVSenegalRoundOf32FifaWorldCup2026.webp
2026-07-01T23:21:01.094Z,2026-07-01T20:22:15.000Z,Kane ressalta &#8216;paciência&#8217; da Inglaterra na vitória sobre RD Congo,"Harry Kane foi o herói da Inglaterra na vitória por 2 a 1 sobre a República Democrática do Congo, marcando os dois gols da virada nos minutos finais e garantindo a classificação às...",Gazeta Esportiva,https://www.gazetaesportiva.com/times/inglaterra/kane-ressalta-paciencia-da-inglaterra-na-vitoria-sobre-rd-congo/,https://static.gazetaesportiva.com/uploads/2026/07/AFP__20260701__B8Y67R3__v1__HighRes__FblWc2026Match80EngCod.webp
2026-07-01T23:21:01.094Z,2026-07-01T19:45:21.000Z,Torcida da Inglaterra vai à loucura com gol da virada de Kane,"Torcedores no sul de Londres comemoraram intensamente quando Harry Kane marcou os dois gols da vitória por 2 a 1 sobre a RD Congo, garantindo a vaga dos Three Lions nas oitavas de ...",Gazeta Esportiva,https://www.gazetaesportiva.com/todas-as-noticias/torcida-da-inglaterra-vai-a-loucura-com-gol-da-virada-de-kane/,https://static.gazetaesportiva.com/uploads/2026/07/Torcida-da-Inglaterra.webp
2026-07-01T23:21:01.094Z,2026-07-01T18:36:50.000Z,Kane ultrapassa Pelé e iguala Fontaine na artilharia histórica da Copa do Mundo,"Harry Kane foi o grande nome da vitória da Inglaterra por 2 a 1 sobre a RD Congo ao marcar os dois gols da virada e alcançar uma marca histórica. Com 13 gols em Copas do Mundo, o a...",Gazeta Esportiva,https://www.gazetaesportiva.com/campeonatos/copa-do-mundo/kane-ultrapassa-pele-e-iguala-fontaine-na-artilharia-historica-da-copa-do-mundo/,https://static.gazetaesportiva.com/uploads/2026/07/AFP__20260701__B8Y64AX__v1__HighRes__FblWc2026Match80EngCod.webp
2026-07-01T23:21:01.094Z,2026-07-01T18:30:58.000Z,Veja fotos do treino do Corinthians nesta quarta-feira,O post Veja fotos do treino do Corinthians nesta quarta-feira apareceu primeiro em Gazeta Esportiva.,Gazeta Esportiva,https://www.gazetaesportiva.com/times/corinthians/veja-fotos-do-treino-do-corinthians-nesta-quarta-feira-10/,https://static.gazetaesportiva.com/uploads/2026/07/245798.webp
2026-07-01T23:21:01.094Z,2026-07-01T17:26:23.000Z,Fuchs comenta &#8216;momento torcedor&#8217; na vitória do Paraguai: &#8216;Frio na barriga&#8217;,"Zagueiro do Verdão falou sobre a vitória dos companheiros na Copa do Mundo sobre a Alemanha nos pênaltis.
O post Fuchs comenta &#8216;momento torcedor&#8217; na vitória do Paraguai...",Gazeta Esportiva,https://www.gazetaesportiva.com/todas-as-noticias/fuchs-comenta-momento-torcedor-na-vitoria-do-paraguai-frio-na-barriga/,https://static.gazetaesportiva.com/uploads/2026/07/bp5oto4v-1920p.webp
2026-07-02T01:31:35.787Z,2026-07-02T00:47:16.000Z,EUA x Bósnia: veja fotos do jogo pela Copa do Mundo,O post EUA x Bósnia: veja fotos do jogo pela Copa do Mundo apareceu primeiro em Gazeta Esportiva.,Gazeta Esportiva,https://www.gazetaesportiva.com/times/estados-unidos/eua-x-bosnia-veja-fotos-do-jogo-pela-copa-do-mundo/,https://static.gazetaesportiva.com/uploads/2026/07/AFP__20260702__2284249529__v1__HighRes__UsaVBosniaAndHerzegovinaRoundOf32FifaWorldCu.webp
2026-07-02T01:31:35.787Z,2026-07-01T23:37:46.000Z,Veja fotos do treino do São Paulo desta quarta-feira,O post Veja fotos do treino do São Paulo desta quarta-feira apareceu primeiro em Gazeta Esportiva.,Gazeta Esportiva,https://www.gazetaesportiva.com/times/sao-paulo/veja-fotos-do-treino-do-sao-paulo-desta-quarta-feira-21/,https://static.gazetaesportiva.com/uploads/2026/07/img_9130-jpg-1229x1536-1.webp
2026-07-02T01:31:35.787Z,2026-07-01T23:28:21.000Z,Palmeiras goleia o Mauaense em jogo-treino; veja os gols,"Confira os gols da vitória do Palmeiras por 6 a 0 em jogo-treino realizado na Academia de Futebol.
O post Palmeiras goleia o Mauaense em jogo-treino; veja os gols apareceu primeiro...",Gazeta Esportiva,https://www.gazetaesportiva.com/todas-as-noticias/palmeiras-goleia-o-mauaense-em-jogo-treino-veja-os-gols/,https://static.gazetaesportiva.com/uploads/2026/07/tgflx90w-1920.webp
2026-07-02T01:31:35.787Z,2026-07-01T23:00:07.000Z,Fortaleza x Ponte Preta: veja onde assistir e prováveis escalações do confronto pelo Brasileirão Série B,"Fortaleza e Ponte Preta se enfrentam nesta quinta-feira, às 21h, no Estádio Governador Plácido Castelo, pela 16ª rodada da Série B. O Fortaleza chega embalado pela vitória sobre o ...",Gazeta Esportiva,https://www.gazetaesportiva.com/campeonatos/brasileiro-serie-b/fortaleza-x-ponte-preta-veja-onde-assistir-e-provaveis-escalacoes-do-confronto-pelo-brasileirao-serie-b/,https://static.gazetaesportiva.com/uploads/2026/07/@viniciussouzafoto-21.webp
2026-07-02T01:31:35.787Z,2026-07-01T21:50:35.000Z,"Antes da 75ª edição, Tá chegando a Prova Ciclística 9 de Julho","O post Antes da 75ª edição, Tá chegando a Prova Ciclística 9 de Julho apareceu primeiro em Gazeta Esportiva.",Gazeta Esportiva,https://www.gazetaesportiva.com/todas-as-noticias/antes-da-75a-edicao-ta-chegando-a-prova-ciclistica-9-de-julho/,https://static.gazetaesportiva.com/uploads/2026/07/WhatsApp-Image-2026-07-01-at-18.48.10.webp
2026-07-02T01:31:35.787Z,2026-07-01T20:57:16.000Z,França recupera liderança do ranking da Fifa; Brasil sobe para quinto,A França voltou ao topo do ranking de seleções da Fifa após a vitória sobre a Suécia e a classificação às oitavas de final da Copa do Mundo. A equipe de Didier Deschamps ultrapasso...,Gazeta Esportiva,https://www.gazetaesportiva.com/campeonatos/copa-do-mundo/franca-recupera-lideranca-do-ranking-da-fifa-brasil-sobe-para-quinto/,https://static.gazetaesportiva.com/uploads/2026/07/AFP__20260630__B8UZ97Y__v1__HighRes__FblWc2026Match77FraSwe.webp
2026-07-02T01:31:35.787Z,2026-07-01T20:56:01.000Z,Bélgica x Senegal: veja fotos do duelo pelos 16 avos da Copa,O post Bélgica x Senegal: veja fotos do duelo pelos 16 avos da Copa apareceu primeiro em Gazeta Esportiva.,Gazeta Esportiva,https://www.gazetaesportiva.com/campeonatos/copa-do-mundo/belgica-x-senegal-veja-fotos-do-duelo-pelos-16-avos-da-copa/,https://static.gazetaesportiva.com/uploads/2026/07/AFP__20260701__2284231361__v1__HighRes__BelgiumVSenegalRoundOf32FifaWorldCup2026.webp
2026-07-02T01:31:35.787Z,2026-07-01T20:22:15.000Z,Kane ressalta &#8216;paciência&#8217; da Inglaterra na vitória sobre RD Congo,"Harry Kane foi o herói da Inglaterra na vitória por 2 a 1 sobre a República Democrática do Congo, marcando os dois gols da virada nos minutos finais e garantindo a classificação às...",Gazeta Esportiva,https://www.gazetaesportiva.com/times/inglaterra/kane-ressalta-paciencia-da-inglaterra-na-vitoria-sobre-rd-congo/,https://static.gazetaesportiva.com/uploads/2026/07/AFP__20260701__B8Y67R3__v1__HighRes__FblWc2026Match80EngCod.webp
2026-07-02T01:31:35.787Z,2026-07-01T19:45:21.000Z,Torcida da Inglaterra vai à loucura com gol da virada de Kane,"Torcedores no sul de Londres comemoraram intensamente quando Harry Kane marcou os dois gols da vitória por 2 a 1 sobre a RD Congo, garantindo a vaga dos Three Lions nas oitavas de ...",Gazeta Esportiva,https://www.gazetaesportiva.com/todas-as-noticias/torcida-da-inglaterra-vai-a-loucura-com-gol-da-virada-de-kane/,https://static.gazetaesportiva.com/uploads/2026/07/Torcida-da-Inglaterra.webp
2026-07-02T01:31:35.787Z,2026-07-01T18:36:50.000Z,Kane ultrapassa Pelé e iguala Fontaine na artilharia histórica da Copa do Mundo,"Harry Kane foi o grande nome da vitória da Inglaterra por 2 a 1 sobre a RD Congo ao marcar os dois gols da virada e alcançar uma marca histórica. Com 13 gols em Copas do Mundo, o a...",Gazeta Esportiva,https://www.gazetaesportiva.com/campeonatos/copa-do-mundo/kane-ultrapassa-pele-e-iguala-fontaine-na-artilharia-historica-da-copa-do-mundo/,https://static.gazetaesportiva.com/uploads/2026/07/AFP__20260701__B8Y64AX__v1__HighRes__FblWc2026Match80EngCod.webp
2026-07-02T01:31:35.787Z,2026-07-01T18:30:58.000Z,Veja fotos do treino do Corinthians nesta quarta-feira,O post Veja fotos do treino do Corinthians nesta quarta-feira apareceu primeiro em Gazeta Esportiva.,Gazeta Esportiva,https://www.gazetaesportiva.com/times/corinthians/veja-fotos-do-treino-do-corinthians-nesta-quarta-feira-10/,https://static.gazetaesportiva.com/uploads/2026/07/245798.webp
2026-07-02T01:31:35.787Z,2026-07-01T17:26:23.000Z,Fuchs comenta &#8216;momento torcedor&#8217; na vitória do Paraguai: &#8216;Frio na barriga&#8217;,"Zagueiro do Verdão falou sobre a vitória dos companheiros na Copa do Mundo sobre a Alemanha nos pênaltis.
O post Fuchs comenta &#8216;momento torcedor&#8217; na vitória do Paraguai...",Gazeta Esportiva,https://www.gazetaesportiva.com/todas-as-noticias/fuchs-comenta-momento-torcedor-na-vitoria-do-paraguai-frio-na-barriga/,https://static.gazetaesportiva.com/uploads/2026/07/bp5oto4v-1920p.webp
2026-07-02T05:56:50.192Z,2026-07-02T00:47:16.000Z,EUA x Bósnia: veja fotos do jogo pela Copa do Mundo,O post EUA x Bósnia: veja fotos do jogo pela Copa do Mundo apareceu primeiro em Gazeta Esportiva.,Gazeta Esportiva,https://www.gazetaesportiva.com/times/estados-unidos/eua-x-bosnia-veja-fotos-do-jogo-pela-copa-do-mundo/,https://static.gazetaesportiva.com/uploads/2026/07/AFP__20260702__2284249529__v1__HighRes__UsaVBosniaAndHerzegovinaRoundOf32FifaWorldCu.webp
2026-07-02T05:56:50.192Z,2026-07-01T23:37:46.000Z,Veja fotos do treino do São Paulo desta quarta-feira,O post Veja fotos do treino do São Paulo desta quarta-feira apareceu primeiro em Gazeta Esportiva.,Gazeta Esportiva,https://www.gazetaesportiva.com/times/sao-paulo/veja-fotos-do-treino-do-sao-paulo-desta-quarta-feira-21/,https://static.gazetaesportiva.com/uploads/2026/07/img_9130-jpg-1229x1536-1.webp
2026-07-02T05:56:50.192Z,2026-07-01T23:28:21.000Z,Palmeiras goleia o Mauaense em jogo-treino; veja os gols,"Confira os gols da vitória do Palmeiras por 6 a 0 em jogo-treino realizado na Academia de Futebol.
O post Palmeiras goleia o Mauaense em jogo-treino; veja os gols apareceu primeiro...",Gazeta Esportiva,https://www.gazetaesportiva.com/todas-as-noticias/palmeiras-goleia-o-mauaense-em-jogo-treino-veja-os-gols/,https://static.gazetaesportiva.com/uploads/2026/07/tgflx90w-1920.webp
2026-07-02T05:56:50.192Z,2026-07-01T23:00:07.000Z,Fortaleza x Ponte Preta: veja onde assistir e prováveis escalações do confronto pelo Brasileirão Série B,"Fortaleza e Ponte Preta se enfrentam nesta quinta-feira, às 21h, no Estádio Governador Plácido Castelo, pela 16ª rodada da Série B. O Fortaleza chega embalado pela vitória sobre o ...",Gazeta Esportiva,https://www.gazetaesportiva.com/campeonatos/brasileiro-serie-b/fortaleza-x-ponte-preta-veja-onde-assistir-e-provaveis-escalacoes-do-confronto-pelo-brasileirao-serie-b/,https://static.gazetaesportiva.com/uploads/2026/07/@viniciussouzafoto-21.webp
2026-07-02T05:56:50.192Z,2026-07-01T21:50:35.000Z,"Antes da 75ª edição, Tá chegando a Prova Ciclística 9 de Julho","O post Antes da 75ª edição, Tá chegando a Prova Ciclística 9 de Julho apareceu primeiro em Gazeta Esportiva.",Gazeta Esportiva,https://www.gazetaesportiva.com/todas-as-noticias/antes-da-75a-edicao-ta-chegando-a-prova-ciclistica-9-de-julho/,https://static.gazetaesportiva.com/uploads/2026/07/WhatsApp-Image-2026-07-01-at-18.48.10.webp
2026-07-02T05:56:50.192Z,2026-07-01T20:57:16.000Z,França recupera liderança do ranking da Fifa; Brasil sobe para quinto,A França voltou ao topo do ranking de seleções da Fifa após a vitória sobre a Suécia e a classificação às oitavas de final da Copa do Mundo. A equipe de Didier Deschamps ultrapasso...,Gazeta Esportiva,https://www.gazetaesportiva.com/campeonatos/copa-do-mundo/franca-recupera-lideranca-do-ranking-da-fifa-brasil-sobe-para-quinto/,https://static.gazetaesportiva.com/uploads/2026/07/AFP__20260630__B8UZ97Y__v1__HighRes__FblWc2026Match77FraSwe.webp
2026-07-02T05:56:50.192Z,2026-07-01T20:56:01.000Z,Bélgica x Senegal: veja fotos do duelo pelos 16 avos da Copa,O post Bélgica x Senegal: veja fotos do duelo pelos 16 avos da Copa apareceu primeiro em Gazeta Esportiva.,Gazeta Esportiva,https://www.gazetaesportiva.com/campeonatos/copa-do-mundo/belgica-x-senegal-veja-fotos-do-duelo-pelos-16-avos-da-copa/,https://static.gazetaesportiva.com/uploads/2026/07/AFP__20260701__2284231361__v1__HighRes__BelgiumVSenegalRoundOf32FifaWorldCup2026.webp
2026-07-02T05:56:50.192Z,2026-07-01T20:22:15.000Z,Kane ressalta &#8216;paciência&#8217; da Inglaterra na vitória sobre RD Congo,"Harry Kane foi o herói da Inglaterra na vitória por 2 a 1 sobre a República Democrática do Congo, marcando os dois gols da virada nos minutos finais e garantindo a classificação às...",Gazeta Esportiva,https://www.gazetaesportiva.com/times/inglaterra/kane-ressalta-paciencia-da-inglaterra-na-vitoria-sobre-rd-congo/,https://static.gazetaesportiva.com/uploads/2026/07/AFP__20260701__B8Y67R3__v1__HighRes__FblWc2026Match80EngCod.webp
2026-07-02T05:56:50.192Z,2026-07-01T19:45:21.000Z,Torcida da Inglaterra vai à loucura com gol da virada de Kane,"Torcedores no sul de Londres comemoraram intensamente quando Harry Kane marcou os dois gols da vitória por 2 a 1 sobre a RD Congo, garantindo a vaga dos Three Lions nas oitavas de ...",Gazeta Esportiva,https://www.gazetaesportiva.com/todas-as-noticias/torcida-da-inglaterra-vai-a-loucura-com-gol-da-virada-de-kane/,https://static.gazetaesportiva.com/uploads/2026/07/Torcida-da-Inglaterra.webp
2026-07-02T05:56:50.192Z,2026-07-01T18:36:50.000Z,Kane ultrapassa Pelé e iguala Fontaine na artilharia histórica da Copa do Mundo,"Harry Kane foi o grande nome da vitória da Inglaterra por 2 a 1 sobre a RD Congo ao marcar os dois gols da virada e alcançar uma marca histórica. Com 13 gols em Copas do Mundo, o a...",Gazeta Esportiva,https://www.gazetaesportiva.com/campeonatos/copa-do-mundo/kane-ultrapassa-pele-e-iguala-fontaine-na-artilharia-historica-da-copa-do-mundo/,https://static.gazetaesportiva.com/uploads/2026/07/AFP__20260701__B8Y64AX__v1__HighRes__FblWc2026Match80EngCod.webp
2026-07-02T05:56:50.192Z,2026-07-01T18:30:58.000Z,Veja fotos do treino do Corinthians nesta quarta-feira,O post Veja fotos do treino do Corinthians nesta quarta-feira apareceu primeiro em Gazeta Esportiva.,Gazeta Esportiva,https://www.gazetaesportiva.com/times/corinthians/veja-fotos-do-treino-do-corinthians-nesta-quarta-feira-10/,https://static.gazetaesportiva.com/uploads/2026/07/245798.webp
2026-07-02T09:15:09.144Z,2026-07-02T00:47:16.000Z,EUA x Bósnia: veja fotos do jogo pela Copa do Mundo,O post EUA x Bósnia: veja fotos do jogo pela Copa do Mundo apareceu primeiro em Gazeta Esportiva.,Gazeta Esportiva,https://www.gazetaesportiva.com/times/estados-unidos/eua-x-bosnia-veja-fotos-do-jogo-pela-copa-do-mundo/,https://static.gazetaesportiva.com/uploads/2026/07/AFP__20260702__2284249529__v1__HighRes__UsaVBosniaAndHerzegovinaRoundOf32FifaWorldCu.webp
2026-07-02T09:15:09.144Z,2026-07-01T23:37:46.000Z,Veja fotos do treino do São Paulo desta quarta-feira,O post Veja fotos do treino do São Paulo desta quarta-feira apareceu primeiro em Gazeta Esportiva.,Gazeta Esportiva,https://www.gazetaesportiva.com/times/sao-paulo/veja-fotos-do-treino-do-sao-paulo-desta-quarta-feira-21/,https://static.gazetaesportiva.com/uploads/2026/07/img_9130-jpg-1229x1536-1.webp
2026-07-02T09:15:09.144Z,2026-07-01T23:28:21.000Z,Palmeiras goleia o Mauaense em jogo-treino; veja os gols,"Confira os gols da vitória do Palmeiras por 6 a 0 em jogo-treino realizado na Academia de Futebol.
O post Palmeiras goleia o Mauaense em jogo-treino; veja os gols apareceu primeiro...",Gazeta Esportiva,https://www.gazetaesportiva.com/todas-as-noticias/palmeiras-goleia-o-mauaense-em-jogo-treino-veja-os-gols/,https://static.gazetaesportiva.com/uploads/2026/07/tgflx90w-1920.webp
2026-07-02T09:15:09.144Z,2026-07-01T23:00:07.000Z,Fortaleza x Ponte Preta: veja onde assistir e prováveis escalações do confronto pelo Brasileirão Série B,"Fortaleza e Ponte Preta se enfrentam nesta quinta-feira, às 21h, no Estádio Governador Plácido Castelo, pela 16ª rodada da Série B. O Fortaleza chega embalado pela vitória sobre o ...",Gazeta Esportiva,https://www.gazetaesportiva.com/campeonatos/brasileiro-serie-b/fortaleza-x-ponte-preta-veja-onde-assistir-e-provaveis-escalacoes-do-confronto-pelo-brasileirao-serie-b/,https://static.gazetaesportiva.com/uploads/2026/07/@viniciussouzafoto-21.webp
2026-07-02T09:15:09.144Z,2026-07-01T21:50:35.000Z,"Antes da 75ª edição, Tá chegando a Prova Ciclística 9 de Julho","O post Antes da 75ª edição, Tá chegando a Prova Ciclística 9 de Julho apareceu primeiro em Gazeta Esportiva.",Gazeta Esportiva,https://www.gazetaesportiva.com/todas-as-noticias/antes-da-75a-edicao-ta-chegando-a-prova-ciclistica-9-de-julho/,https://static.gazetaesportiva.com/uploads/2026/07/WhatsApp-Image-2026-07-01-at-18.48.10.webp
2026-07-02T09:15:09.144Z,2026-07-01T20:57:16.000Z,França recupera liderança do ranking da Fifa; Brasil sobe para quinto,A França voltou ao topo do ranking de seleções da Fifa após a vitória sobre a Suécia e a classificação às oitavas de final da Copa do Mundo. A equipe de Didier Deschamps ultrapasso...,Gazeta Esportiva,https://www.gazetaesportiva.com/campeonatos/copa-do-mundo/franca-recupera-lideranca-do-ranking-da-fifa-brasil-sobe-para-quinto/,https://static.gazetaesportiva.com/uploads/2026/07/AFP__20260630__B8UZ97Y__v1__HighRes__FblWc2026Match77FraSwe.webp
2026-07-02T09:15:09.144Z,2026-07-01T20:56:01.000Z,Bélgica x Senegal: veja fotos do duelo pelos 16 avos da Copa,O post Bélgica x Senegal: veja fotos do duelo pelos 16 avos da Copa apareceu primeiro em Gazeta Esportiva.,Gazeta Esportiva,https://www.gazetaesportiva.com/campeonatos/copa-do-mundo/belgica-x-senegal-veja-fotos-do-duelo-pelos-16-avos-da-copa/,https://static.gazetaesportiva.com/uploads/2026/07/AFP__20260701__2284231361__v1__HighRes__BelgiumVSenegalRoundOf32FifaWorldCup2026.webp
2026-07-02T09:15:09.144Z,2026-07-01T20:22:15.000Z,Kane ressalta &#8216;paciência&#8217; da Inglaterra na vitória sobre RD Congo,"Harry Kane foi o herói da Inglaterra na vitória por 2 a 1 sobre a República Democrática do Congo, marcando os dois gols da virada nos minutos finais e garantindo a classificação às...",Gazeta Esportiva,https://www.gazetaesportiva.com/times/inglaterra/kane-ressalta-paciencia-da-inglaterra-na-vitoria-sobre-rd-congo/,https://static.gazetaesportiva.com/uploads/2026/07/AFP__20260701__B8Y67R3__v1__HighRes__FblWc2026Match80EngCod.webp
2026-07-02T09:15:09.144Z,2026-07-01T19:45:21.000Z,Torcida da Inglaterra vai à loucura com gol da virada de Kane,"Torcedores no sul de Londres comemoraram intensamente quando Harry Kane marcou os dois gols da vitória por 2 a 1 sobre a RD Congo, garantindo a vaga dos Three Lions nas oitavas de ...",Gazeta Esportiva,https://www.gazetaesportiva.com/todas-as-noticias/torcida-da-inglaterra-vai-a-loucura-com-gol-da-virada-de-kane/,https://static.gazetaesportiva.com/uploads/2026/07/Torcida-da-Inglaterra.webp
2026-07-02T09:15:09.144Z,2026-07-01T18:36:50.000Z,Kane ultrapassa Pelé e iguala Fontaine na artilharia histórica da Copa do Mundo,"Harry Kane foi o grande nome da vitória da Inglaterra por 2 a 1 sobre a RD Congo ao marcar os dois gols da virada e alcançar uma marca histórica. Com 13 gols em Copas do Mundo, o a...",Gazeta Esportiva,https://www.gazetaesportiva.com/campeonatos/copa-do-mundo/kane-ultrapassa-pele-e-iguala-fontaine-na-artilharia-historica-da-copa-do-mundo/,https://static.gazetaesportiva.com/uploads/2026/07/AFP__20260701__B8Y64AX__v1__HighRes__FblWc2026Match80EngCod.webp
2026-07-02T09:15:09.144Z,2026-07-01T18:30:58.000Z,Veja fotos do treino do Corinthians nesta quarta-feira,O post Veja fotos do treino do Corinthians nesta quarta-feira apareceu primeiro em Gazeta Esportiva.,Gazeta Esportiva,https://www.gazetaesportiva.com/times/corinthians/veja-fotos-do-treino-do-corinthians-nesta-quarta-feira-10/,https://static.gazetaesportiva.com/uploads/2026/07/245798.webp
2026-07-02T11:51:49.122Z,2026-07-02T10:00:00.000Z,"Técnico da Coreia do Sul é criticado por presidente, ameaçado e até barrado em lojas","A Coreia do Sul foi eliminada da Copa do Mundo de 2026 após perder os dois últimos jogos da fase de grupos, depois de estrear com uma vitória de virada sobre a Tchéquia. A queda ge...",Gazeta Esportiva,https://www.gazetaesportiva.com/times/coreia-do-sul/tecnico-da-coreia-do-sul-e-criticado-por-presidente-ameacado-e-ate-barrado-em-lojas/,https://static.gazetaesportiva.com/uploads/2026/07/AFP__20260629__B8PV3TX__v2__HighRes__SkoreaFblWc2026.webp
2026-07-02T11:51:49.122Z,2026-07-02T00:47:16.000Z,EUA x Bósnia: veja fotos do jogo pela Copa do Mundo,O post EUA x Bósnia: veja fotos do jogo pela Copa do Mundo apareceu primeiro em Gazeta Esportiva.,Gazeta Esportiva,https://www.gazetaesportiva.com/times/estados-unidos/eua-x-bosnia-veja-fotos-do-jogo-pela-copa-do-mundo/,https://static.gazetaesportiva.com/uploads/2026/07/AFP__20260702__2284249529__v1__HighRes__UsaVBosniaAndHerzegovinaRoundOf32FifaWorldCu.webp
2026-07-02T11:51:49.122Z,2026-07-01T23:37:46.000Z,Veja fotos do treino do São Paulo desta quarta-feira,O post Veja fotos do treino do São Paulo desta quarta-feira apareceu primeiro em Gazeta Esportiva.,Gazeta Esportiva,https://www.gazetaesportiva.com/times/sao-paulo/veja-fotos-do-treino-do-sao-paulo-desta-quarta-feira-21/,https://static.gazetaesportiva.com/uploads/2026/07/img_9130-jpg-1229x1536-1.webp
2026-07-02T11:51:49.122Z,2026-07-01T23:28:21.000Z,Palmeiras goleia o Mauaense em jogo-treino; veja os gols,"Confira os gols da vitória do Palmeiras por 6 a 0 em jogo-treino realizado na Academia de Futebol.
O post Palmeiras goleia o Mauaense em jogo-treino; veja os gols apareceu primeiro...",Gazeta Esportiva,https://www.gazetaesportiva.com/todas-as-noticias/palmeiras-goleia-o-mauaense-em-jogo-treino-veja-os-gols/,https://static.gazetaesportiva.com/uploads/2026/07/tgflx90w-1920.webp
2026-07-02T11:51:49.122Z,2026-07-01T23:00:07.000Z,Fortaleza x Ponte Preta: veja onde assistir e prováveis escalações do confronto pelo Brasileirão Série B,"Fortaleza e Ponte Preta se enfrentam nesta quinta-feira, às 21h, no Estádio Governador Plácido Castelo, pela 16ª rodada da Série B. O Fortaleza chega embalado pela vitória sobre o ...",Gazeta Esportiva,https://www.gazetaesportiva.com/campeonatos/brasileiro-serie-b/fortaleza-x-ponte-preta-veja-onde-assistir-e-provaveis-escalacoes-do-confronto-pelo-brasileirao-serie-b/,https://static.gazetaesportiva.com/uploads/2026/07/@viniciussouzafoto-21.webp
2026-07-02T11:51:49.122Z,2026-07-01T21:50:35.000Z,"Antes da 75ª edição, Tá chegando a Prova Ciclística 9 de Julho","O post Antes da 75ª edição, Tá chegando a Prova Ciclística 9 de Julho apareceu primeiro em Gazeta Esportiva.",Gazeta Esportiva,https://www.gazetaesportiva.com/todas-as-noticias/antes-da-75a-edicao-ta-chegando-a-prova-ciclistica-9-de-julho/,https://static.gazetaesportiva.com/uploads/2026/07/WhatsApp-Image-2026-07-01-at-18.48.10.webp
2026-07-02T11:51:49.122Z,2026-07-01T20:57:16.000Z,França recupera liderança do ranking da Fifa; Brasil sobe para quinto,A França voltou ao topo do ranking de seleções da Fifa após a vitória sobre a Suécia e a classificação às oitavas de final da Copa do Mundo. A equipe de Didier Deschamps ultrapasso...,Gazeta Esportiva,https://www.gazetaesportiva.com/campeonatos/copa-do-mundo/franca-recupera-lideranca-do-ranking-da-fifa-brasil-sobe-para-quinto/,https://static.gazetaesportiva.com/uploads/2026/07/AFP__20260630__B8UZ97Y__v1__HighRes__FblWc2026Match77FraSwe.webp
2026-07-02T11:51:49.122Z,2026-07-01T20:56:01.000Z,Bélgica x Senegal: veja fotos do duelo pelos 16 avos da Copa,O post Bélgica x Senegal: veja fotos do duelo pelos 16 avos da Copa apareceu primeiro em Gazeta Esportiva.,Gazeta Esportiva,https://www.gazetaesportiva.com/campeonatos/copa-do-mundo/belgica-x-senegal-veja-fotos-do-duelo-pelos-16-avos-da-copa/,https://static.gazetaesportiva.com/uploads/2026/07/AFP__20260701__2284231361__v1__HighRes__BelgiumVSenegalRoundOf32FifaWorldCup2026.webp
2026-07-02T11:51:49.122Z,2026-07-01T20:22:15.000Z,Kane ressalta &#8216;paciência&#8217; da Inglaterra na vitória sobre RD Congo,"Harry Kane foi o herói da Inglaterra na vitória por 2 a 1 sobre a República Democrática do Congo, marcando os dois gols da virada nos minutos finais e garantindo a classificação às...",Gazeta Esportiva,https://www.gazetaesportiva.com/times/inglaterra/kane-ressalta-paciencia-da-inglaterra-na-vitoria-sobre-rd-congo/,https://static.gazetaesportiva.com/uploads/2026/07/AFP__20260701__B8Y67R3__v1__HighRes__FblWc2026Match80EngCod.webp
2026-07-02T11:51:49.122Z,2026-07-01T19:45:21.000Z,Torcida da Inglaterra vai à loucura com gol da virada de Kane,"Torcedores no sul de Londres comemoraram intensamente quando Harry Kane marcou os dois gols da vitória por 2 a 1 sobre a RD Congo, garantindo a vaga dos Three Lions nas oitavas de ...",Gazeta Esportiva,https://www.gazetaesportiva.com/todas-as-noticias/torcida-da-inglaterra-vai-a-loucura-com-gol-da-virada-de-kane/,https://static.gazetaesportiva.com/uploads/2026/07/Torcida-da-Inglaterra.webp
2026-07-02T13:52:43.534Z,2026-07-02T10:00:00.000Z,"Técnico da Coreia do Sul é criticado por presidente, ameaçado e até barrado em lojas","A Coreia do Sul foi eliminada da Copa do Mundo de 2026 após perder os dois últimos jogos da fase de grupos, depois de estrear com uma vitória de virada sobre a Tchéquia. A queda ge...",Gazeta Esportiva,https://www.gazetaesportiva.com/times/coreia-do-sul/tecnico-da-coreia-do-sul-e-criticado-por-presidente-ameacado-e-ate-barrado-em-lojas/,https://static.gazetaesportiva.com/uploads/2026/07/AFP__20260629__B8PV3TX__v2__HighRes__SkoreaFblWc2026.webp
2026-07-02T13:52:43.534Z,2026-07-02T00:47:16.000Z,EUA x Bósnia: veja fotos do jogo pela Copa do Mundo,O post EUA x Bósnia: veja fotos do jogo pela Copa do Mundo apareceu primeiro em Gazeta Esportiva.,Gazeta Esportiva,https://www.gazetaesportiva.com/times/estados-unidos/eua-x-bosnia-veja-fotos-do-jogo-pela-copa-do-mundo/,https://static.gazetaesportiva.com/uploads/2026/07/AFP__20260702__2284249529__v1__HighRes__UsaVBosniaAndHerzegovinaRoundOf32FifaWorldCu.webp
2026-07-02T13:52:43.534Z,2026-07-01T23:37:46.000Z,Veja fotos do treino do São Paulo desta quarta-feira,O post Veja fotos do treino do São Paulo desta quarta-feira apareceu primeiro em Gazeta Esportiva.,Gazeta Esportiva,https://www.gazetaesportiva.com/times/sao-paulo/veja-fotos-do-treino-do-sao-paulo-desta-quarta-feira-21/,https://static.gazetaesportiva.com/uploads/2026/07/img_9130-jpg-1229x1536-1.webp
2026-07-02T13:52:43.534Z,2026-07-01T23:28:21.000Z,Palmeiras goleia o Mauaense em jogo-treino; veja os gols,"Confira os gols da vitória do Palmeiras por 6 a 0 em jogo-treino realizado na Academia de Futebol.
O post Palmeiras goleia o Mauaense em jogo-treino; veja os gols apareceu primeiro...",Gazeta Esportiva,https://www.gazetaesportiva.com/todas-as-noticias/palmeiras-goleia-o-mauaense-em-jogo-treino-veja-os-gols/,https://static.gazetaesportiva.com/uploads/2026/07/tgflx90w-1920.webp
2026-07-02T13:52:43.534Z,2026-07-01T23:00:07.000Z,Fortaleza x Ponte Preta: veja onde assistir e prováveis escalações do confronto pelo Brasileirão Série B,"Fortaleza e Ponte Preta se enfrentam nesta quinta-feira, às 21h, no Estádio Governador Plácido Castelo, pela 16ª rodada da Série B. O Fortaleza chega embalado pela vitória sobre o ...",Gazeta Esportiva,https://www.gazetaesportiva.com/campeonatos/brasileiro-serie-b/fortaleza-x-ponte-preta-veja-onde-assistir-e-provaveis-escalacoes-do-confronto-pelo-brasileirao-serie-b/,https://static.gazetaesportiva.com/uploads/2026/07/@viniciussouzafoto-21.webp
2026-07-02T13:52:43.534Z,2026-07-01T21:50:35.000Z,"Antes da 75ª edição, Tá chegando a Prova Ciclística 9 de Julho","O post Antes da 75ª edição, Tá chegando a Prova Ciclística 9 de Julho apareceu primeiro em Gazeta Esportiva.",Gazeta Esportiva,https://www.gazetaesportiva.com/todas-as-noticias/antes-da-75a-edicao-ta-chegando-a-prova-ciclistica-9-de-julho/,https://static.gazetaesportiva.com/uploads/2026/07/WhatsApp-Image-2026-07-01-at-18.48.10.webp
2026-07-02T13:52:43.534Z,2026-07-01T20:57:16.000Z,França recupera liderança do ranking da Fifa; Brasil sobe para quinto,A França voltou ao topo do ranking de seleções da Fifa após a vitória sobre a Suécia e a classificação às oitavas de final da Copa do Mundo. A equipe de Didier Deschamps ultrapasso...,Gazeta Esportiva,https://www.gazetaesportiva.com/campeonatos/copa-do-mundo/franca-recupera-lideranca-do-ranking-da-fifa-brasil-sobe-para-quinto/,https://static.gazetaesportiva.com/uploads/2026/07/AFP__20260630__B8UZ97Y__v1__HighRes__FblWc2026Match77FraSwe.webp
2026-07-02T13:52:43.534Z,2026-07-01T20:56:01.000Z,Bélgica x Senegal: veja fotos do duelo pelos 16 avos da Copa,O post Bélgica x Senegal: veja fotos do duelo pelos 16 avos da Copa apareceu primeiro em Gazeta Esportiva.,Gazeta Esportiva,https://www.gazetaesportiva.com/campeonatos/copa-do-mundo/belgica-x-senegal-veja-fotos-do-duelo-pelos-16-avos-da-copa/,https://static.gazetaesportiva.com/uploads/2026/07/AFP__20260701__2284231361__v1__HighRes__BelgiumVSenegalRoundOf32FifaWorldCup2026.webp
2026-07-02T13:52:43.534Z,2026-07-01T20:22:15.000Z,Kane ressalta &#8216;paciência&#8217; da Inglaterra na vitória sobre RD Congo,"Harry Kane foi o herói da Inglaterra na vitória por 2 a 1 sobre a República Democrática do Congo, marcando os dois gols da virada nos minutos finais e garantindo a classificação às...",Gazeta Esportiva,https://www.gazetaesportiva.com/times/inglaterra/kane-ressalta-paciencia-da-inglaterra-na-vitoria-sobre-rd-congo/,https://static.gazetaesportiva.com/uploads/2026/07/AFP__20260701__B8Y67R3__v1__HighRes__FblWc2026Match80EngCod.webp
2026-07-02T16:04:02.819Z,2026-07-02T16:03:25.000Z,Veja fotos do treino do Brasil com titulares nesta quinta-feira,"Veja fotos do treino do Brasil com titulares nesta quinta-feira.
O post Veja fotos do treino do Brasil com titulares nesta quinta-feira apareceu primeiro em Gazeta Esportiva.",Gazeta Esportiva,https://www.gazetaesportiva.com/times/brasil/veja-fotos-do-treino-do-brasil-com-titulares-nesta-quinta-feira/,https://static.gazetaesportiva.com/uploads/2026/07/AFP__20260702__B93F3NQ__v1__MidRes__FblWc2026TrainingBra.webp
2026-07-02T16:04:02.819Z,2026-07-02T10:00:00.000Z,"Técnico da Coreia do Sul é criticado por presidente, ameaçado e até barrado em lojas","A Coreia do Sul foi eliminada da Copa do Mundo de 2026 após perder os dois últimos jogos da fase de grupos, depois de estrear com uma vitória de virada sobre a Tchéquia. A queda ge...",Gazeta Esportiva,https://www.gazetaesportiva.com/times/coreia-do-sul/tecnico-da-coreia-do-sul-e-criticado-por-presidente-ameacado-e-ate-barrado-em-lojas/,https://static.gazetaesportiva.com/uploads/2026/07/AFP__20260629__B8PV3TX__v2__HighRes__SkoreaFblWc2026.webp
2026-07-02T16:04:02.819Z,2026-07-02T00:47:16.000Z,EUA x Bósnia: veja fotos do jogo pela Copa do Mundo,O post EUA x Bósnia: veja fotos do jogo pela Copa do Mundo apareceu primeiro em Gazeta Esportiva.,Gazeta Esportiva,https://www.gazetaesportiva.com/times/estados-unidos/eua-x-bosnia-veja-fotos-do-jogo-pela-copa-do-mundo/,https://static.gazetaesportiva.com/uploads/2026/07/AFP__20260702__2284249529__v1__HighRes__UsaVBosniaAndHerzegovinaRoundOf32FifaWorldCu.webp
2026-07-02T16:04:02.819Z,2026-07-01T23:37:46.000Z,Veja fotos do treino do São Paulo desta quarta-feira,O post Veja fotos do treino do São Paulo desta quarta-feira apareceu primeiro em Gazeta Esportiva.,Gazeta Esportiva,https://www.gazetaesportiva.com/times/sao-paulo/veja-fotos-do-treino-do-sao-paulo-desta-quarta-feira-21/,https://static.gazetaesportiva.com/uploads/2026/07/img_9130-jpg-1229x1536-1.webp
2026-07-02T16:04:02.819Z,2026-07-01T23:28:21.000Z,Palmeiras goleia o Mauaense em jogo-treino; veja os gols,"Confira os gols da vitória do Palmeiras por 6 a 0 em jogo-treino realizado na Academia de Futebol.
O post Palmeiras goleia o Mauaense em jogo-treino; veja os gols apareceu primeiro...",Gazeta Esportiva,https://www.gazetaesportiva.com/todas-as-noticias/palmeiras-goleia-o-mauaense-em-jogo-treino-veja-os-gols/,https://static.gazetaesportiva.com/uploads/2026/07/tgflx90w-1920.webp
2026-07-02T16:04:02.819Z,2026-07-01T23:00:07.000Z,Fortaleza x Ponte Preta: veja onde assistir e prováveis escalações do confronto pelo Brasileirão Série B,"Fortaleza e Ponte Preta se enfrentam nesta quinta-feira, às 21h, no Estádio Governador Plácido Castelo, pela 16ª rodada da Série B. O Fortaleza chega embalado pela vitória sobre o ...",Gazeta Esportiva,https://www.gazetaesportiva.com/campeonatos/brasileiro-serie-b/fortaleza-x-ponte-preta-veja-onde-assistir-e-provaveis-escalacoes-do-confronto-pelo-brasileirao-serie-b/,https://static.gazetaesportiva.com/uploads/2026/07/@viniciussouzafoto-21.webp
2026-07-02T18:12:27.227Z,2026-07-02T17:53:30.000Z,Zverev avança em Wimbledon após vitória fácil contra Royer,"Alexander Zverev avançou à terceira rodada de Wimbledon ao vencer o francês Valentin Royer em sets diretos. Atual campeão de Roland Garros e número 3 do mundo, o alemão busca conqu...",Gazeta Esportiva,https://www.gazetaesportiva.com/mais-esportes/tenis/zverev-avanca-em-wimbledon-apos-vitoria-facil-contra-royer/,https://static.gazetaesportiva.com/uploads/2026/07/AFP__20260702__B93H98L__v1__HighRes__TennisGbrWimbledon.webp
2026-07-02T18:12:27.227Z,2026-07-02T17:51:04.000Z,"Bahia treina visando amistoso internacional contra o City Torque, do Uruguai","O Bahia deu sequência à preparação para o amistoso contra o City Torque, do Uruguai, em treino realizado na manhã desta quinta-feira, no CT Evaristo de Macedo. A atividade contou c...",Gazeta Esportiva,https://www.gazetaesportiva.com/times/bahia/bahia-treina-visando-amistoso-internacional-contra-o-city-torque-do-uruguai/,https://static.gazetaesportiva.com/uploads/2026/07/bah.webp
2026-07-02T18:12:27.227Z,2026-07-02T16:26:48.000Z,França treina em Boston após vitória sobre a Suécia,"Depois de garantir a vaga nos dezesseis-avos de final contra a Suécia, a seleção francesa voltou ao trabalho com um treino em Boston.
O post França treina em Boston após vitória so...",Gazeta Esportiva,https://www.gazetaesportiva.com/times/franca/franca-treina-em-boston-apos-vitoria-sobre-a-suecia/,https://static.gazetaesportiva.com/uploads/2026/07/ost.webp
2026-07-02T18:12:27.227Z,2026-07-02T16:24:43.000Z,Swiatek se classifica para terceira rodada de Wimbledon,"A polonesa Iga Swiatek, atual campeã de Wimbledon e número 3 do mundo, confirmou o favoritismo ao derrotar a tcheca Karolína Pliskova por 6-1 e 6-3. Com a vitória na segunda rodada...",Gazeta Esportiva,https://www.gazetaesportiva.com/mais-esportes/tenis/iga-swiatek-avanca-terceira-rodada-wimbledon/,https://static.gazetaesportiva.com/uploads/2026/07/AFP__20260702__B92M7FY__v1__HighRes__TennisGbrWimbledon.webp
2026-07-02T18:12:27.227Z,2026-07-02T16:03:25.000Z,Veja fotos do treino do Brasil com titulares nesta quinta-feira,"Veja fotos do treino do Brasil com titulares nesta quinta-feira.
O post Veja fotos do treino do Brasil com titulares nesta quinta-feira apareceu primeiro em Gazeta Esportiva.",Gazeta Esportiva,https://www.gazetaesportiva.com/times/brasil/veja-fotos-do-treino-do-brasil-com-titulares-nesta-quinta-feira/,https://static.gazetaesportiva.com/uploads/2026/07/AFP__20260702__B93F3NQ__v1__MidRes__FblWc2026TrainingBra.webp
2026-07-02T18:12:27.227Z,2026-07-02T10:00:00.000Z,"Técnico da Coreia do Sul é criticado por presidente, ameaçado e até barrado em lojas","A Coreia do Sul foi eliminada da Copa do Mundo de 2026 após perder os dois últimos jogos da fase de grupos, depois de estrear com uma vitória de virada sobre a Tchéquia. A queda ge...",Gazeta Esportiva,https://www.gazetaesportiva.com/times/coreia-do-sul/tecnico-da-coreia-do-sul-e-criticado-por-presidente-ameacado-e-ate-barrado-em-lojas/,https://static.gazetaesportiva.com/uploads/2026/07/AFP__20260629__B8PV3TX__v2__HighRes__SkoreaFblWc2026.webp
2026-07-02T18:12:27.227Z,2026-07-02T00:47:16.000Z,EUA x Bósnia: veja fotos do jogo pela Copa do Mundo,O post EUA x Bósnia: veja fotos do jogo pela Copa do Mundo apareceu primeiro em Gazeta Esportiva.,Gazeta Esportiva,https://www.gazetaesportiva.com/times/estados-unidos/eua-x-bosnia-veja-fotos-do-jogo-pela-copa-do-mundo/,https://static.gazetaesportiva.com/uploads/2026/07/AFP__20260702__2284249529__v1__HighRes__UsaVBosniaAndHerzegovinaRoundOf32FifaWorldCu.webp
2026-07-02T18:12:27.227Z,2026-07-01T23:37:46.000Z,Veja fotos do treino do São Paulo desta quarta-feira,O post Veja fotos do treino do São Paulo desta quarta-feira apareceu primeiro em Gazeta Esportiva.,Gazeta Esportiva,https://www.gazetaesportiva.com/times/sao-paulo/veja-fotos-do-treino-do-sao-paulo-desta-quarta-feira-21/,https://static.gazetaesportiva.com/uploads/2026/07/img_9130-jpg-1229x1536-1.webp
2026-07-02T18:12:27.227Z,2026-07-01T23:28:21.000Z,Palmeiras goleia o Mauaense em jogo-treino; veja os gols,"Confira os gols da vitória do Palmeiras por 6 a 0 em jogo-treino realizado na Academia de Futebol.
O post Palmeiras goleia o Mauaense em jogo-treino; veja os gols apareceu primeiro...",Gazeta Esportiva,https://www.gazetaesportiva.com/todas-as-noticias/palmeiras-goleia-o-mauaense-em-jogo-treino-veja-os-gols/,https://static.gazetaesportiva.com/uploads/2026/07/tgflx90w-1920.webp
2026-07-02T20:01:05.312Z,2026-07-02T19:38:03.000Z,Veja fotos do treino do São Paulo nesta quinta-feira,O post Veja fotos do treino do São Paulo nesta quinta-feira apareceu primeiro em Gazeta Esportiva.,Gazeta Esportiva,https://www.gazetaesportiva.com/times/sao-paulo/veja-fotos-do-treino-do-sao-paulo-nesta-quinta-feira-11/,https://static.gazetaesportiva.com/uploads/2026/07/55370651691_7b18d58603_k-1.webp
2026-07-02T20:01:05.312Z,2026-07-02T19:05:08.000Z,Leonardo Jardim projeta amistosos do Flamengo em Portugal,"Treinador do Mengão fala sobre o que deve fazer e o que espera dos três jogos na Europa contra River Plate, Lausanne-Sport e Benfica.
O post Leonardo Jardim projeta amistosos do Fl...",Gazeta Esportiva,https://www.gazetaesportiva.com/todas-as-noticias/leonardo-jardim-projeta-amistosos-do-flamengo-em-portugal/,https://static.gazetaesportiva.com/uploads/2026/07/Leonardo-Jardim-projeta.webp
2026-07-02T20:01:05.312Z,2026-07-02T18:41:52.000Z,Veja fotos do treino do Corinthians desta quinta-feira,"Veja uma galeria de fotos do treino do Corinthians realizado nesta quinta-feira.
O post Veja fotos do treino do Corinthians desta quinta-feira apareceu primeiro em Gazeta Esportiva...",Gazeta Esportiva,https://www.gazetaesportiva.com/times/corinthians/veja-fotos-do-treino-do-corinthians-desta-quinta-feira-31/,https://static.gazetaesportiva.com/uploads/2026/07/245856.webp
2026-07-02T20:01:05.312Z,2026-07-02T17:53:30.000Z,Zverev avança em Wimbledon após vitória fácil contra Royer,"Alexander Zverev avançou à terceira rodada de Wimbledon ao vencer o francês Valentin Royer em sets diretos. Atual campeão de Roland Garros e número 3 do mundo, o alemão busca conqu...",Gazeta Esportiva,https://www.gazetaesportiva.com/mais-esportes/tenis/zverev-avanca-em-wimbledon-apos-vitoria-facil-contra-royer/,https://static.gazetaesportiva.com/uploads/2026/07/AFP__20260702__B93H98L__v1__HighRes__TennisGbrWimbledon.webp
2026-07-02T20:01:05.312Z,2026-07-02T17:51:04.000Z,"Bahia treina visando amistoso internacional contra o City Torque, do Uruguai","O Bahia deu sequência à preparação para o amistoso contra o City Torque, do Uruguai, em treino realizado na manhã desta quinta-feira, no CT Evaristo de Macedo. A atividade contou c...",Gazeta Esportiva,https://www.gazetaesportiva.com/times/bahia/bahia-treina-visando-amistoso-internacional-contra-o-city-torque-do-uruguai/,https://static.gazetaesportiva.com/uploads/2026/07/bah.webp
2026-07-02T20:01:05.312Z,2026-07-02T16:26:48.000Z,França treina em Boston após vitória sobre a Suécia,"Depois de garantir a vaga nos dezesseis-avos de final contra a Suécia, a seleção francesa voltou ao trabalho com um treino em Boston.
O post França treina em Boston após vitória so...",Gazeta Esportiva,https://www.gazetaesportiva.com/times/franca/franca-treina-em-boston-apos-vitoria-sobre-a-suecia/,https://static.gazetaesportiva.com/uploads/2026/07/ost.webp
2026-07-02T20:01:05.312Z,2026-07-02T16:24:43.000Z,Swiatek se classifica para terceira rodada de Wimbledon,"A polonesa Iga Swiatek, atual campeã de Wimbledon e número 3 do mundo, confirmou o favoritismo ao derrotar a tcheca Karolína Pliskova por 6-1 e 6-3. Com a vitória na segunda rodada...",Gazeta Esportiva,https://www.gazetaesportiva.com/mais-esportes/tenis/iga-swiatek-avanca-terceira-rodada-wimbledon/,https://static.gazetaesportiva.com/uploads/2026/07/AFP__20260702__B92M7FY__v1__HighRes__TennisGbrWimbledon.webp
2026-07-02T20:01:05.312Z,2026-07-02T16:03:25.000Z,Veja fotos do treino do Brasil com titulares nesta quinta-feira,"Veja fotos do treino do Brasil com titulares nesta quinta-feira.
O post Veja fotos do treino do Brasil com titulares nesta quinta-feira apareceu primeiro em Gazeta Esportiva.",Gazeta Esportiva,https://www.gazetaesportiva.com/times/brasil/veja-fotos-do-treino-do-brasil-com-titulares-nesta-quinta-feira/,https://static.gazetaesportiva.com/uploads/2026/07/AFP__20260702__B93F3NQ__v1__MidRes__FblWc2026TrainingBra.webp
2026-07-02T21:42:57.986Z,2026-07-02T21:34:16.000Z,Veja fotos do treino do Santos no CT Rei Pelé desta quinta-feira,"Veja fotos do treino do Santos no CT Rei Pelé desta quinta-feira
O post Veja fotos do treino do Santos no CT Rei Pelé desta quinta-feira apareceu primeiro em Gazeta Esportiva.",Gazeta Esportiva,https://www.gazetaesportiva.com/times/santos/veja-fotos-do-treino-do-santos-no-ct-rei-pele-desta-quinta-feira/,https://static.gazetaesportiva.com/uploads/2026/07/55370580464_cf51c488a9_c.webp
2026-07-02T21:42:57.986Z,2026-07-02T19:38:03.000Z,Veja fotos do treino do São Paulo nesta quinta-feira,O post Veja fotos do treino do São Paulo nesta quinta-feira apareceu primeiro em Gazeta Esportiva.,Gazeta Esportiva,https://www.gazetaesportiva.com/times/sao-paulo/veja-fotos-do-treino-do-sao-paulo-nesta-quinta-feira-11/,https://static.gazetaesportiva.com/uploads/2026/07/55370651691_7b18d58603_k-1.webp
2026-07-02T21:42:57.986Z,2026-07-02T19:05:08.000Z,Leonardo Jardim projeta amistosos do Flamengo em Portugal,"Treinador do Mengão fala sobre o que deve fazer e o que espera dos três jogos na Europa contra River Plate, Lausanne-Sport e Benfica.
O post Leonardo Jardim projeta amistosos do Fl...",Gazeta Esportiva,https://www.gazetaesportiva.com/todas-as-noticias/leonardo-jardim-projeta-amistosos-do-flamengo-em-portugal/,https://static.gazetaesportiva.com/uploads/2026/07/Leonardo-Jardim-projeta.webp
2026-07-02T21:42:57.986Z,2026-07-02T18:41:52.000Z,Veja fotos do treino do Corinthians desta quinta-feira,"Veja uma galeria de fotos do treino do Corinthians realizado nesta quinta-feira.
O post Veja fotos do treino do Corinthians desta quinta-feira apareceu primeiro em Gazeta Esportiva...",Gazeta Esportiva,https://www.gazetaesportiva.com/times/corinthians/veja-fotos-do-treino-do-corinthians-desta-quinta-feira-31/,https://static.gazetaesportiva.com/uploads/2026/07/245856.webp
2026-07-02T21:42:57.986Z,2026-07-02T17:53:30.000Z,Zverev avança em Wimbledon após vitória fácil contra Royer,"Alexander Zverev avançou à terceira rodada de Wimbledon ao vencer o francês Valentin Royer em sets diretos. Atual campeão de Roland Garros e número 3 do mundo, o alemão busca conqu...",Gazeta Esportiva,https://www.gazetaesportiva.com/mais-esportes/tenis/zverev-avanca-em-wimbledon-apos-vitoria-facil-contra-royer/,https://static.gazetaesportiva.com/uploads/2026/07/AFP__20260702__B93H98L__v1__HighRes__TennisGbrWimbledon.webp
2026-07-02T21:42:57.986Z,2026-07-02T17:51:04.000Z,"Bahia treina visando amistoso internacional contra o City Torque, do Uruguai","O Bahia deu sequência à preparação para o amistoso contra o City Torque, do Uruguai, em treino realizado na manhã desta quinta-feira, no CT Evaristo de Macedo. A atividade contou c...",Gazeta Esportiva,https://www.gazetaesportiva.com/times/bahia/bahia-treina-visando-amistoso-internacional-contra-o-city-torque-do-uruguai/,https://static.gazetaesportiva.com/uploads/2026/07/bah.webp
2026-07-02T21:42:57.986Z,2026-07-02T16:26:48.000Z,França treina em Boston após vitória sobre a Suécia,"Depois de garantir a vaga nos dezesseis-avos de final contra a Suécia, a seleção francesa voltou ao trabalho com um treino em Boston.
O post França treina em Boston após vitória so...",Gazeta Esportiva,https://www.gazetaesportiva.com/times/franca/franca-treina-em-boston-apos-vitoria-sobre-a-suecia/,https://static.gazetaesportiva.com/uploads/2026/07/ost.webp
2026-07-02T21:42:57.986Z,2026-07-02T16:24:43.000Z,Swiatek se classifica para terceira rodada de Wimbledon,"A polonesa Iga Swiatek, atual campeã de Wimbledon e número 3 do mundo, confirmou o favoritismo ao derrotar a tcheca Karolína Pliskova por 6-1 e 6-3. Com a vitória na segunda rodada...",Gazeta Esportiva,https://www.gazetaesportiva.com/mais-esportes/tenis/iga-swiatek-avanca-terceira-rodada-wimbledon/,https://static.gazetaesportiva.com/uploads/2026/07/AFP__20260702__B92M7FY__v1__HighRes__TennisGbrWimbledon.webp
2026-07-02T21:42:57.986Z,2026-07-02T16:03:25.000Z,Veja fotos do treino do Brasil com titulares nesta quinta-feira,"Veja fotos do treino do Brasil com titulares nesta quinta-feira.
O post Veja fotos do treino do Brasil com titulares nesta quinta-feira apareceu primeiro em Gazeta Esportiva.",Gazeta Esportiva,https://www.gazetaesportiva.com/times/brasil/veja-fotos-do-treino-do-brasil-com-titulares-nesta-quinta-feira/,https://static.gazetaesportiva.com/uploads/2026/07/AFP__20260702__B93F3NQ__v1__MidRes__FblWc2026TrainingBra.webp
2026-07-02T23:02:27.763Z,2026-07-02T23:00:29.000Z,João Fonseca em Wimbledon: veja onde assistir à partida pela terceira rodada,"João Fonseca enfrenta o russo Roman Safiulin nesta sexta-feira, às 7h (de Brasília), pela terceira rodada de Wimbledon. O brasileiro chega embalado após duas vitórias por 3 sets a ...",Gazeta Esportiva,https://www.gazetaesportiva.com/mais-esportes/tenis/joao-fonseca-em-wimbledon-veja-onde-assistir-a-partida-pela-terceira-rodada-do-grand-slam/,https://static.gazetaesportiva.com/uploads/2026/07/AFP__20260629__B8NB9TU__v1__HighRes__TennisGbrWimbledon.webp
2026-07-02T23:02:27.763Z,2026-07-02T22:08:41.000Z,"Antes da 75ª edição, Saiba como os Atletas preparam para Prova Ciclística 9 de Julho","O post Antes da 75ª edição, Saiba como os Atletas preparam para Prova Ciclística 9 de Julho apareceu primeiro em Gazeta Esportiva.",Gazeta Esportiva,https://www.gazetaesportiva.com/videos/antes-da-75a-edicao-saiba-como-os-atletas-preparam-para-prova-ciclistica-9-de-julho/,https://static.gazetaesportiva.com/uploads/2026/07/WhatsApp-Image-2026-07-02-at-19.05.17.webp
2026-07-02T23:02:27.763Z,2026-07-02T21:34:16.000Z,Veja fotos do treino do Santos no CT Rei Pelé desta quinta-feira,"Veja fotos do treino do Santos no CT Rei Pelé desta quinta-feira
O post Veja fotos do treino do Santos no CT Rei Pelé desta quinta-feira apareceu primeiro em Gazeta Esportiva.",Gazeta Esportiva,https://www.gazetaesportiva.com/times/santos/veja-fotos-do-treino-do-santos-no-ct-rei-pele-desta-quinta-feira/,https://static.gazetaesportiva.com/uploads/2026/07/55370580464_cf51c488a9_c.webp
2026-07-02T23:02:27.763Z,2026-07-02T19:38:03.000Z,Veja fotos do treino do São Paulo nesta quinta-feira,O post Veja fotos do treino do São Paulo nesta quinta-feira apareceu primeiro em Gazeta Esportiva.,Gazeta Esportiva,https://www.gazetaesportiva.com/times/sao-paulo/veja-fotos-do-treino-do-sao-paulo-nesta-quinta-feira-11/,https://static.gazetaesportiva.com/uploads/2026/07/55370651691_7b18d58603_k-1.webp
2026-07-02T23:02:27.763Z,2026-07-02T19:05:08.000Z,Leonardo Jardim projeta amistosos do Flamengo em Portugal,"Treinador do Mengão fala sobre o que deve fazer e o que espera dos três jogos na Europa contra River Plate, Lausanne-Sport e Benfica.
O post Leonardo Jardim projeta amistosos do Fl...",Gazeta Esportiva,https://www.gazetaesportiva.com/todas-as-noticias/leonardo-jardim-projeta-amistosos-do-flamengo-em-portugal/,https://static.gazetaesportiva.com/uploads/2026/07/Leonardo-Jardim-projeta.webp
2026-07-02T23:02:27.763Z,2026-07-02T18:41:52.000Z,Veja fotos do treino do Corinthians desta quinta-feira,"Veja uma galeria de fotos do treino do Corinthians realizado nesta quinta-feira.
O post Veja fotos do treino do Corinthians desta quinta-feira apareceu primeiro em Gazeta Esportiva...",Gazeta Esportiva,https://www.gazetaesportiva.com/times/corinthians/veja-fotos-do-treino-do-corinthians-desta-quinta-feira-31/,https://static.gazetaesportiva.com/uploads/2026/07/245856.webp
2026-07-02T23:02:27.763Z,2026-07-02T17:53:30.000Z,Zverev avança em Wimbledon após vitória fácil contra Royer,"Alexander Zverev avançou à terceira rodada de Wimbledon ao vencer o francês Valentin Royer em sets diretos. Atual campeão de Roland Garros e número 3 do mundo, o alemão busca conqu...",Gazeta Esportiva,https://www.gazetaesportiva.com/mais-esportes/tenis/zverev-avanca-em-wimbledon-apos-vitoria-facil-contra-royer/,https://static.gazetaesportiva.com/uploads/2026/07/AFP__20260702__B93H98L__v1__HighRes__TennisGbrWimbledon.webp
2026-07-02T23:02:27.763Z,2026-07-02T17:51:04.000Z,"Bahia treina visando amistoso internacional contra o City Torque, do Uruguai","O Bahia deu sequência à preparação para o amistoso contra o City Torque, do Uruguai, em treino realizado na manhã desta quinta-feira, no CT Evaristo de Macedo. A atividade contou c...",Gazeta Esportiva,https://www.gazetaesportiva.com/times/bahia/bahia-treina-visando-amistoso-internacional-contra-o-city-torque-do-uruguai/,https://static.gazetaesportiva.com/uploads/2026/07/bah.webp
2026-07-02T23:02:27.763Z,2026-07-02T16:26:48.000Z,França treina em Boston após vitória sobre a Suécia,"Depois de garantir a vaga nos dezesseis-avos de final contra a Suécia, a seleção francesa voltou ao trabalho com um treino em Boston.
O post França treina em Boston após vitória so...",Gazeta Esportiva,https://www.gazetaesportiva.com/times/franca/franca-treina-em-boston-apos-vitoria-sobre-a-suecia/,https://static.gazetaesportiva.com/uploads/2026/07/ost.webp
2026-07-02T23:02:27.763Z,2026-07-02T16:24:43.000Z,Swiatek se classifica para terceira rodada de Wimbledon,"A polonesa Iga Swiatek, atual campeã de Wimbledon e número 3 do mundo, confirmou o favoritismo ao derrotar a tcheca Karolína Pliskova por 6-1 e 6-3. Com a vitória na segunda rodada...",Gazeta Esportiva,https://www.gazetaesportiva.com/mais-esportes/tenis/iga-swiatek-avanca-terceira-rodada-wimbledon/,https://static.gazetaesportiva.com/uploads/2026/07/AFP__20260702__B92M7FY__v1__HighRes__TennisGbrWimbledon.webp
2026-07-02T23:02:27.763Z,2026-07-02T16:03:25.000Z,Veja fotos do treino do Brasil com titulares nesta quinta-feira,"Veja fotos do treino do Brasil com titulares nesta quinta-feira.
O post Veja fotos do treino do Brasil com titulares nesta quinta-feira apareceu primeiro em Gazeta Esportiva.",Gazeta Esportiva,https://www.gazetaesportiva.com/times/brasil/veja-fotos-do-treino-do-brasil-com-titulares-nesta-quinta-feira/,https://static.gazetaesportiva.com/uploads/2026/07/AFP__20260702__B93F3NQ__v1__MidRes__FblWc2026TrainingBra.webp
2026-07-03T01:08:49.400Z,2026-07-03T01:05:12.000Z,Confira as fotos de Cuiabá x América-MG pela Série B,O post Confira as fotos de Cuiabá x América-MG pela Série B apareceu primeiro em Gazeta Esportiva.,Gazeta Esportiva,https://www.gazetaesportiva.com/campeonatos/brasileiro-serie-b/confira-as-fotos-de-cuiaba-x-america-mg-pela-serie-b/,https://static.gazetaesportiva.com/uploads/2026/07/55370173322_77f4fc6963_b.webp
2026-07-03T01:08:49.400Z,2026-07-02T23:38:30.000Z,Portugal x Croácia: veja fotos do duelo pelos 16 avos da Copa do Mundo,O post Portugal x Croácia: veja fotos do duelo pelos 16 avos da Copa do Mundo apareceu primeiro em Gazeta Esportiva.,Gazeta Esportiva,https://www.gazetaesportiva.com/campeonatos/copa-do-mundo/portugal-x-croacia-veja-fotos-do-duelo-pelos-16-avos-da-copa-do-mundo/,https://static.gazetaesportiva.com/uploads/2026/07/AFP__20260702__2284395706__v1__HighRes__PortugalVCroatiaRoundOf32FifaWorldCup2026.webp
2026-07-03T01:08:49.400Z,2026-07-02T23:00:29.000Z,João Fonseca em Wimbledon: veja onde assistir à partida pela terceira rodada,"João Fonseca enfrenta o russo Roman Safiulin nesta sexta-feira, às 7h (de Brasília), pela terceira rodada de Wimbledon. O brasileiro chega embalado após duas vitórias por 3 sets a ...",Gazeta Esportiva,https://www.gazetaesportiva.com/mais-esportes/tenis/joao-fonseca-em-wimbledon-veja-onde-assistir-a-partida-pela-terceira-rodada-do-grand-slam/,https://static.gazetaesportiva.com/uploads/2026/07/AFP__20260629__B8NB9TU__v1__HighRes__TennisGbrWimbledon.webp
2026-07-03T01:08:49.400Z,2026-07-02T22:08:41.000Z,"Antes da 75ª edição, Saiba como os Atletas preparam para Prova Ciclística 9 de Julho","O post Antes da 75ª edição, Saiba como os Atletas preparam para Prova Ciclística 9 de Julho apareceu primeiro em Gazeta Esportiva.",Gazeta Esportiva,https://www.gazetaesportiva.com/videos/antes-da-75a-edicao-saiba-como-os-atletas-preparam-para-prova-ciclistica-9-de-julho/,https://static.gazetaesportiva.com/uploads/2026/07/WhatsApp-Image-2026-07-02-at-19.05.17.webp
2026-07-03T01:08:49.400Z,2026-07-02T21:34:16.000Z,Veja fotos do treino do Santos no CT Rei Pelé desta quinta-feira,"Veja fotos do treino do Santos no CT Rei Pelé desta quinta-feira
O post Veja fotos do treino do Santos no CT Rei Pelé desta quinta-feira apareceu primeiro em Gazeta Esportiva.",Gazeta Esportiva,https://www.gazetaesportiva.com/times/santos/veja-fotos-do-treino-do-santos-no-ct-rei-pele-desta-quinta-feira/,https://static.gazetaesportiva.com/uploads/2026/07/55370580464_cf51c488a9_c.webp
2026-07-03T01:08:49.400Z,2026-07-02T19:38:03.000Z,Veja fotos do treino do São Paulo nesta quinta-feira,O post Veja fotos do treino do São Paulo nesta quinta-feira apareceu primeiro em Gazeta Esportiva.,Gazeta Esportiva,https://www.gazetaesportiva.com/times/sao-paulo/veja-fotos-do-treino-do-sao-paulo-nesta-quinta-feira-11/,https://static.gazetaesportiva.com/uploads/2026/07/55370651691_7b18d58603_k-1.webp
2026-07-03T01:08:49.400Z,2026-07-02T19:05:08.000Z,Leonardo Jardim projeta amistosos do Flamengo em Portugal,"Treinador do Mengão fala sobre o que deve fazer e o que espera dos três jogos na Europa contra River Plate, Lausanne-Sport e Benfica.
O post Leonardo Jardim projeta amistosos do Fl...",Gazeta Esportiva,https://www.gazetaesportiva.com/todas-as-noticias/leonardo-jardim-projeta-amistosos-do-flamengo-em-portugal/,https://static.gazetaesportiva.com/uploads/2026/07/Leonardo-Jardim-projeta.webp
2026-07-03T01:08:49.400Z,2026-07-02T18:41:52.000Z,Veja fotos do treino do Corinthians desta quinta-feira,"Veja uma galeria de fotos do treino do Corinthians realizado nesta quinta-feira.
O post Veja fotos do treino do Corinthians desta quinta-feira apareceu primeiro em Gazeta Esportiva...",Gazeta Esportiva,https://www.gazetaesportiva.com/times/corinthians/veja-fotos-do-treino-do-corinthians-desta-quinta-feira-31/,https://static.gazetaesportiva.com/uploads/2026/07/245856.webp
2026-07-03T01:08:49.400Z,2026-07-02T17:53:30.000Z,Zverev avança em Wimbledon após vitória fácil contra Royer,"Alexander Zverev avançou à terceira rodada de Wimbledon ao vencer o francês Valentin Royer em sets diretos. Atual campeão de Roland Garros e número 3 do mundo, o alemão busca conqu...",Gazeta Esportiva,https://www.gazetaesportiva.com/mais-esportes/tenis/zverev-avanca-em-wimbledon-apos-vitoria-facil-contra-royer/,https://static.gazetaesportiva.com/uploads/2026/07/AFP__20260702__B93H98L__v1__HighRes__TennisGbrWimbledon.webp
2026-07-03T01:08:49.400Z,2026-07-02T17:51:04.000Z,"Bahia treina visando amistoso internacional contra o City Torque, do Uruguai","O Bahia deu sequência à preparação para o amistoso contra o City Torque, do Uruguai, em treino realizado na manhã desta quinta-feira, no CT Evaristo de Macedo. A atividade contou c...",Gazeta Esportiva,https://www.gazetaesportiva.com/times/bahia/bahia-treina-visando-amistoso-internacional-contra-o-city-torque-do-uruguai/,https://static.gazetaesportiva.com/uploads/2026/07/bah.webp
2026-07-03T05:12:11.702Z,2026-07-03T04:01:00.000Z,Veja as fotos de Suíça x Argélia pela Copa do Mundo,O post Veja as fotos de Suíça x Argélia pela Copa do Mundo apareceu primeiro em Gazeta Esportiva.,Gazeta Esportiva,https://www.gazetaesportiva.com/campeonatos/copa-do-mundo/veja-as-fotos-de-suica-x-argelia-pela-copa-do-mundo/,https://static.gazetaesportiva.com/uploads/2026/07/AFP__20260703__2284418945__v1__MidRes__SwitzerlandVAlgeriaRoundOf32FifaWorldCup2026.webp
2026-07-03T05:12:11.702Z,2026-07-03T02:24:28.000Z,Roberto Martínez elogia &#8220;personalidade&#8221; de Portugal após virada contra Croácia,"Roberto Martínez exaltou a personalidade de Portugal após a vitória de virada sobre a Croácia por 2 a 1, que garantiu a classificação às oitavas de final da Copa do Mundo. O treina...",Gazeta Esportiva,https://www.gazetaesportiva.com/campeonatos/copa-do-mundo/roberto-martinez-elogia-personalidade-de-portugal-apos-virada-contra-croacia/,https://static.gazetaesportiva.com/uploads/2026/07/AFP__20260702__B94H9LB__v1__MidRes__FblWc2026Match83PorCro.webp
2026-07-03T05:12:11.702Z,2026-07-03T02:19:08.000Z,"Cristiano Ronaldo se irrita com substituição, mas se emociona após classificação de Portugal","Cristiano Ronaldo voltou a ser decisivo por Portugal ao marcar o gol de empate na vitória por 2 a 1 sobre a Croácia, pela segunda fase da Copa do Mundo de 2026. Apesar de demonstra...",Gazeta Esportiva,https://www.gazetaesportiva.com/times/portugal/cristiano-ronaldo-se-irrita-com-substituicao-mas-se-emociona-apos-classificacao-de-portugal/,https://static.gazetaesportiva.com/uploads/2026/07/AFP__20260703__B94M7TF__v1__MidRes__FblWc2026Match83PorCro-1024x723-1.webp
2026-07-03T05:12:11.702Z,2026-07-03T02:07:29.000Z,"&#8216;Quando é preciso um gol, eu estou lá&#8217;, comemora Gonçalo Ramos após classificação de Portugal","Autor do gol da vitória sobre a Croácia, Gonçalo Ramos exaltou a reação de Portugal e afirmou: ""Nós nunca estamos mortos"".
O post &#8216;Quando é preciso um gol, eu estou lá&#8217;...",Gazeta Esportiva,https://www.gazetaesportiva.com/times/portugal/quando-e-preciso-um-gol-eu-estou-la-comemora-goncalo-ramos-apos-classificacao-de-portugal/,https://static.gazetaesportiva.com/uploads/2026/07/AFP__20260703__2284405667__v1__HighRes__PortugalVCroatiaRoundOf32FifaWorldCup2026.webp
2026-07-03T05:12:11.702Z,2026-07-03T02:00:47.000Z,Fortaleza bate Ponte Preta em casa e dorme no G2 da Série B,"O Fortaleza venceu a Ponte Preta por 2 a 0 na Arena Castelão e assumiu provisoriamente a vice-liderança da Série B do Campeonato Brasileiro. Com gols de Juan Miritello e Maílton, a...",Gazeta Esportiva,https://www.gazetaesportiva.com/times/fortaleza/fortaleza-bate-ponte-preta-em-casa-e-dorme-no-g2-da-serie-b/,https://static.gazetaesportiva.com/uploads/2026/07/HMRDW8RXkAAaAyI.webp
2026-07-03T05:12:11.702Z,2026-07-03T01:58:23.000Z,Cristiano Ronaldo não gosta de substituição em jogo de Portugal na Copa; veja fotos,O post Cristiano Ronaldo não gosta de substituição em jogo de Portugal na Copa; veja fotos apareceu primeiro em Gazeta Esportiva.,Gazeta Esportiva,https://www.gazetaesportiva.com/times/portugal/cristiano-ronaldo-nao-gosta-de-substituicao-em-jogo-de-portugal-na-copa-veja-fotos/,https://static.gazetaesportiva.com/uploads/2026/07/AFP__20260703__B94M7TG__v1__MidRes__FblWc2026Match83PorCro.webp
2026-07-03T05:12:11.702Z,2026-07-03T01:05:12.000Z,Confira as fotos de Cuiabá x América-MG pela Série B,O post Confira as fotos de Cuiabá x América-MG pela Série B apareceu primeiro em Gazeta Esportiva.,Gazeta Esportiva,https://www.gazetaesportiva.com/campeonatos/brasileiro-serie-b/confira-as-fotos-de-cuiaba-x-america-mg-pela-serie-b/,https://static.gazetaesportiva.com/uploads/2026/07/55370173322_77f4fc6963_b.webp
2026-07-03T05:12:11.702Z,2026-07-02T23:38:30.000Z,Portugal x Croácia: veja fotos do duelo pelos 16 avos da Copa do Mundo,O post Portugal x Croácia: veja fotos do duelo pelos 16 avos da Copa do Mundo apareceu primeiro em Gazeta Esportiva.,Gazeta Esportiva,https://www.gazetaesportiva.com/campeonatos/copa-do-mundo/portugal-x-croacia-veja-fotos-do-duelo-pelos-16-avos-da-copa-do-mundo/,https://static.gazetaesportiva.com/uploads/2026/07/AFP__20260702__2284395706__v1__HighRes__PortugalVCroatiaRoundOf32FifaWorldCup2026.webp
2026-07-03T05:12:11.702Z,2026-07-02T23:00:29.000Z,João Fonseca em Wimbledon: veja onde assistir à partida pela terceira rodada,"João Fonseca enfrenta o russo Roman Safiulin nesta sexta-feira, às 7h (de Brasília), pela terceira rodada de Wimbledon. O brasileiro chega embalado após duas vitórias por 3 sets a ...",Gazeta Esportiva,https://www.gazetaesportiva.com/mais-esportes/tenis/joao-fonseca-em-wimbledon-veja-onde-assistir-a-partida-pela-terceira-rodada-do-grand-slam/,https://static.gazetaesportiva.com/uploads/2026/07/AFP__20260629__B8NB9TU__v1__HighRes__TennisGbrWimbledon.webp
2026-07-03T05:12:11.702Z,2026-07-02T22:08:41.000Z,"Antes da 75ª edição, Saiba como os Atletas preparam para Prova Ciclística 9 de Julho","O post Antes da 75ª edição, Saiba como os Atletas preparam para Prova Ciclística 9 de Julho apareceu primeiro em Gazeta Esportiva.",Gazeta Esportiva,https://www.gazetaesportiva.com/videos/antes-da-75a-edicao-saiba-como-os-atletas-preparam-para-prova-ciclistica-9-de-julho/,https://static.gazetaesportiva.com/uploads/2026/07/WhatsApp-Image-2026-07-02-at-19.05.17.webp
2026-07-03T05:12:11.702Z,2026-07-02T21:34:16.000Z,Veja fotos do treino do Santos no CT Rei Pelé desta quinta-feira,"Veja fotos do treino do Santos no CT Rei Pelé desta quinta-feira
O post Veja fotos do treino do Santos no CT Rei Pelé desta quinta-feira apareceu primeiro em Gazeta Esportiva.",Gazeta Esportiva,https://www.gazetaesportiva.com/times/santos/veja-fotos-do-treino-do-santos-no-ct-rei-pele-desta-quinta-feira/,https://static.gazetaesportiva.com/uploads/2026/07/55370580464_cf51c488a9_c.webp
2026-07-03T05:12:11.702Z,2026-07-02T19:38:03.000Z,Veja fotos do treino do São Paulo nesta quinta-feira,O post Veja fotos do treino do São Paulo nesta quinta-feira apareceu primeiro em Gazeta Esportiva.,Gazeta Esportiva,https://www.gazetaesportiva.com/times/sao-paulo/veja-fotos-do-treino-do-sao-paulo-nesta-quinta-feira-11/,https://static.gazetaesportiva.com/uploads/2026/07/55370651691_7b18d58603_k-1.webp
2026-07-03T08:33:14.314Z,2026-07-03T04:01:00.000Z,Veja as fotos de Suíça x Argélia pela Copa do Mundo,O post Veja as fotos de Suíça x Argélia pela Copa do Mundo apareceu primeiro em Gazeta Esportiva.,Gazeta Esportiva,https://www.gazetaesportiva.com/campeonatos/copa-do-mundo/veja-as-fotos-de-suica-x-argelia-pela-copa-do-mundo/,https://static.gazetaesportiva.com/uploads/2026/07/AFP__20260703__2284418945__v1__MidRes__SwitzerlandVAlgeriaRoundOf32FifaWorldCup2026.webp
2026-07-03T08:33:14.314Z,2026-07-03T02:24:28.000Z,Roberto Martínez elogia &#8220;personalidade&#8221; de Portugal após virada contra Croácia,"Roberto Martínez exaltou a personalidade de Portugal após a vitória de virada sobre a Croácia por 2 a 1, que garantiu a classificação às oitavas de final da Copa do Mundo. O treina...",Gazeta Esportiva,https://www.gazetaesportiva.com/campeonatos/copa-do-mundo/roberto-martinez-elogia-personalidade-de-portugal-apos-virada-contra-croacia/,https://static.gazetaesportiva.com/uploads/2026/07/AFP__20260702__B94H9LB__v1__MidRes__FblWc2026Match83PorCro.webp
2026-07-03T08:33:14.314Z,2026-07-03T02:19:08.000Z,"Cristiano Ronaldo se irrita com substituição, mas se emociona após classificação de Portugal","Cristiano Ronaldo voltou a ser decisivo por Portugal ao marcar o gol de empate na vitória por 2 a 1 sobre a Croácia, pela segunda fase da Copa do Mundo de 2026. Apesar de demonstra...",Gazeta Esportiva,https://www.gazetaesportiva.com/times/portugal/cristiano-ronaldo-se-irrita-com-substituicao-mas-se-emociona-apos-classificacao-de-portugal/,https://static.gazetaesportiva.com/uploads/2026/07/AFP__20260703__B94M7TF__v1__MidRes__FblWc2026Match83PorCro-1024x723-1.webp
2026-07-03T08:33:14.314Z,2026-07-03T02:07:29.000Z,"&#8216;Quando é preciso um gol, eu estou lá&#8217;, comemora Gonçalo Ramos após classificação de Portugal","Autor do gol da vitória sobre a Croácia, Gonçalo Ramos exaltou a reação de Portugal e afirmou: ""Nós nunca estamos mortos"".
O post &#8216;Quando é preciso um gol, eu estou lá&#8217;...",Gazeta Esportiva,https://www.gazetaesportiva.com/times/portugal/quando-e-preciso-um-gol-eu-estou-la-comemora-goncalo-ramos-apos-classificacao-de-portugal/,https://static.gazetaesportiva.com/uploads/2026/07/AFP__20260703__2284405667__v1__HighRes__PortugalVCroatiaRoundOf32FifaWorldCup2026.webp
2026-07-03T08:33:14.314Z,2026-07-03T02:00:47.000Z,Fortaleza bate Ponte Preta em casa e dorme no G2 da Série B,"O Fortaleza venceu a Ponte Preta por 2 a 0 na Arena Castelão e assumiu provisoriamente a vice-liderança da Série B do Campeonato Brasileiro. Com gols de Juan Miritello e Maílton, a...",Gazeta Esportiva,https://www.gazetaesportiva.com/times/fortaleza/fortaleza-bate-ponte-preta-em-casa-e-dorme-no-g2-da-serie-b/,https://static.gazetaesportiva.com/uploads/2026/07/HMRDW8RXkAAaAyI.webp
2026-07-03T08:33:14.314Z,2026-07-03T01:58:23.000Z,Cristiano Ronaldo não gosta de substituição em jogo de Portugal na Copa; veja fotos,O post Cristiano Ronaldo não gosta de substituição em jogo de Portugal na Copa; veja fotos apareceu primeiro em Gazeta Esportiva.,Gazeta Esportiva,https://www.gazetaesportiva.com/times/portugal/cristiano-ronaldo-nao-gosta-de-substituicao-em-jogo-de-portugal-na-copa-veja-fotos/,https://static.gazetaesportiva.com/uploads/2026/07/AFP__20260703__B94M7TG__v1__MidRes__FblWc2026Match83PorCro.webp
2026-07-03T08:33:14.314Z,2026-07-03T01:05:12.000Z,Confira as fotos de Cuiabá x América-MG pela Série B,O post Confira as fotos de Cuiabá x América-MG pela Série B apareceu primeiro em Gazeta Esportiva.,Gazeta Esportiva,https://www.gazetaesportiva.com/campeonatos/brasileiro-serie-b/confira-as-fotos-de-cuiaba-x-america-mg-pela-serie-b/,https://static.gazetaesportiva.com/uploads/2026/07/55370173322_77f4fc6963_b.webp
2026-07-03T08:33:14.314Z,2026-07-02T23:38:30.000Z,Portugal x Croácia: veja fotos do duelo pelos 16 avos da Copa do Mundo,O post Portugal x Croácia: veja fotos do duelo pelos 16 avos da Copa do Mundo apareceu primeiro em Gazeta Esportiva.,Gazeta Esportiva,https://www.gazetaesportiva.com/campeonatos/copa-do-mundo/portugal-x-croacia-veja-fotos-do-duelo-pelos-16-avos-da-copa-do-mundo/,https://static.gazetaesportiva.com/uploads/2026/07/AFP__20260702__2284395706__v1__HighRes__PortugalVCroatiaRoundOf32FifaWorldCup2026.webp
2026-07-03T08:33:14.314Z,2026-07-02T23:00:29.000Z,João Fonseca em Wimbledon: veja onde assistir à partida pela terceira rodada,"João Fonseca enfrenta o russo Roman Safiulin nesta sexta-feira, às 7h (de Brasília), pela terceira rodada de Wimbledon. O brasileiro chega embalado após duas vitórias por 3 sets a ...",Gazeta Esportiva,https://www.gazetaesportiva.com/mais-esportes/tenis/joao-fonseca-em-wimbledon-veja-onde-assistir-a-partida-pela-terceira-rodada-do-grand-slam/,https://static.gazetaesportiva.com/uploads/2026/07/AFP__20260629__B8NB9TU__v1__HighRes__TennisGbrWimbledon.webp
2026-07-03T08:33:14.314Z,2026-07-02T22:08:41.000Z,"Antes da 75ª edição, Saiba como os Atletas preparam para Prova Ciclística 9 de Julho","O post Antes da 75ª edição, Saiba como os Atletas preparam para Prova Ciclística 9 de Julho apareceu primeiro em Gazeta Esportiva.",Gazeta Esportiva,https://www.gazetaesportiva.com/videos/antes-da-75a-edicao-saiba-como-os-atletas-preparam-para-prova-ciclistica-9-de-julho/,https://static.gazetaesportiva.com/uploads/2026/07/WhatsApp-Image-2026-07-02-at-19.05.17.webp
2026-07-03T08:33:14.314Z,2026-07-02T21:34:16.000Z,Veja fotos do treino do Santos no CT Rei Pelé desta quinta-feira,"Veja fotos do treino do Santos no CT Rei Pelé desta quinta-feira
O post Veja fotos do treino do Santos no CT Rei Pelé desta quinta-feira apareceu primeiro em Gazeta Esportiva.",Gazeta Esportiva,https://www.gazetaesportiva.com/times/santos/veja-fotos-do-treino-do-santos-no-ct-rei-pele-desta-quinta-feira/,https://static.gazetaesportiva.com/uploads/2026/07/55370580464_cf51c488a9_c.webp
2026-07-03T08:33:14.314Z,2026-07-02T19:38:03.000Z,Veja fotos do treino do São Paulo nesta quinta-feira,O post Veja fotos do treino do São Paulo nesta quinta-feira apareceu primeiro em Gazeta Esportiva.,Gazeta Esportiva,https://www.gazetaesportiva.com/times/sao-paulo/veja-fotos-do-treino-do-sao-paulo-nesta-quinta-feira-11/,https://static.gazetaesportiva.com/uploads/2026/07/55370651691_7b18d58603_k-1.webp
2026-07-03T11:29:53.678Z,2026-07-03T04:01:00.000Z,Veja as fotos de Suíça x Argélia pela Copa do Mundo,O post Veja as fotos de Suíça x Argélia pela Copa do Mundo apareceu primeiro em Gazeta Esportiva.,Gazeta Esportiva,https://www.gazetaesportiva.com/campeonatos/copa-do-mundo/veja-as-fotos-de-suica-x-argelia-pela-copa-do-mundo/,https://static.gazetaesportiva.com/uploads/2026/07/AFP__20260703__2284418945__v1__MidRes__SwitzerlandVAlgeriaRoundOf32FifaWorldCup2026.webp
2026-07-03T11:29:53.678Z,2026-07-03T02:24:28.000Z,Roberto Martínez elogia &#8220;personalidade&#8221; de Portugal após virada contra Croácia,"Roberto Martínez exaltou a personalidade de Portugal após a vitória de virada sobre a Croácia por 2 a 1, que garantiu a classificação às oitavas de final da Copa do Mundo. O treina...",Gazeta Esportiva,https://www.gazetaesportiva.com/campeonatos/copa-do-mundo/roberto-martinez-elogia-personalidade-de-portugal-apos-virada-contra-croacia/,https://static.gazetaesportiva.com/uploads/2026/07/AFP__20260702__B94H9LB__v1__MidRes__FblWc2026Match83PorCro.webp
2026-07-03T11:29:53.678Z,2026-07-03T02:19:08.000Z,"Cristiano Ronaldo se irrita com substituição, mas se emociona após classificação de Portugal","Cristiano Ronaldo voltou a ser decisivo por Portugal ao marcar o gol de empate na vitória por 2 a 1 sobre a Croácia, pela segunda fase da Copa do Mundo de 2026. Apesar de demonstra...",Gazeta Esportiva,https://www.gazetaesportiva.com/times/portugal/cristiano-ronaldo-se-irrita-com-substituicao-mas-se-emociona-apos-classificacao-de-portugal/,https://static.gazetaesportiva.com/uploads/2026/07/AFP__20260703__B94M7TF__v1__MidRes__FblWc2026Match83PorCro-1024x723-1.webp
2026-07-03T11:29:53.678Z,2026-07-03T02:07:29.000Z,"&#8216;Quando é preciso um gol, eu estou lá&#8217;, comemora Gonçalo Ramos após classificação de Portugal","Autor do gol da vitória sobre a Croácia, Gonçalo Ramos exaltou a reação de Portugal e afirmou: ""Nós nunca estamos mortos"".
O post &#8216;Quando é preciso um gol, eu estou lá&#8217;...",Gazeta Esportiva,https://www.gazetaesportiva.com/times/portugal/quando-e-preciso-um-gol-eu-estou-la-comemora-goncalo-ramos-apos-classificacao-de-portugal/,https://static.gazetaesportiva.com/uploads/2026/07/AFP__20260703__2284405667__v1__HighRes__PortugalVCroatiaRoundOf32FifaWorldCup2026.webp
2026-07-03T11:29:53.678Z,2026-07-03T02:00:47.000Z,Fortaleza bate Ponte Preta em casa e dorme no G2 da Série B,"O Fortaleza venceu a Ponte Preta por 2 a 0 na Arena Castelão e assumiu provisoriamente a vice-liderança da Série B do Campeonato Brasileiro. Com gols de Juan Miritello e Maílton, a...",Gazeta Esportiva,https://www.gazetaesportiva.com/times/fortaleza/fortaleza-bate-ponte-preta-em-casa-e-dorme-no-g2-da-serie-b/,https://static.gazetaesportiva.com/uploads/2026/07/HMRDW8RXkAAaAyI.webp
2026-07-03T11:29:53.678Z,2026-07-03T01:58:23.000Z,Cristiano Ronaldo não gosta de substituição em jogo de Portugal na Copa; veja fotos,O post Cristiano Ronaldo não gosta de substituição em jogo de Portugal na Copa; veja fotos apareceu primeiro em Gazeta Esportiva.,Gazeta Esportiva,https://www.gazetaesportiva.com/times/portugal/cristiano-ronaldo-nao-gosta-de-substituicao-em-jogo-de-portugal-na-copa-veja-fotos/,https://static.gazetaesportiva.com/uploads/2026/07/AFP__20260703__B94M7TG__v1__MidRes__FblWc2026Match83PorCro.webp
2026-07-03T11:29:53.678Z,2026-07-03T01:05:12.000Z,Confira as fotos de Cuiabá x América-MG pela Série B,O post Confira as fotos de Cuiabá x América-MG pela Série B apareceu primeiro em Gazeta Esportiva.,Gazeta Esportiva,https://www.gazetaesportiva.com/campeonatos/brasileiro-serie-b/confira-as-fotos-de-cuiaba-x-america-mg-pela-serie-b/,https://static.gazetaesportiva.com/uploads/2026/07/55370173322_77f4fc6963_b.webp
2026-07-03T11:29:53.678Z,2026-07-02T23:38:30.000Z,Portugal x Croácia: veja fotos do duelo pelos 16 avos da Copa do Mundo,O post Portugal x Croácia: veja fotos do duelo pelos 16 avos da Copa do Mundo apareceu primeiro em Gazeta Esportiva.,Gazeta Esportiva,https://www.gazetaesportiva.com/campeonatos/copa-do-mundo/portugal-x-croacia-veja-fotos-do-duelo-pelos-16-avos-da-copa-do-mundo/,https://static.gazetaesportiva.com/uploads/2026/07/AFP__20260702__2284395706__v1__HighRes__PortugalVCroatiaRoundOf32FifaWorldCup2026.webp
2026-07-03T11:29:53.678Z,2026-07-02T23:00:29.000Z,João Fonseca em Wimbledon: veja onde assistir à partida pela terceira rodada,"João Fonseca enfrenta o russo Roman Safiulin nesta sexta-feira, às 7h (de Brasília), pela terceira rodada de Wimbledon. O brasileiro chega embalado após duas vitórias por 3 sets a ...",Gazeta Esportiva,https://www.gazetaesportiva.com/mais-esportes/tenis/joao-fonseca-em-wimbledon-veja-onde-assistir-a-partida-pela-terceira-rodada-do-grand-slam/,https://static.gazetaesportiva.com/uploads/2026/07/AFP__20260629__B8NB9TU__v1__HighRes__TennisGbrWimbledon.webp
2026-07-03T11:29:53.678Z,2026-07-02T22:08:41.000Z,"Antes da 75ª edição, Saiba como os Atletas preparam para Prova Ciclística 9 de Julho","O post Antes da 75ª edição, Saiba como os Atletas preparam para Prova Ciclística 9 de Julho apareceu primeiro em Gazeta Esportiva.",Gazeta Esportiva,https://www.gazetaesportiva.com/videos/antes-da-75a-edicao-saiba-como-os-atletas-preparam-para-prova-ciclistica-9-de-julho/,https://static.gazetaesportiva.com/uploads/2026/07/WhatsApp-Image-2026-07-02-at-19.05.17.webp
2026-07-03T11:29:53.678Z,2026-07-02T21:34:16.000Z,Veja fotos do treino do Santos no CT Rei Pelé desta quinta-feira,"Veja fotos do treino do Santos no CT Rei Pelé desta quinta-feira
O post Veja fotos do treino do Santos no CT Rei Pelé desta quinta-feira apareceu primeiro em Gazeta Esportiva.",Gazeta Esportiva,https://www.gazetaesportiva.com/times/santos/veja-fotos-do-treino-do-santos-no-ct-rei-pele-desta-quinta-feira/,https://static.gazetaesportiva.com/uploads/2026/07/55370580464_cf51c488a9_c.webp
2026-07-03T13:21:35.660Z,2026-07-03T04:01:00.000Z,Veja as fotos de Suíça x Argélia pela Copa do Mundo,O post Veja as fotos de Suíça x Argélia pela Copa do Mundo apareceu primeiro em Gazeta Esportiva.,Gazeta Esportiva,https://www.gazetaesportiva.com/campeonatos/copa-do-mundo/veja-as-fotos-de-suica-x-argelia-pela-copa-do-mundo/,https://static.gazetaesportiva.com/uploads/2026/07/AFP__20260703__2284418945__v1__MidRes__SwitzerlandVAlgeriaRoundOf32FifaWorldCup2026.webp
2026-07-03T13:21:35.660Z,2026-07-03T02:24:28.000Z,Roberto Martínez elogia &#8220;personalidade&#8221; de Portugal após virada contra Croácia,"Roberto Martínez exaltou a personalidade de Portugal após a vitória de virada sobre a Croácia por 2 a 1, que garantiu a classificação às oitavas de final da Copa do Mundo. O treina...",Gazeta Esportiva,https://www.gazetaesportiva.com/campeonatos/copa-do-mundo/roberto-martinez-elogia-personalidade-de-portugal-apos-virada-contra-croacia/,https://static.gazetaesportiva.com/uploads/2026/07/AFP__20260702__B94H9LB__v1__MidRes__FblWc2026Match83PorCro.webp
2026-07-03T13:21:35.660Z,2026-07-03T02:19:08.000Z,"Cristiano Ronaldo se irrita com substituição, mas se emociona após classificação de Portugal","Cristiano Ronaldo voltou a ser decisivo por Portugal ao marcar o gol de empate na vitória por 2 a 1 sobre a Croácia, pela segunda fase da Copa do Mundo de 2026. Apesar de demonstra...",Gazeta Esportiva,https://www.gazetaesportiva.com/times/portugal/cristiano-ronaldo-se-irrita-com-substituicao-mas-se-emociona-apos-classificacao-de-portugal/,https://static.gazetaesportiva.com/uploads/2026/07/AFP__20260703__B94M7TF__v1__MidRes__FblWc2026Match83PorCro-1024x723-1.webp
2026-07-03T13:21:35.660Z,2026-07-03T02:07:29.000Z,"&#8216;Quando é preciso um gol, eu estou lá&#8217;, comemora Gonçalo Ramos após classificação de Portugal","Autor do gol da vitória sobre a Croácia, Gonçalo Ramos exaltou a reação de Portugal e afirmou: ""Nós nunca estamos mortos"".
O post &#8216;Quando é preciso um gol, eu estou lá&#8217;...",Gazeta Esportiva,https://www.gazetaesportiva.com/times/portugal/quando-e-preciso-um-gol-eu-estou-la-comemora-goncalo-ramos-apos-classificacao-de-portugal/,https://static.gazetaesportiva.com/uploads/2026/07/AFP__20260703__2284405667__v1__HighRes__PortugalVCroatiaRoundOf32FifaWorldCup2026.webp
2026-07-03T13:21:35.660Z,2026-07-03T02:00:47.000Z,Fortaleza bate Ponte Preta em casa e dorme no G2 da Série B,"O Fortaleza venceu a Ponte Preta por 2 a 0 na Arena Castelão e assumiu provisoriamente a vice-liderança da Série B do Campeonato Brasileiro. Com gols de Juan Miritello e Maílton, a...",Gazeta Esportiva,https://www.gazetaesportiva.com/times/fortaleza/fortaleza-bate-ponte-preta-em-casa-e-dorme-no-g2-da-serie-b/,https://static.gazetaesportiva.com/uploads/2026/07/HMRDW8RXkAAaAyI.webp
2026-07-03T13:21:35.660Z,2026-07-03T01:58:23.000Z,Cristiano Ronaldo não gosta de substituição em jogo de Portugal na Copa; veja fotos,O post Cristiano Ronaldo não gosta de substituição em jogo de Portugal na Copa; veja fotos apareceu primeiro em Gazeta Esportiva.,Gazeta Esportiva,https://www.gazetaesportiva.com/times/portugal/cristiano-ronaldo-nao-gosta-de-substituicao-em-jogo-de-portugal-na-copa-veja-fotos/,https://static.gazetaesportiva.com/uploads/2026/07/AFP__20260703__B94M7TG__v1__MidRes__FblWc2026Match83PorCro.webp
2026-07-03T13:21:35.660Z,2026-07-03T01:05:12.000Z,Confira as fotos de Cuiabá x América-MG pela Série B,O post Confira as fotos de Cuiabá x América-MG pela Série B apareceu primeiro em Gazeta Esportiva.,Gazeta Esportiva,https://www.gazetaesportiva.com/campeonatos/brasileiro-serie-b/confira-as-fotos-de-cuiaba-x-america-mg-pela-serie-b/,https://static.gazetaesportiva.com/uploads/2026/07/55370173322_77f4fc6963_b.webp
2026-07-03T13:21:35.660Z,2026-07-02T23:38:30.000Z,Portugal x Croácia: veja fotos do duelo pelos 16 avos da Copa do Mundo,O post Portugal x Croácia: veja fotos do duelo pelos 16 avos da Copa do Mundo apareceu primeiro em Gazeta Esportiva.,Gazeta Esportiva,https://www.gazetaesportiva.com/campeonatos/copa-do-mundo/portugal-x-croacia-veja-fotos-do-duelo-pelos-16-avos-da-copa-do-mundo/,https://static.gazetaesportiva.com/uploads/2026/07/AFP__20260702__2284395706__v1__HighRes__PortugalVCroatiaRoundOf32FifaWorldCup2026.webp
2026-07-03T13:21:35.660Z,2026-07-02T23:00:29.000Z,João Fonseca em Wimbledon: veja onde assistir à partida pela terceira rodada,"João Fonseca enfrenta o russo Roman Safiulin nesta sexta-feira, às 7h (de Brasília), pela terceira rodada de Wimbledon. O brasileiro chega embalado após duas vitórias por 3 sets a ...",Gazeta Esportiva,https://www.gazetaesportiva.com/mais-esportes/tenis/joao-fonseca-em-wimbledon-veja-onde-assistir-a-partida-pela-terceira-rodada-do-grand-slam/,https://static.gazetaesportiva.com/uploads/2026/07/AFP__20260629__B8NB9TU__v1__HighRes__TennisGbrWimbledon.webp
2026-07-03T13:21:35.660Z,2026-07-02T22:08:41.000Z,"Antes da 75ª edição, Saiba como os Atletas preparam para Prova Ciclística 9 de Julho","O post Antes da 75ª edição, Saiba como os Atletas preparam para Prova Ciclística 9 de Julho apareceu primeiro em Gazeta Esportiva.",Gazeta Esportiva,https://www.gazetaesportiva.com/videos/antes-da-75a-edicao-saiba-como-os-atletas-preparam-para-prova-ciclistica-9-de-julho/,https://static.gazetaesportiva.com/uploads/2026/07/WhatsApp-Image-2026-07-02-at-19.05.17.webp
2026-07-03T15:32:58.706Z,2026-07-03T14:32:14.000Z,Ceará anuncia o retorno do argentino Lucas Mugni,"Lucas Mugni está de volta ao Ceará. O meio-campista argentino, estrangeiro com mais jogos na história do clube, assinou contrato até o fim de 2027 após deixar o Mirassol. Em suas d...",Gazeta Esportiva,https://www.gazetaesportiva.com/times/ceara/ceara-anuncia-o-retorno-do-argentino-lucas-mugni/,https://static.gazetaesportiva.com/uploads/2025/05/lucas-mugni.webp
2026-07-03T15:32:58.706Z,2026-07-03T04:01:00.000Z,Veja as fotos de Suíça x Argélia pela Copa do Mundo,O post Veja as fotos de Suíça x Argélia pela Copa do Mundo apareceu primeiro em Gazeta Esportiva.,Gazeta Esportiva,https://www.gazetaesportiva.com/campeonatos/copa-do-mundo/veja-as-fotos-de-suica-x-argelia-pela-copa-do-mundo/,https://static.gazetaesportiva.com/uploads/2026/07/AFP__20260703__2284418945__v1__MidRes__SwitzerlandVAlgeriaRoundOf32FifaWorldCup2026.webp
2026-07-03T15:32:58.706Z,2026-07-03T02:24:28.000Z,Roberto Martínez elogia &#8220;personalidade&#8221; de Portugal após virada contra Croácia,"Roberto Martínez exaltou a personalidade de Portugal após a vitória de virada sobre a Croácia por 2 a 1, que garantiu a classificação às oitavas de final da Copa do Mundo. O treina...",Gazeta Esportiva,https://www.gazetaesportiva.com/campeonatos/copa-do-mundo/roberto-martinez-elogia-personalidade-de-portugal-apos-virada-contra-croacia/,https://static.gazetaesportiva.com/uploads/2026/07/AFP__20260702__B94H9LB__v1__MidRes__FblWc2026Match83PorCro.webp
2026-07-03T15:32:58.706Z,2026-07-03T02:19:08.000Z,"Cristiano Ronaldo se irrita com substituição, mas se emociona após classificação de Portugal","Cristiano Ronaldo voltou a ser decisivo por Portugal ao marcar o gol de empate na vitória por 2 a 1 sobre a Croácia, pela segunda fase da Copa do Mundo de 2026. Apesar de demonstra...",Gazeta Esportiva,https://www.gazetaesportiva.com/times/portugal/cristiano-ronaldo-se-irrita-com-substituicao-mas-se-emociona-apos-classificacao-de-portugal/,https://static.gazetaesportiva.com/uploads/2026/07/AFP__20260703__B94M7TF__v1__MidRes__FblWc2026Match83PorCro-1024x723-1.webp
2026-07-03T15:32:58.706Z,2026-07-03T02:07:29.000Z,"&#8216;Quando é preciso um gol, eu estou lá&#8217;, comemora Gonçalo Ramos após classificação de Portugal","Autor do gol da vitória sobre a Croácia, Gonçalo Ramos exaltou a reação de Portugal e afirmou: ""Nós nunca estamos mortos"".
O post &#8216;Quando é preciso um gol, eu estou lá&#8217;...",Gazeta Esportiva,https://www.gazetaesportiva.com/times/portugal/quando-e-preciso-um-gol-eu-estou-la-comemora-goncalo-ramos-apos-classificacao-de-portugal/,https://static.gazetaesportiva.com/uploads/2026/07/AFP__20260703__2284405667__v1__HighRes__PortugalVCroatiaRoundOf32FifaWorldCup2026.webp
2026-07-03T15:32:58.706Z,2026-07-03T02:00:47.000Z,Fortaleza bate Ponte Preta em casa e dorme no G2 da Série B,"O Fortaleza venceu a Ponte Preta por 2 a 0 na Arena Castelão e assumiu provisoriamente a vice-liderança da Série B do Campeonato Brasileiro. Com gols de Juan Miritello e Maílton, a...",Gazeta Esportiva,https://www.gazetaesportiva.com/times/fortaleza/fortaleza-bate-ponte-preta-em-casa-e-dorme-no-g2-da-serie-b/,https://static.gazetaesportiva.com/uploads/2026/07/HMRDW8RXkAAaAyI.webp
2026-07-03T15:32:58.706Z,2026-07-03T01:58:23.000Z,Cristiano Ronaldo não gosta de substituição em jogo de Portugal na Copa; veja fotos,O post Cristiano Ronaldo não gosta de substituição em jogo de Portugal na Copa; veja fotos apareceu primeiro em Gazeta Esportiva.,Gazeta Esportiva,https://www.gazetaesportiva.com/times/portugal/cristiano-ronaldo-nao-gosta-de-substituicao-em-jogo-de-portugal-na-copa-veja-fotos/,https://static.gazetaesportiva.com/uploads/2026/07/AFP__20260703__B94M7TG__v1__MidRes__FblWc2026Match83PorCro.webp
2026-07-03T15:32:58.706Z,2026-07-03T01:05:12.000Z,Confira as fotos de Cuiabá x América-MG pela Série B,O post Confira as fotos de Cuiabá x América-MG pela Série B apareceu primeiro em Gazeta Esportiva.,Gazeta Esportiva,https://www.gazetaesportiva.com/campeonatos/brasileiro-serie-b/confira-as-fotos-de-cuiaba-x-america-mg-pela-serie-b/,https://static.gazetaesportiva.com/uploads/2026/07/55370173322_77f4fc6963_b.webp
2026-07-03T15:32:58.706Z,2026-07-02T23:38:30.000Z,Portugal x Croácia: veja fotos do duelo pelos 16 avos da Copa do Mundo,O post Portugal x Croácia: veja fotos do duelo pelos 16 avos da Copa do Mundo apareceu primeiro em Gazeta Esportiva.,Gazeta Esportiva,https://www.gazetaesportiva.com/campeonatos/copa-do-mundo/portugal-x-croacia-veja-fotos-do-duelo-pelos-16-avos-da-copa-do-mundo/,https://static.gazetaesportiva.com/uploads/2026/07/AFP__20260702__2284395706__v1__HighRes__PortugalVCroatiaRoundOf32FifaWorldCup2026.webp
2026-07-03T15:32:58.706Z,2026-07-02T23:00:29.000Z,João Fonseca em Wimbledon: veja onde assistir à partida pela terceira rodada,"João Fonseca enfrenta o russo Roman Safiulin nesta sexta-feira, às 7h (de Brasília), pela terceira rodada de Wimbledon. O brasileiro chega embalado após duas vitórias por 3 sets a ...",Gazeta Esportiva,https://www.gazetaesportiva.com/mais-esportes/tenis/joao-fonseca-em-wimbledon-veja-onde-assistir-a-partida-pela-terceira-rodada-do-grand-slam/,https://static.gazetaesportiva.com/uploads/2026/07/AFP__20260629__B8NB9TU__v1__HighRes__TennisGbrWimbledon.webp
2026-07-03T17:22:04.673Z,2026-07-03T16:47:43.000Z,Veja galeria de fotos do treino do Santos nesta sexta-feira,O post Veja galeria de fotos do treino do Santos nesta sexta-feira apareceu primeiro em Gazeta Esportiva.,Gazeta Esportiva,https://www.gazetaesportiva.com/times/santos/veja-galeria-de-fotos-do-treino-do-santos-nesta-sexta-feira-7/,https://static.gazetaesportiva.com/uploads/2026/07/55371230467_a1a6213e75_o.webp
2026-07-03T17:22:04.673Z,2026-07-03T16:44:03.000Z,França volta aos treinos em Boston,"A seleção francesa voltou aos treinos em Boston após a vitória sobre a Suécia.
O post França volta aos treinos em Boston apareceu primeiro em Gazeta Esportiva.",Gazeta Esportiva,https://www.gazetaesportiva.com/times/franca/franca-volta-aos-treinos-em-boston/,https://static.gazetaesportiva.com/uploads/2026/07/volt.webp
2026-07-03T17:22:04.673Z,2026-07-03T14:32:14.000Z,Ceará anuncia o retorno do argentino Lucas Mugni,"Lucas Mugni está de volta ao Ceará. O meio-campista argentino, estrangeiro com mais jogos na história do clube, assinou contrato até o fim de 2027 após deixar o Mirassol. Em suas d...",Gazeta Esportiva,https://www.gazetaesportiva.com/times/ceara/ceara-anuncia-o-retorno-do-argentino-lucas-mugni/,https://static.gazetaesportiva.com/uploads/2025/05/lucas-mugni.webp
2026-07-03T17:22:04.673Z,2026-07-03T04:01:00.000Z,Veja as fotos de Suíça x Argélia pela Copa do Mundo,O post Veja as fotos de Suíça x Argélia pela Copa do Mundo apareceu primeiro em Gazeta Esportiva.,Gazeta Esportiva,https://www.gazetaesportiva.com/campeonatos/copa-do-mundo/veja-as-fotos-de-suica-x-argelia-pela-copa-do-mundo/,https://static.gazetaesportiva.com/uploads/2026/07/AFP__20260703__2284418945__v1__MidRes__SwitzerlandVAlgeriaRoundOf32FifaWorldCup2026.webp
2026-07-03T17:22:04.673Z,2026-07-03T02:24:28.000Z,Roberto Martínez elogia &#8220;personalidade&#8221; de Portugal após virada contra Croácia,"Roberto Martínez exaltou a personalidade de Portugal após a vitória de virada sobre a Croácia por 2 a 1, que garantiu a classificação às oitavas de final da Copa do Mundo. O treina...",Gazeta Esportiva,https://www.gazetaesportiva.com/campeonatos/copa-do-mundo/roberto-martinez-elogia-personalidade-de-portugal-apos-virada-contra-croacia/,https://static.gazetaesportiva.com/uploads/2026/07/AFP__20260702__B94H9LB__v1__MidRes__FblWc2026Match83PorCro.webp
2026-07-03T17:22:04.673Z,2026-07-03T02:19:08.000Z,"Cristiano Ronaldo se irrita com substituição, mas se emociona após classificação de Portugal","Cristiano Ronaldo voltou a ser decisivo por Portugal ao marcar o gol de empate na vitória por 2 a 1 sobre a Croácia, pela segunda fase da Copa do Mundo de 2026. Apesar de demonstra...",Gazeta Esportiva,https://www.gazetaesportiva.com/times/portugal/cristiano-ronaldo-se-irrita-com-substituicao-mas-se-emociona-apos-classificacao-de-portugal/,https://static.gazetaesportiva.com/uploads/2026/07/AFP__20260703__B94M7TF__v1__MidRes__FblWc2026Match83PorCro-1024x723-1.webp
2026-07-03T17:22:04.673Z,2026-07-03T02:07:29.000Z,"&#8216;Quando é preciso um gol, eu estou lá&#8217;, comemora Gonçalo Ramos após classificação de Portugal","Autor do gol da vitória sobre a Croácia, Gonçalo Ramos exaltou a reação de Portugal e afirmou: ""Nós nunca estamos mortos"".
O post &#8216;Quando é preciso um gol, eu estou lá&#8217;...",Gazeta Esportiva,https://www.gazetaesportiva.com/times/portugal/quando-e-preciso-um-gol-eu-estou-la-comemora-goncalo-ramos-apos-classificacao-de-portugal/,https://static.gazetaesportiva.com/uploads/2026/07/AFP__20260703__2284405667__v1__HighRes__PortugalVCroatiaRoundOf32FifaWorldCup2026.webp
2026-07-03T17:22:04.673Z,2026-07-03T02:00:47.000Z,Fortaleza bate Ponte Preta em casa e dorme no G2 da Série B,"O Fortaleza venceu a Ponte Preta por 2 a 0 na Arena Castelão e assumiu provisoriamente a vice-liderança da Série B do Campeonato Brasileiro. Com gols de Juan Miritello e Maílton, a...",Gazeta Esportiva,https://www.gazetaesportiva.com/times/fortaleza/fortaleza-bate-ponte-preta-em-casa-e-dorme-no-g2-da-serie-b/,https://static.gazetaesportiva.com/uploads/2026/07/HMRDW8RXkAAaAyI.webp
2026-07-03T17:22:04.673Z,2026-07-03T01:58:23.000Z,Cristiano Ronaldo não gosta de substituição em jogo de Portugal na Copa; veja fotos,O post Cristiano Ronaldo não gosta de substituição em jogo de Portugal na Copa; veja fotos apareceu primeiro em Gazeta Esportiva.,Gazeta Esportiva,https://www.gazetaesportiva.com/times/portugal/cristiano-ronaldo-nao-gosta-de-substituicao-em-jogo-de-portugal-na-copa-veja-fotos/,https://static.gazetaesportiva.com/uploads/2026/07/AFP__20260703__B94M7TG__v1__MidRes__FblWc2026Match83PorCro.webp
2026-07-03T17:22:04.673Z,2026-07-03T01:05:12.000Z,Confira as fotos de Cuiabá x América-MG pela Série B,O post Confira as fotos de Cuiabá x América-MG pela Série B apareceu primeiro em Gazeta Esportiva.,Gazeta Esportiva,https://www.gazetaesportiva.com/campeonatos/brasileiro-serie-b/confira-as-fotos-de-cuiaba-x-america-mg-pela-serie-b/,https://static.gazetaesportiva.com/uploads/2026/07/55370173322_77f4fc6963_b.webp
2026-07-03T18:45:55.017Z,2026-07-03T18:31:51.000Z,Bahia anuncia renovação com zagueiro Marcos Victor até 2029,"O Bahia anunciou nesta sexta-feira a renovação de contrato do zagueiro Marcos Victor. O defensor assinou um novo vínculo válido por mais duas temporadas, estendendo sua permanência...",Gazeta Esportiva,https://www.gazetaesportiva.com/times/bahia/bahia-anuncia-renovacao-com-zagueiro-marcos-victor-ate-2029/,https://static.gazetaesportiva.com/uploads/2026/07/IMAGEM_BAHIA_9.webp
2026-07-03T18:45:55.017Z,2026-07-03T18:06:32.000Z,"Flamengo terá amistoso em Brasília contra o Olímpia, do Paraguai","O Flamengo confirmou mais um amistoso de preparação para a sequência da temporada. Após uma série de jogos em Portugal contra River Plate, Lausanne-Sport e Benfica, a equipe enfren...",Gazeta Esportiva,https://www.gazetaesportiva.com/times/flamengo/flamengo-tera-amistoso-em-brasilia-contra-o-olimpia-do-paraguai/,https://static.gazetaesportiva.com/uploads/2026/07/1782916074.webp
2026-07-03T18:45:55.017Z,2026-07-03T16:47:43.000Z,Veja galeria de fotos do treino do Santos nesta sexta-feira,O post Veja galeria de fotos do treino do Santos nesta sexta-feira apareceu primeiro em Gazeta Esportiva.,Gazeta Esportiva,https://www.gazetaesportiva.com/times/santos/veja-galeria-de-fotos-do-treino-do-santos-nesta-sexta-feira-7/,https://static.gazetaesportiva.com/uploads/2026/07/55371230467_a1a6213e75_o.webp
2026-07-03T18:45:55.017Z,2026-07-03T16:44:03.000Z,França volta aos treinos em Boston,"A seleção francesa voltou aos treinos em Boston após a vitória sobre a Suécia.
O post França volta aos treinos em Boston apareceu primeiro em Gazeta Esportiva.",Gazeta Esportiva,https://www.gazetaesportiva.com/times/franca/franca-volta-aos-treinos-em-boston/,https://static.gazetaesportiva.com/uploads/2026/07/volt.webp
2026-07-03T18:45:55.017Z,2026-07-03T14:32:14.000Z,Ceará anuncia o retorno do argentino Lucas Mugni,"Lucas Mugni está de volta ao Ceará. O meio-campista argentino, estrangeiro com mais jogos na história do clube, assinou contrato até o fim de 2027 após deixar o Mirassol. Em suas d...",Gazeta Esportiva,https://www.gazetaesportiva.com/times/ceara/ceara-anuncia-o-retorno-do-argentino-lucas-mugni/,https://static.gazetaesportiva.com/uploads/2025/05/lucas-mugni.webp
2026-07-03T20:12:18.944Z,2026-07-03T19:17:32.000Z,Veja fotos do treino do São Paulo nesta sexta-feira,O post Veja fotos do treino do São Paulo nesta sexta-feira apareceu primeiro em Gazeta Esportiva.,Gazeta Esportiva,https://www.gazetaesportiva.com/times/sao-paulo/veja-fotos-do-treino-do-sao-paulo-nesta-sexta-feira-17/,https://static.gazetaesportiva.com/uploads/2026/07/55372630249_1276216d19_k-1.webp
2026-07-03T20:12:18.944Z,2026-07-03T18:31:51.000Z,Bahia anuncia renovação com zagueiro Marcos Victor até 2029,"O Bahia anunciou nesta sexta-feira a renovação de contrato do zagueiro Marcos Victor. O defensor assinou um novo vínculo válido por mais duas temporadas, estendendo sua permanência...",Gazeta Esportiva,https://www.gazetaesportiva.com/times/bahia/bahia-anuncia-renovacao-com-zagueiro-marcos-victor-ate-2029/,https://static.gazetaesportiva.com/uploads/2026/07/IMAGEM_BAHIA_9.webp
2026-07-03T20:12:18.944Z,2026-07-03T18:06:32.000Z,"Flamengo terá amistoso em Brasília contra o Olímpia, do Paraguai","O Flamengo confirmou mais um amistoso de preparação para a sequência da temporada. Após uma série de jogos em Portugal contra River Plate, Lausanne-Sport e Benfica, a equipe enfren...",Gazeta Esportiva,https://www.gazetaesportiva.com/times/flamengo/flamengo-tera-amistoso-em-brasilia-contra-o-olimpia-do-paraguai/,https://static.gazetaesportiva.com/uploads/2026/07/1782916074.webp
2026-07-03T20:12:18.944Z,2026-07-03T16:47:43.000Z,Veja galeria de fotos do treino do Santos nesta sexta-feira,O post Veja galeria de fotos do treino do Santos nesta sexta-feira apareceu primeiro em Gazeta Esportiva.,Gazeta Esportiva,https://www.gazetaesportiva.com/times/santos/veja-galeria-de-fotos-do-treino-do-santos-nesta-sexta-feira-7/,https://static.gazetaesportiva.com/uploads/2026/07/55371230467_a1a6213e75_o.webp
2026-07-03T20:12:18.944Z,2026-07-03T16:44:03.000Z,França volta aos treinos em Boston,"A seleção francesa voltou aos treinos em Boston após a vitória sobre a Suécia.
O post França volta aos treinos em Boston apareceu primeiro em Gazeta Esportiva.",Gazeta Esportiva,https://www.gazetaesportiva.com/times/franca/franca-volta-aos-treinos-em-boston/,https://static.gazetaesportiva.com/uploads/2026/07/volt.webp
2026-07-03T20:12:18.944Z,2026-07-03T14:32:14.000Z,Ceará anuncia o retorno do argentino Lucas Mugni,"Lucas Mugni está de volta ao Ceará. O meio-campista argentino, estrangeiro com mais jogos na história do clube, assinou contrato até o fim de 2027 após deixar o Mirassol. Em suas d...",Gazeta Esportiva,https://www.gazetaesportiva.com/times/ceara/ceara-anuncia-o-retorno-do-argentino-lucas-mugni/,https://static.gazetaesportiva.com/uploads/2025/05/lucas-mugni.webp
2026-07-03T21:39:12.531Z,2026-07-03T21:18:51.000Z,Primeiro dia de Enzo Maresca de volta ao Manchester City,"Primeiro dia de Enzo Maresca de volta ao Manchester City
O post Primeiro dia de Enzo Maresca de volta ao Manchester City apareceu primeiro em Gazeta Esportiva.",Gazeta Esportiva,https://www.gazetaesportiva.com/times/manchester-city/primeiro-dia-de-enzo-maresca-de-volta-ao-manchester-city/,https://static.gazetaesportiva.com/uploads/2026/07/nzo-Mar.webp
2026-07-03T21:39:12.531Z,2026-07-03T19:17:32.000Z,Veja fotos do treino do São Paulo nesta sexta-feira,O post Veja fotos do treino do São Paulo nesta sexta-feira apareceu primeiro em Gazeta Esportiva.,Gazeta Esportiva,https://www.gazetaesportiva.com/times/sao-paulo/veja-fotos-do-treino-do-sao-paulo-nesta-sexta-feira-17/,https://static.gazetaesportiva.com/uploads/2026/07/55372630249_1276216d19_k-1.webp
2026-07-03T21:39:12.531Z,2026-07-03T18:31:51.000Z,Bahia anuncia renovação com zagueiro Marcos Victor até 2029,"O Bahia anunciou nesta sexta-feira a renovação de contrato do zagueiro Marcos Victor. O defensor assinou um novo vínculo válido por mais duas temporadas, estendendo sua permanência...",Gazeta Esportiva,https://www.gazetaesportiva.com/times/bahia/bahia-anuncia-renovacao-com-zagueiro-marcos-victor-ate-2029/,https://static.gazetaesportiva.com/uploads/2026/07/IMAGEM_BAHIA_9.webp
2026-07-03T21:39:12.531Z,2026-07-03T18:06:32.000Z,"Flamengo terá amistoso em Brasília contra o Olímpia, do Paraguai","O Flamengo confirmou mais um amistoso de preparação para a sequência da temporada. Após uma série de jogos em Portugal contra River Plate, Lausanne-Sport e Benfica, a equipe enfren...",Gazeta Esportiva,https://www.gazetaesportiva.com/times/flamengo/flamengo-tera-amistoso-em-brasilia-contra-o-olimpia-do-paraguai/,https://static.gazetaesportiva.com/uploads/2026/07/1782916074.webp
2026-07-03T21:39:12.531Z,2026-07-03T16:47:43.000Z,Veja galeria de fotos do treino do Santos nesta sexta-feira,O post Veja galeria de fotos do treino do Santos nesta sexta-feira apareceu primeiro em Gazeta Esportiva.,Gazeta Esportiva,https://www.gazetaesportiva.com/times/santos/veja-galeria-de-fotos-do-treino-do-santos-nesta-sexta-feira-7/,https://static.gazetaesportiva.com/uploads/2026/07/55371230467_a1a6213e75_o.webp
2026-07-03T21:39:12.531Z,2026-07-03T16:44:03.000Z,França volta aos treinos em Boston,"A seleção francesa voltou aos treinos em Boston após a vitória sobre a Suécia.
O post França volta aos treinos em Boston apareceu primeiro em Gazeta Esportiva.",Gazeta Esportiva,https://www.gazetaesportiva.com/times/franca/franca-volta-aos-treinos-em-boston/,https://static.gazetaesportiva.com/uploads/2026/07/volt.webp
2026-07-03T21:39:12.531Z,2026-07-03T14:32:14.000Z,Ceará anuncia o retorno do argentino Lucas Mugni,"Lucas Mugni está de volta ao Ceará. O meio-campista argentino, estrangeiro com mais jogos na história do clube, assinou contrato até o fim de 2027 após deixar o Mirassol. Em suas d...",Gazeta Esportiva,https://www.gazetaesportiva.com/times/ceara/ceara-anuncia-o-retorno-do-argentino-lucas-mugni/,https://static.gazetaesportiva.com/uploads/2025/05/lucas-mugni.webp
2026-07-03T22:59:24.041Z,2026-07-03T21:18:51.000Z,Primeiro dia de Enzo Maresca de volta ao Manchester City,"Primeiro dia de Enzo Maresca de volta ao Manchester City
O post Primeiro dia de Enzo Maresca de volta ao Manchester City apareceu primeiro em Gazeta Esportiva.",Gazeta Esportiva,https://www.gazetaesportiva.com/times/manchester-city/primeiro-dia-de-enzo-maresca-de-volta-ao-manchester-city/,https://static.gazetaesportiva.com/uploads/2026/07/nzo-Mar.webp
2026-07-03T22:59:24.041Z,2026-07-03T19:17:32.000Z,Veja fotos do treino do São Paulo nesta sexta-feira,O post Veja fotos do treino do São Paulo nesta sexta-feira apareceu primeiro em Gazeta Esportiva.,Gazeta Esportiva,https://www.gazetaesportiva.com/times/sao-paulo/veja-fotos-do-treino-do-sao-paulo-nesta-sexta-feira-17/,https://static.gazetaesportiva.com/uploads/2026/07/55372630249_1276216d19_k-1.webp
2026-07-03T22:59:24.041Z,2026-07-03T18:31:51.000Z,Bahia anuncia renovação com zagueiro Marcos Victor até 2029,"O Bahia anunciou nesta sexta-feira a renovação de contrato do zagueiro Marcos Victor. O defensor assinou um novo vínculo válido por mais duas temporadas, estendendo sua permanência...",Gazeta Esportiva,https://www.gazetaesportiva.com/times/bahia/bahia-anuncia-renovacao-com-zagueiro-marcos-victor-ate-2029/,https://static.gazetaesportiva.com/uploads/2026/07/IMAGEM_BAHIA_9.webp
2026-07-03T22:59:24.041Z,2026-07-03T18:06:32.000Z,"Flamengo terá amistoso em Brasília contra o Olímpia, do Paraguai","O Flamengo confirmou mais um amistoso de preparação para a sequência da temporada. Após uma série de jogos em Portugal contra River Plate, Lausanne-Sport e Benfica, a equipe enfren...",Gazeta Esportiva,https://www.gazetaesportiva.com/times/flamengo/flamengo-tera-amistoso-em-brasilia-contra-o-olimpia-do-paraguai/,https://static.gazetaesportiva.com/uploads/2026/07/1782916074.webp
2026-07-03T22:59:24.041Z,2026-07-03T16:47:43.000Z,Veja galeria de fotos do treino do Santos nesta sexta-feira,O post Veja galeria de fotos do treino do Santos nesta sexta-feira apareceu primeiro em Gazeta Esportiva.,Gazeta Esportiva,https://www.gazetaesportiva.com/times/santos/veja-galeria-de-fotos-do-treino-do-santos-nesta-sexta-feira-7/,https://static.gazetaesportiva.com/uploads/2026/07/55371230467_a1a6213e75_o.webp
2026-07-03T22:59:24.041Z,2026-07-03T16:44:03.000Z,França volta aos treinos em Boston,"A seleção francesa voltou aos treinos em Boston após a vitória sobre a Suécia.
O post França volta aos treinos em Boston apareceu primeiro em Gazeta Esportiva.",Gazeta Esportiva,https://www.gazetaesportiva.com/times/franca/franca-volta-aos-treinos-em-boston/,https://static.gazetaesportiva.com/uploads/2026/07/volt.webp
2026-07-04T00:13:55.486Z,2026-07-03T23:00:57.000Z,Criciúma x Sport: veja prováveis escalações e onde assistir ao confronto pela Série B,"Criciúma e Sport se enfrentam neste sábado, às 16h, no Heriberto Hulse, pela 16ª rodada da Série B. O Criciúma é o quarto colocado com 27 pontos e tenta encostar na liderança, enqu...",Gazeta Esportiva,https://www.gazetaesportiva.com/campeonatos/brasileiro-serie-b/criciuma-x-sport-veja-provaveis-escalacoes-e-onde-assistir-ao-confronto-pela-serie-b/,https://static.gazetaesportiva.com/uploads/2026/07/55362999456_090f33cbe5_o.webp
2026-07-04T00:13:55.486Z,2026-07-03T23:00:35.000Z,Goiás x Ceará: veja prováveis escalações e onde assistir ao jogo pela Série B,"Neste sábado, Goiás e Ceará se enfrentam pela 16ª rodada da Série B do Campeonato Brasileiro. A partida será realizada no Estádio Hailé Pinheiro (Serrinha), em Goiânia (GO), a part...",Gazeta Esportiva,https://www.gazetaesportiva.com/times/goias/goias-x-ceara-veja-provaveis-escalacoes-e-onde-assistir-ao-jogo-pela-serie-b/,https://static.gazetaesportiva.com/uploads/2026/06/HJHpxx8WkAAXlSz-1.webp
2026-07-04T00:13:55.486Z,2026-07-03T23:00:07.000Z,Londrina x CRB pela Série B do Brasileiro: veja prováveis escalações e onde assistir,"Londrina e CRB se enfrentam neste sábado, às 16h (de Brasília), no Estádio do Café, pela 16ª rodada da Série B. O Tubarão tenta deixar a zona de rebaixamento após três jogos de inv...",Gazeta Esportiva,https://www.gazetaesportiva.com/todas-as-noticias/londrina-x-crb-pela-serie-b-do-brasileiro-veja-provaveis-escalacoes-e-onde-assistir/,https://static.gazetaesportiva.com/uploads/2026/07/55367653949_b5d1f08c8d_k.webp
2026-07-04T00:13:55.486Z,2026-07-03T21:18:51.000Z,Primeiro dia de Enzo Maresca de volta ao Manchester City,"Primeiro dia de Enzo Maresca de volta ao Manchester City
O post Primeiro dia de Enzo Maresca de volta ao Manchester City apareceu primeiro em Gazeta Esportiva.",Gazeta Esportiva,https://www.gazetaesportiva.com/times/manchester-city/primeiro-dia-de-enzo-maresca-de-volta-ao-manchester-city/,https://static.gazetaesportiva.com/uploads/2026/07/nzo-Mar.webp
2026-07-04T00:13:55.486Z,2026-07-03T19:17:32.000Z,Veja fotos do treino do São Paulo nesta sexta-feira,O post Veja fotos do treino do São Paulo nesta sexta-feira apareceu primeiro em Gazeta Esportiva.,Gazeta Esportiva,https://www.gazetaesportiva.com/times/sao-paulo/veja-fotos-do-treino-do-sao-paulo-nesta-sexta-feira-17/,https://static.gazetaesportiva.com/uploads/2026/07/55372630249_1276216d19_k-1.webp
2026-07-04T00:13:55.486Z,2026-07-03T18:31:51.000Z,Bahia anuncia renovação com zagueiro Marcos Victor até 2029,"O Bahia anunciou nesta sexta-feira a renovação de contrato do zagueiro Marcos Victor. O defensor assinou um novo vínculo válido por mais duas temporadas, estendendo sua permanência...",Gazeta Esportiva,https://www.gazetaesportiva.com/times/bahia/bahia-anuncia-renovacao-com-zagueiro-marcos-victor-ate-2029/,https://static.gazetaesportiva.com/uploads/2026/07/IMAGEM_BAHIA_9.webp
2026-07-04T00:13:55.486Z,2026-07-03T18:06:32.000Z,"Flamengo terá amistoso em Brasília contra o Olímpia, do Paraguai","O Flamengo confirmou mais um amistoso de preparação para a sequência da temporada. Após uma série de jogos em Portugal contra River Plate, Lausanne-Sport e Benfica, a equipe enfren...",Gazeta Esportiva,https://www.gazetaesportiva.com/times/flamengo/flamengo-tera-amistoso-em-brasilia-contra-o-olimpia-do-paraguai/,https://static.gazetaesportiva.com/uploads/2026/07/1782916074.webp
2026-07-04T04:10:09.443Z,2026-07-04T03:04:22.000Z,"Argentina &#8220;vai competir até o fim&#8221;, garante Messi após classificação dramática","Lionel Messi destacou a postura da Argentina após a sofrida vitória por 3 a 2 sobre Cabo Verde na prorrogação, que garantiu a vaga nas oitavas de final da Copa do Mundo. O camisa 1...",Gazeta Esportiva,https://www.gazetaesportiva.com/campeonatos/copa-do-mundo/argentina-vai-competir-ate-o-fim-garante-messi-apos-classificacao-dramatica/,https://static.gazetaesportiva.com/uploads/2026/07/AFP__20260703__B98P6KG__v1__HighRes__FblWc2026Match86ArgCpv.webp
2026-07-04T04:10:09.443Z,2026-07-04T02:58:33.000Z,Veja as fotos de Colômbia x Gana pela Copa do Mundo,O post Veja as fotos de Colômbia x Gana pela Copa do Mundo apareceu primeiro em Gazeta Esportiva.,Gazeta Esportiva,https://www.gazetaesportiva.com/times/colombia/veja-as-fotos-de-colombia-x-gana-pela-copa-do-mundo/,https://static.gazetaesportiva.com/uploads/2026/07/AFP__20260704__B98U6Z7__v2__MidRes__TopshotFblWc2026Match87ColGha.webp
2026-07-04T04:10:09.443Z,2026-07-04T00:44:03.000Z,"Com gol de Messi, Argentina bate Cabo Verde na prorrogação e avança na Copa","Com gol de Messi e vitória na prorrogação, a Argentina bateu Cabo Verde por 3 a 2 e avançou às oitavas de final da Copa do Mundo.
O post Com gol de Messi, Argentina bate Cabo Verde...",Gazeta Esportiva,https://www.gazetaesportiva.com/times/argentina/com-gol-de-messi-argentina-bate-cabo-verde-na-prorrogacao-e-avanca-na-copa/,https://static.gazetaesportiva.com/uploads/2026/07/AFP__20260703__B98N9AK__v1__HighRes__FblWc2026Match86ArgCpv.webp
2026-07-04T04:10:09.443Z,2026-07-03T23:00:57.000Z,Criciúma x Sport: veja prováveis escalações e onde assistir ao confronto pela Série B,"Criciúma e Sport se enfrentam neste sábado, às 16h, no Heriberto Hulse, pela 16ª rodada da Série B. O Criciúma é o quarto colocado com 27 pontos e tenta encostar na liderança, enqu...",Gazeta Esportiva,https://www.gazetaesportiva.com/campeonatos/brasileiro-serie-b/criciuma-x-sport-veja-provaveis-escalacoes-e-onde-assistir-ao-confronto-pela-serie-b/,https://static.gazetaesportiva.com/uploads/2026/07/55362999456_090f33cbe5_o.webp
2026-07-04T04:10:09.443Z,2026-07-03T23:00:35.000Z,Goiás x Ceará: veja prováveis escalações e onde assistir ao jogo pela Série B,"Neste sábado, Goiás e Ceará se enfrentam pela 16ª rodada da Série B do Campeonato Brasileiro. A partida será realizada no Estádio Hailé Pinheiro (Serrinha), em Goiânia (GO), a part...",Gazeta Esportiva,https://www.gazetaesportiva.com/times/goias/goias-x-ceara-veja-provaveis-escalacoes-e-onde-assistir-ao-jogo-pela-serie-b/,https://static.gazetaesportiva.com/uploads/2026/06/HJHpxx8WkAAXlSz-1.webp
2026-07-04T04:10:09.443Z,2026-07-03T23:00:07.000Z,Londrina x CRB pela Série B do Brasileiro: veja prováveis escalações e onde assistir,"Londrina e CRB se enfrentam neste sábado, às 16h (de Brasília), no Estádio do Café, pela 16ª rodada da Série B. O Tubarão tenta deixar a zona de rebaixamento após três jogos de inv...",Gazeta Esportiva,https://www.gazetaesportiva.com/todas-as-noticias/londrina-x-crb-pela-serie-b-do-brasileiro-veja-provaveis-escalacoes-e-onde-assistir/,https://static.gazetaesportiva.com/uploads/2026/07/55367653949_b5d1f08c8d_k.webp
2026-07-04T04:10:09.443Z,2026-07-03T21:18:51.000Z,Primeiro dia de Enzo Maresca de volta ao Manchester City,"Primeiro dia de Enzo Maresca de volta ao Manchester City
O post Primeiro dia de Enzo Maresca de volta ao Manchester City apareceu primeiro em Gazeta Esportiva.",Gazeta Esportiva,https://www.gazetaesportiva.com/times/manchester-city/primeiro-dia-de-enzo-maresca-de-volta-ao-manchester-city/,https://static.gazetaesportiva.com/uploads/2026/07/nzo-Mar.webp
2026-07-04T04:10:09.443Z,2026-07-03T19:17:32.000Z,Veja fotos do treino do São Paulo nesta sexta-feira,O post Veja fotos do treino do São Paulo nesta sexta-feira apareceu primeiro em Gazeta Esportiva.,Gazeta Esportiva,https://www.gazetaesportiva.com/times/sao-paulo/veja-fotos-do-treino-do-sao-paulo-nesta-sexta-feira-17/,https://static.gazetaesportiva.com/uploads/2026/07/55372630249_1276216d19_k-1.webp
2026-07-04T07:21:35.789Z,2026-07-04T03:04:22.000Z,"Argentina &#8220;vai competir até o fim&#8221;, garante Messi após classificação dramática","Lionel Messi destacou a postura da Argentina após a sofrida vitória por 3 a 2 sobre Cabo Verde na prorrogação, que garantiu a vaga nas oitavas de final da Copa do Mundo. O camisa 1...",Gazeta Esportiva,https://www.gazetaesportiva.com/campeonatos/copa-do-mundo/argentina-vai-competir-ate-o-fim-garante-messi-apos-classificacao-dramatica/,https://static.gazetaesportiva.com/uploads/2026/07/AFP__20260703__B98P6KG__v1__HighRes__FblWc2026Match86ArgCpv.webp
2026-07-04T07:21:35.789Z,2026-07-04T02:58:33.000Z,Veja as fotos de Colômbia x Gana pela Copa do Mundo,O post Veja as fotos de Colômbia x Gana pela Copa do Mundo apareceu primeiro em Gazeta Esportiva.,Gazeta Esportiva,https://www.gazetaesportiva.com/times/colombia/veja-as-fotos-de-colombia-x-gana-pela-copa-do-mundo/,https://static.gazetaesportiva.com/uploads/2026/07/AFP__20260704__B98U6Z7__v2__MidRes__TopshotFblWc2026Match87ColGha.webp
2026-07-04T07:21:35.789Z,2026-07-04T00:44:03.000Z,"Com gol de Messi, Argentina bate Cabo Verde na prorrogação e avança na Copa","Com gol de Messi e vitória na prorrogação, a Argentina bateu Cabo Verde por 3 a 2 e avançou às oitavas de final da Copa do Mundo.
O post Com gol de Messi, Argentina bate Cabo Verde...",Gazeta Esportiva,https://www.gazetaesportiva.com/times/argentina/com-gol-de-messi-argentina-bate-cabo-verde-na-prorrogacao-e-avanca-na-copa/,https://static.gazetaesportiva.com/uploads/2026/07/AFP__20260703__B98N9AK__v1__HighRes__FblWc2026Match86ArgCpv.webp
2026-07-04T07:21:35.789Z,2026-07-03T23:00:57.000Z,Criciúma x Sport: veja prováveis escalações e onde assistir ao confronto pela Série B,"Criciúma e Sport se enfrentam neste sábado, às 16h, no Heriberto Hulse, pela 16ª rodada da Série B. O Criciúma é o quarto colocado com 27 pontos e tenta encostar na liderança, enqu...",Gazeta Esportiva,https://www.gazetaesportiva.com/campeonatos/brasileiro-serie-b/criciuma-x-sport-veja-provaveis-escalacoes-e-onde-assistir-ao-confronto-pela-serie-b/,https://static.gazetaesportiva.com/uploads/2026/07/55362999456_090f33cbe5_o.webp
2026-07-04T07:21:35.789Z,2026-07-03T23:00:35.000Z,Goiás x Ceará: veja prováveis escalações e onde assistir ao jogo pela Série B,"Neste sábado, Goiás e Ceará se enfrentam pela 16ª rodada da Série B do Campeonato Brasileiro. A partida será realizada no Estádio Hailé Pinheiro (Serrinha), em Goiânia (GO), a part...",Gazeta Esportiva,https://www.gazetaesportiva.com/times/goias/goias-x-ceara-veja-provaveis-escalacoes-e-onde-assistir-ao-jogo-pela-serie-b/,https://static.gazetaesportiva.com/uploads/2026/06/HJHpxx8WkAAXlSz-1.webp
2026-07-04T07:21:35.789Z,2026-07-03T23:00:07.000Z,Londrina x CRB pela Série B do Brasileiro: veja prováveis escalações e onde assistir,"Londrina e CRB se enfrentam neste sábado, às 16h (de Brasília), no Estádio do Café, pela 16ª rodada da Série B. O Tubarão tenta deixar a zona de rebaixamento após três jogos de inv...",Gazeta Esportiva,https://www.gazetaesportiva.com/todas-as-noticias/londrina-x-crb-pela-serie-b-do-brasileiro-veja-provaveis-escalacoes-e-onde-assistir/,https://static.gazetaesportiva.com/uploads/2026/07/55367653949_b5d1f08c8d_k.webp
2026-07-04T07:21:35.789Z,2026-07-03T21:18:51.000Z,Primeiro dia de Enzo Maresca de volta ao Manchester City,"Primeiro dia de Enzo Maresca de volta ao Manchester City
O post Primeiro dia de Enzo Maresca de volta ao Manchester City apareceu primeiro em Gazeta Esportiva.",Gazeta Esportiva,https://www.gazetaesportiva.com/times/manchester-city/primeiro-dia-de-enzo-maresca-de-volta-ao-manchester-city/,https://static.gazetaesportiva.com/uploads/2026/07/nzo-Mar.webp
2026-07-04T07:21:35.789Z,2026-07-03T19:17:32.000Z,Veja fotos do treino do São Paulo nesta sexta-feira,O post Veja fotos do treino do São Paulo nesta sexta-feira apareceu primeiro em Gazeta Esportiva.,Gazeta Esportiva,https://www.gazetaesportiva.com/times/sao-paulo/veja-fotos-do-treino-do-sao-paulo-nesta-sexta-feira-17/,https://static.gazetaesportiva.com/uploads/2026/07/55372630249_1276216d19_k-1.webp
2026-07-04T09:35:05.290Z,2026-07-04T03:04:22.000Z,"Argentina &#8220;vai competir até o fim&#8221;, garante Messi após classificação dramática","Lionel Messi destacou a postura da Argentina após a sofrida vitória por 3 a 2 sobre Cabo Verde na prorrogação, que garantiu a vaga nas oitavas de final da Copa do Mundo. O camisa 1...",Gazeta Esportiva,https://www.gazetaesportiva.com/campeonatos/copa-do-mundo/argentina-vai-competir-ate-o-fim-garante-messi-apos-classificacao-dramatica/,https://static.gazetaesportiva.com/uploads/2026/07/AFP__20260703__B98P6KG__v1__HighRes__FblWc2026Match86ArgCpv.webp
2026-07-04T09:35:05.290Z,2026-07-04T02:58:33.000Z,Veja as fotos de Colômbia x Gana pela Copa do Mundo,O post Veja as fotos de Colômbia x Gana pela Copa do Mundo apareceu primeiro em Gazeta Esportiva.,Gazeta Esportiva,https://www.gazetaesportiva.com/times/colombia/veja-as-fotos-de-colombia-x-gana-pela-copa-do-mundo/,https://static.gazetaesportiva.com/uploads/2026/07/AFP__20260704__B98U6Z7__v2__MidRes__TopshotFblWc2026Match87ColGha.webp
2026-07-04T09:35:05.290Z,2026-07-04T00:44:03.000Z,"Com gol de Messi, Argentina bate Cabo Verde na prorrogação e avança na Copa","Com gol de Messi e vitória na prorrogação, a Argentina bateu Cabo Verde por 3 a 2 e avançou às oitavas de final da Copa do Mundo.
O post Com gol de Messi, Argentina bate Cabo Verde...",Gazeta Esportiva,https://www.gazetaesportiva.com/times/argentina/com-gol-de-messi-argentina-bate-cabo-verde-na-prorrogacao-e-avanca-na-copa/,https://static.gazetaesportiva.com/uploads/2026/07/AFP__20260703__B98N9AK__v1__HighRes__FblWc2026Match86ArgCpv.webp
2026-07-04T09:35:05.290Z,2026-07-03T23:00:57.000Z,Criciúma x Sport: veja prováveis escalações e onde assistir ao confronto pela Série B,"Criciúma e Sport se enfrentam neste sábado, às 16h, no Heriberto Hulse, pela 16ª rodada da Série B. O Criciúma é o quarto colocado com 27 pontos e tenta encostar na liderança, enqu...",Gazeta Esportiva,https://www.gazetaesportiva.com/campeonatos/brasileiro-serie-b/criciuma-x-sport-veja-provaveis-escalacoes-e-onde-assistir-ao-confronto-pela-serie-b/,https://static.gazetaesportiva.com/uploads/2026/07/55362999456_090f33cbe5_o.webp
2026-07-04T09:35:05.290Z,2026-07-03T23:00:35.000Z,Goiás x Ceará: veja prováveis escalações e onde assistir ao jogo pela Série B,"Neste sábado, Goiás e Ceará se enfrentam pela 16ª rodada da Série B do Campeonato Brasileiro. A partida será realizada no Estádio Hailé Pinheiro (Serrinha), em Goiânia (GO), a part...",Gazeta Esportiva,https://www.gazetaesportiva.com/times/goias/goias-x-ceara-veja-provaveis-escalacoes-e-onde-assistir-ao-jogo-pela-serie-b/,https://static.gazetaesportiva.com/uploads/2026/06/HJHpxx8WkAAXlSz-1.webp
2026-07-04T09:35:05.290Z,2026-07-03T23:00:07.000Z,Londrina x CRB pela Série B do Brasileiro: veja prováveis escalações e onde assistir,"Londrina e CRB se enfrentam neste sábado, às 16h (de Brasília), no Estádio do Café, pela 16ª rodada da Série B. O Tubarão tenta deixar a zona de rebaixamento após três jogos de inv...",Gazeta Esportiva,https://www.gazetaesportiva.com/todas-as-noticias/londrina-x-crb-pela-serie-b-do-brasileiro-veja-provaveis-escalacoes-e-onde-assistir/,https://static.gazetaesportiva.com/uploads/2026/07/55367653949_b5d1f08c8d_k.webp
2026-07-04T09:35:05.290Z,2026-07-03T21:18:51.000Z,Primeiro dia de Enzo Maresca de volta ao Manchester City,"Primeiro dia de Enzo Maresca de volta ao Manchester City
O post Primeiro dia de Enzo Maresca de volta ao Manchester City apareceu primeiro em Gazeta Esportiva.",Gazeta Esportiva,https://www.gazetaesportiva.com/times/manchester-city/primeiro-dia-de-enzo-maresca-de-volta-ao-manchester-city/,https://static.gazetaesportiva.com/uploads/2026/07/nzo-Mar.webp
2026-07-04T09:35:05.290Z,2026-07-03T19:17:32.000Z,Veja fotos do treino do São Paulo nesta sexta-feira,O post Veja fotos do treino do São Paulo nesta sexta-feira apareceu primeiro em Gazeta Esportiva.,Gazeta Esportiva,https://www.gazetaesportiva.com/times/sao-paulo/veja-fotos-do-treino-do-sao-paulo-nesta-sexta-feira-17/,https://static.gazetaesportiva.com/uploads/2026/07/55372630249_1276216d19_k-1.webp
2026-07-04T11:23:51.318Z,2026-07-04T03:04:22.000Z,"Argentina &#8220;vai competir até o fim&#8221;, garante Messi após classificação dramática","Lionel Messi destacou a postura da Argentina após a sofrida vitória por 3 a 2 sobre Cabo Verde na prorrogação, que garantiu a vaga nas oitavas de final da Copa do Mundo. O camisa 1...",Gazeta Esportiva,https://www.gazetaesportiva.com/campeonatos/copa-do-mundo/argentina-vai-competir-ate-o-fim-garante-messi-apos-classificacao-dramatica/,https://static.gazetaesportiva.com/uploads/2026/07/AFP__20260703__B98P6KG__v1__HighRes__FblWc2026Match86ArgCpv.webp
2026-07-04T11:23:51.318Z,2026-07-04T02:58:33.000Z,Veja as fotos de Colômbia x Gana pela Copa do Mundo,O post Veja as fotos de Colômbia x Gana pela Copa do Mundo apareceu primeiro em Gazeta Esportiva.,Gazeta Esportiva,https://www.gazetaesportiva.com/times/colombia/veja-as-fotos-de-colombia-x-gana-pela-copa-do-mundo/,https://static.gazetaesportiva.com/uploads/2026/07/AFP__20260704__B98U6Z7__v2__MidRes__TopshotFblWc2026Match87ColGha.webp
2026-07-04T11:23:51.318Z,2026-07-04T00:44:03.000Z,"Com gol de Messi, Argentina bate Cabo Verde na prorrogação e avança na Copa","Com gol de Messi e vitória na prorrogação, a Argentina bateu Cabo Verde por 3 a 2 e avançou às oitavas de final da Copa do Mundo.
O post Com gol de Messi, Argentina bate Cabo Verde...",Gazeta Esportiva,https://www.gazetaesportiva.com/times/argentina/com-gol-de-messi-argentina-bate-cabo-verde-na-prorrogacao-e-avanca-na-copa/,https://static.gazetaesportiva.com/uploads/2026/07/AFP__20260703__B98N9AK__v1__HighRes__FblWc2026Match86ArgCpv.webp
2026-07-04T11:23:51.318Z,2026-07-03T23:00:57.000Z,Criciúma x Sport: veja prováveis escalações e onde assistir ao confronto pela Série B,"Criciúma e Sport se enfrentam neste sábado, às 16h, no Heriberto Hulse, pela 16ª rodada da Série B. O Criciúma é o quarto colocado com 27 pontos e tenta encostar na liderança, enqu...",Gazeta Esportiva,https://www.gazetaesportiva.com/campeonatos/brasileiro-serie-b/criciuma-x-sport-veja-provaveis-escalacoes-e-onde-assistir-ao-confronto-pela-serie-b/,https://static.gazetaesportiva.com/uploads/2026/07/55362999456_090f33cbe5_o.webp
2026-07-04T11:23:51.318Z,2026-07-03T23:00:35.000Z,Goiás x Ceará: veja prováveis escalações e onde assistir ao jogo pela Série B,"Neste sábado, Goiás e Ceará se enfrentam pela 16ª rodada da Série B do Campeonato Brasileiro. A partida será realizada no Estádio Hailé Pinheiro (Serrinha), em Goiânia (GO), a part...",Gazeta Esportiva,https://www.gazetaesportiva.com/times/goias/goias-x-ceara-veja-provaveis-escalacoes-e-onde-assistir-ao-jogo-pela-serie-b/,https://static.gazetaesportiva.com/uploads/2026/06/HJHpxx8WkAAXlSz-1.webp
2026-07-04T11:23:51.318Z,2026-07-03T23:00:07.000Z,Londrina x CRB pela Série B do Brasileiro: veja prováveis escalações e onde assistir,"Londrina e CRB se enfrentam neste sábado, às 16h (de Brasília), no Estádio do Café, pela 16ª rodada da Série B. O Tubarão tenta deixar a zona de rebaixamento após três jogos de inv...",Gazeta Esportiva,https://www.gazetaesportiva.com/todas-as-noticias/londrina-x-crb-pela-serie-b-do-brasileiro-veja-provaveis-escalacoes-e-onde-assistir/,https://static.gazetaesportiva.com/uploads/2026/07/55367653949_b5d1f08c8d_k.webp
2026-07-04T11:23:51.318Z,2026-07-03T21:18:51.000Z,Primeiro dia de Enzo Maresca de volta ao Manchester City,"Primeiro dia de Enzo Maresca de volta ao Manchester City
O post Primeiro dia de Enzo Maresca de volta ao Manchester City apareceu primeiro em Gazeta Esportiva.",Gazeta Esportiva,https://www.gazetaesportiva.com/times/manchester-city/primeiro-dia-de-enzo-maresca-de-volta-ao-manchester-city/,https://static.gazetaesportiva.com/uploads/2026/07/nzo-Mar.webp
2026-07-04T12:43:00.510Z,2026-07-04T12:36:24.000Z,"&#8220;Fizeram uma partidaça&#8221;, comemora técnico da Colômbia após classificação para oitavas da Copa","O técnico da Colômbia, o argentino Néstor Lorenzo, classificou a vitória de sua equipe por 1 a 0 sobre Gana na sexta-feira (3), que garantiu a vaga nas oitavas de final da Copa do ...",Gazeta Esportiva,https://www.gazetaesportiva.com/times/colombia/fizeram-uma-partidaca-comemora-tecnico-da-colombia-apos-classificacao-para-oitavas-da-copa/,https://static.gazetaesportiva.com/uploads/2026/07/AFP__20260704__B98V6TP__v1__HighRes__FblWc2026Match87ColGha.webp
2026-07-04T12:43:00.510Z,2026-07-04T12:15:11.000Z,Veja fotos da corrida sprint do GP da Grã-Bretanha de F1,O post Veja fotos da corrida sprint do GP da Grã-Bretanha de F1 apareceu primeiro em Gazeta Esportiva.,Gazeta Esportiva,https://www.gazetaesportiva.com/motor/formula-1/veja-fotos-da-corrida-sprint-do-gp-da-gra-bretanha-de-f1/,https://static.gazetaesportiva.com/uploads/2026/07/AFP__20260704__B99D2TX__v1__HighRes__776432944.webp
2026-07-04T12:43:00.510Z,2026-07-04T03:04:22.000Z,"Argentina &#8220;vai competir até o fim&#8221;, garante Messi após classificação dramática","Lionel Messi destacou a postura da Argentina após a sofrida vitória por 3 a 2 sobre Cabo Verde na prorrogação, que garantiu a vaga nas oitavas de final da Copa do Mundo. O camisa 1...",Gazeta Esportiva,https://www.gazetaesportiva.com/campeonatos/copa-do-mundo/argentina-vai-competir-ate-o-fim-garante-messi-apos-classificacao-dramatica/,https://static.gazetaesportiva.com/uploads/2026/07/AFP__20260703__B98P6KG__v1__HighRes__FblWc2026Match86ArgCpv.webp
2026-07-04T12:43:00.510Z,2026-07-04T02:58:33.000Z,Veja as fotos de Colômbia x Gana pela Copa do Mundo,O post Veja as fotos de Colômbia x Gana pela Copa do Mundo apareceu primeiro em Gazeta Esportiva.,Gazeta Esportiva,https://www.gazetaesportiva.com/times/colombia/veja-as-fotos-de-colombia-x-gana-pela-copa-do-mundo/,https://static.gazetaesportiva.com/uploads/2026/07/AFP__20260704__B98U6Z7__v2__MidRes__TopshotFblWc2026Match87ColGha.webp
2026-07-04T12:43:00.510Z,2026-07-04T00:44:03.000Z,"Com gol de Messi, Argentina bate Cabo Verde na prorrogação e avança na Copa","Com gol de Messi e vitória na prorrogação, a Argentina bateu Cabo Verde por 3 a 2 e avançou às oitavas de final da Copa do Mundo.
O post Com gol de Messi, Argentina bate Cabo Verde...",Gazeta Esportiva,https://www.gazetaesportiva.com/times/argentina/com-gol-de-messi-argentina-bate-cabo-verde-na-prorrogacao-e-avanca-na-copa/,https://static.gazetaesportiva.com/uploads/2026/07/AFP__20260703__B98N9AK__v1__HighRes__FblWc2026Match86ArgCpv.webp
2026-07-04T12:43:00.510Z,2026-07-03T23:00:57.000Z,Criciúma x Sport: veja prováveis escalações e onde assistir ao confronto pela Série B,"Criciúma e Sport se enfrentam neste sábado, às 16h, no Heriberto Hulse, pela 16ª rodada da Série B. O Criciúma é o quarto colocado com 27 pontos e tenta encostar na liderança, enqu...",Gazeta Esportiva,https://www.gazetaesportiva.com/campeonatos/brasileiro-serie-b/criciuma-x-sport-veja-provaveis-escalacoes-e-onde-assistir-ao-confronto-pela-serie-b/,https://static.gazetaesportiva.com/uploads/2026/07/55362999456_090f33cbe5_o.webp
2026-07-04T12:43:00.510Z,2026-07-03T23:00:35.000Z,Goiás x Ceará: veja prováveis escalações e onde assistir ao jogo pela Série B,"Neste sábado, Goiás e Ceará se enfrentam pela 16ª rodada da Série B do Campeonato Brasileiro. A partida será realizada no Estádio Hailé Pinheiro (Serrinha), em Goiânia (GO), a part...",Gazeta Esportiva,https://www.gazetaesportiva.com/times/goias/goias-x-ceara-veja-provaveis-escalacoes-e-onde-assistir-ao-jogo-pela-serie-b/,https://static.gazetaesportiva.com/uploads/2026/06/HJHpxx8WkAAXlSz-1.webp
2026-07-04T12:43:00.510Z,2026-07-03T23:00:07.000Z,Londrina x CRB pela Série B do Brasileiro: veja prováveis escalações e onde assistir,"Londrina e CRB se enfrentam neste sábado, às 16h (de Brasília), no Estádio do Café, pela 16ª rodada da Série B. O Tubarão tenta deixar a zona de rebaixamento após três jogos de inv...",Gazeta Esportiva,https://www.gazetaesportiva.com/todas-as-noticias/londrina-x-crb-pela-serie-b-do-brasileiro-veja-provaveis-escalacoes-e-onde-assistir/,https://static.gazetaesportiva.com/uploads/2026/07/55367653949_b5d1f08c8d_k.webp
2026-07-04T12:43:00.510Z,2026-07-03T21:18:51.000Z,Primeiro dia de Enzo Maresca de volta ao Manchester City,"Primeiro dia de Enzo Maresca de volta ao Manchester City
O post Primeiro dia de Enzo Maresca de volta ao Manchester City apareceu primeiro em Gazeta Esportiva.",Gazeta Esportiva,https://www.gazetaesportiva.com/times/manchester-city/primeiro-dia-de-enzo-maresca-de-volta-ao-manchester-city/,https://static.gazetaesportiva.com/uploads/2026/07/nzo-Mar.webp
2026-07-04T14:27:00.135Z,2026-07-04T13:26:16.000Z,"&#8220;Como uma vitória&#8221;: apesar da eliminação, Cabo Verde festeja grande jogo contra Argentina","Aplausos, tambores e buzinas: a derrota de Cabo Verde para a Argentina na prorrogação foi celebrada na madrugada em Praia como se fosse uma vitória, embora tenha marcado o fim do s...",Gazeta Esportiva,https://www.gazetaesportiva.com/cabo-verde/como-uma-vitoria-apesar-da-eliminacao-cabo-verde-festeja-grande-jogo-contra-argentina/,https://static.gazetaesportiva.com/uploads/2026/07/AFP__20260704__B98R6J2__v1__HighRes__FblWc2026Match86ArgCpv.webp
2026-07-04T14:27:00.135Z,2026-07-04T12:36:24.000Z,"&#8220;Fizeram uma partidaça&#8221;, comemora técnico da Colômbia após classificação para oitavas da Copa","O técnico da Colômbia, o argentino Néstor Lorenzo, classificou a vitória de sua equipe por 1 a 0 sobre Gana na sexta-feira (3), que garantiu a vaga nas oitavas de final da Copa do ...",Gazeta Esportiva,https://www.gazetaesportiva.com/times/colombia/fizeram-uma-partidaca-comemora-tecnico-da-colombia-apos-classificacao-para-oitavas-da-copa/,https://static.gazetaesportiva.com/uploads/2026/07/AFP__20260704__B98V6TP__v1__HighRes__FblWc2026Match87ColGha.webp
2026-07-04T14:27:00.135Z,2026-07-04T12:15:11.000Z,Veja fotos da corrida sprint do GP da Grã-Bretanha de F1,O post Veja fotos da corrida sprint do GP da Grã-Bretanha de F1 apareceu primeiro em Gazeta Esportiva.,Gazeta Esportiva,https://www.gazetaesportiva.com/motor/formula-1/veja-fotos-da-corrida-sprint-do-gp-da-gra-bretanha-de-f1/,https://static.gazetaesportiva.com/uploads/2026/07/AFP__20260704__B99D2TX__v1__HighRes__776432944.webp
2026-07-04T14:27:00.135Z,2026-07-04T03:04:22.000Z,"Argentina &#8220;vai competir até o fim&#8221;, garante Messi após classificação dramática","Lionel Messi destacou a postura da Argentina após a sofrida vitória por 3 a 2 sobre Cabo Verde na prorrogação, que garantiu a vaga nas oitavas de final da Copa do Mundo. O camisa 1...",Gazeta Esportiva,https://www.gazetaesportiva.com/campeonatos/copa-do-mundo/argentina-vai-competir-ate-o-fim-garante-messi-apos-classificacao-dramatica/,https://static.gazetaesportiva.com/uploads/2026/07/AFP__20260703__B98P6KG__v1__HighRes__FblWc2026Match86ArgCpv.webp
2026-07-04T14:27:00.135Z,2026-07-04T02:58:33.000Z,Veja as fotos de Colômbia x Gana pela Copa do Mundo,O post Veja as fotos de Colômbia x Gana pela Copa do Mundo apareceu primeiro em Gazeta Esportiva.,Gazeta Esportiva,https://www.gazetaesportiva.com/times/colombia/veja-as-fotos-de-colombia-x-gana-pela-copa-do-mundo/,https://static.gazetaesportiva.com/uploads/2026/07/AFP__20260704__B98U6Z7__v2__MidRes__TopshotFblWc2026Match87ColGha.webp
2026-07-04T14:27:00.135Z,2026-07-04T00:44:03.000Z,"Com gol de Messi, Argentina bate Cabo Verde na prorrogação e avança na Copa","Com gol de Messi e vitória na prorrogação, a Argentina bateu Cabo Verde por 3 a 2 e avançou às oitavas de final da Copa do Mundo.
O post Com gol de Messi, Argentina bate Cabo Verde...",Gazeta Esportiva,https://www.gazetaesportiva.com/times/argentina/com-gol-de-messi-argentina-bate-cabo-verde-na-prorrogacao-e-avanca-na-copa/,https://static.gazetaesportiva.com/uploads/2026/07/AFP__20260703__B98N9AK__v1__HighRes__FblWc2026Match86ArgCpv.webp
2026-07-04T14:27:00.135Z,2026-07-03T23:00:57.000Z,Criciúma x Sport: veja prováveis escalações e onde assistir ao confronto pela Série B,"Criciúma e Sport se enfrentam neste sábado, às 16h, no Heriberto Hulse, pela 16ª rodada da Série B. O Criciúma é o quarto colocado com 27 pontos e tenta encostar na liderança, enqu...",Gazeta Esportiva,https://www.gazetaesportiva.com/campeonatos/brasileiro-serie-b/criciuma-x-sport-veja-provaveis-escalacoes-e-onde-assistir-ao-confronto-pela-serie-b/,https://static.gazetaesportiva.com/uploads/2026/07/55362999456_090f33cbe5_o.webp
2026-07-04T14:27:00.135Z,2026-07-03T23:00:35.000Z,Goiás x Ceará: veja prováveis escalações e onde assistir ao jogo pela Série B,"Neste sábado, Goiás e Ceará se enfrentam pela 16ª rodada da Série B do Campeonato Brasileiro. A partida será realizada no Estádio Hailé Pinheiro (Serrinha), em Goiânia (GO), a part...",Gazeta Esportiva,https://www.gazetaesportiva.com/times/goias/goias-x-ceara-veja-provaveis-escalacoes-e-onde-assistir-ao-jogo-pela-serie-b/,https://static.gazetaesportiva.com/uploads/2026/06/HJHpxx8WkAAXlSz-1.webp
2026-07-04T14:27:00.135Z,2026-07-03T23:00:07.000Z,Londrina x CRB pela Série B do Brasileiro: veja prováveis escalações e onde assistir,"Londrina e CRB se enfrentam neste sábado, às 16h (de Brasília), no Estádio do Café, pela 16ª rodada da Série B. O Tubarão tenta deixar a zona de rebaixamento após três jogos de inv...",Gazeta Esportiva,https://www.gazetaesportiva.com/todas-as-noticias/londrina-x-crb-pela-serie-b-do-brasileiro-veja-provaveis-escalacoes-e-onde-assistir/,https://static.gazetaesportiva.com/uploads/2026/07/55367653949_b5d1f08c8d_k.webp
2026-07-04T14:27:00.135Z,2026-07-03T21:18:51.000Z,Primeiro dia de Enzo Maresca de volta ao Manchester City,"Primeiro dia de Enzo Maresca de volta ao Manchester City
O post Primeiro dia de Enzo Maresca de volta ao Manchester City apareceu primeiro em Gazeta Esportiva.",Gazeta Esportiva,https://www.gazetaesportiva.com/times/manchester-city/primeiro-dia-de-enzo-maresca-de-volta-ao-manchester-city/,https://static.gazetaesportiva.com/uploads/2026/07/nzo-Mar.webp
2026-07-04T15:42:11.827Z,2026-07-04T13:26:16.000Z,"&#8220;Como uma vitória&#8221;: apesar da eliminação, Cabo Verde festeja grande jogo contra Argentina","Aplausos, tambores e buzinas: a derrota de Cabo Verde para a Argentina na prorrogação foi celebrada na madrugada em Praia como se fosse uma vitória, embora tenha marcado o fim do s...",Gazeta Esportiva,https://www.gazetaesportiva.com/cabo-verde/como-uma-vitoria-apesar-da-eliminacao-cabo-verde-festeja-grande-jogo-contra-argentina/,https://static.gazetaesportiva.com/uploads/2026/07/AFP__20260704__B98R6J2__v1__HighRes__FblWc2026Match86ArgCpv.webp
2026-07-04T15:42:11.827Z,2026-07-04T12:36:24.000Z,"&#8220;Fizeram uma partidaça&#8221;, comemora técnico da Colômbia após classificação para oitavas da Copa","O técnico da Colômbia, o argentino Néstor Lorenzo, classificou a vitória de sua equipe por 1 a 0 sobre Gana na sexta-feira (3), que garantiu a vaga nas oitavas de final da Copa do ...",Gazeta Esportiva,https://www.gazetaesportiva.com/times/colombia/fizeram-uma-partidaca-comemora-tecnico-da-colombia-apos-classificacao-para-oitavas-da-copa/,https://static.gazetaesportiva.com/uploads/2026/07/AFP__20260704__B98V6TP__v1__HighRes__FblWc2026Match87ColGha.webp
2026-07-04T15:42:11.827Z,2026-07-04T12:15:11.000Z,Veja fotos da corrida sprint do GP da Grã-Bretanha de F1,O post Veja fotos da corrida sprint do GP da Grã-Bretanha de F1 apareceu primeiro em Gazeta Esportiva.,Gazeta Esportiva,https://www.gazetaesportiva.com/motor/formula-1/veja-fotos-da-corrida-sprint-do-gp-da-gra-bretanha-de-f1/,https://static.gazetaesportiva.com/uploads/2026/07/AFP__20260704__B99D2TX__v1__HighRes__776432944.webp
2026-07-04T15:42:11.827Z,2026-07-04T03:04:22.000Z,"Argentina &#8220;vai competir até o fim&#8221;, garante Messi após classificação dramática","Lionel Messi destacou a postura da Argentina após a sofrida vitória por 3 a 2 sobre Cabo Verde na prorrogação, que garantiu a vaga nas oitavas de final da Copa do Mundo. O camisa 1...",Gazeta Esportiva,https://www.gazetaesportiva.com/campeonatos/copa-do-mundo/argentina-vai-competir-ate-o-fim-garante-messi-apos-classificacao-dramatica/,https://static.gazetaesportiva.com/uploads/2026/07/AFP__20260703__B98P6KG__v1__HighRes__FblWc2026Match86ArgCpv.webp
2026-07-04T15:42:11.827Z,2026-07-04T02:58:33.000Z,Veja as fotos de Colômbia x Gana pela Copa do Mundo,O post Veja as fotos de Colômbia x Gana pela Copa do Mundo apareceu primeiro em Gazeta Esportiva.,Gazeta Esportiva,https://www.gazetaesportiva.com/times/colombia/veja-as-fotos-de-colombia-x-gana-pela-copa-do-mundo/,https://static.gazetaesportiva.com/uploads/2026/07/AFP__20260704__B98U6Z7__v2__MidRes__TopshotFblWc2026Match87ColGha.webp
2026-07-04T15:42:11.827Z,2026-07-04T00:44:03.000Z,"Com gol de Messi, Argentina bate Cabo Verde na prorrogação e avança na Copa","Com gol de Messi e vitória na prorrogação, a Argentina bateu Cabo Verde por 3 a 2 e avançou às oitavas de final da Copa do Mundo.
O post Com gol de Messi, Argentina bate Cabo Verde...",Gazeta Esportiva,https://www.gazetaesportiva.com/times/argentina/com-gol-de-messi-argentina-bate-cabo-verde-na-prorrogacao-e-avanca-na-copa/,https://static.gazetaesportiva.com/uploads/2026/07/AFP__20260703__B98N9AK__v1__HighRes__FblWc2026Match86ArgCpv.webp
2026-07-04T15:42:11.827Z,2026-07-03T23:00:57.000Z,Criciúma x Sport: veja prováveis escalações e onde assistir ao confronto pela Série B,"Criciúma e Sport se enfrentam neste sábado, às 16h, no Heriberto Hulse, pela 16ª rodada da Série B. O Criciúma é o quarto colocado com 27 pontos e tenta encostar na liderança, enqu...",Gazeta Esportiva,https://www.gazetaesportiva.com/campeonatos/brasileiro-serie-b/criciuma-x-sport-veja-provaveis-escalacoes-e-onde-assistir-ao-confronto-pela-serie-b/,https://static.gazetaesportiva.com/uploads/2026/07/55362999456_090f33cbe5_o.webp
2026-07-04T15:42:11.827Z,2026-07-03T23:00:35.000Z,Goiás x Ceará: veja prováveis escalações e onde assistir ao jogo pela Série B,"Neste sábado, Goiás e Ceará se enfrentam pela 16ª rodada da Série B do Campeonato Brasileiro. A partida será realizada no Estádio Hailé Pinheiro (Serrinha), em Goiânia (GO), a part...",Gazeta Esportiva,https://www.gazetaesportiva.com/times/goias/goias-x-ceara-veja-provaveis-escalacoes-e-onde-assistir-ao-jogo-pela-serie-b/,https://static.gazetaesportiva.com/uploads/2026/06/HJHpxx8WkAAXlSz-1.webp
2026-07-04T15:42:11.827Z,2026-07-03T23:00:07.000Z,Londrina x CRB pela Série B do Brasileiro: veja prováveis escalações e onde assistir,"Londrina e CRB se enfrentam neste sábado, às 16h (de Brasília), no Estádio do Café, pela 16ª rodada da Série B. O Tubarão tenta deixar a zona de rebaixamento após três jogos de inv...",Gazeta Esportiva,https://www.gazetaesportiva.com/todas-as-noticias/londrina-x-crb-pela-serie-b-do-brasileiro-veja-provaveis-escalacoes-e-onde-assistir/,https://static.gazetaesportiva.com/uploads/2026/07/55367653949_b5d1f08c8d_k.webp
2026-07-04T15:42:11.827Z,2026-07-03T21:18:51.000Z,Primeiro dia de Enzo Maresca de volta ao Manchester City,"Primeiro dia de Enzo Maresca de volta ao Manchester City
O post Primeiro dia de Enzo Maresca de volta ao Manchester City apareceu primeiro em Gazeta Esportiva.",Gazeta Esportiva,https://www.gazetaesportiva.com/times/manchester-city/primeiro-dia-de-enzo-maresca-de-volta-ao-manchester-city/,https://static.gazetaesportiva.com/uploads/2026/07/nzo-Mar.webp
2026-07-04T17:01:09.817Z,2026-07-04T16:35:53.000Z,João Ananias celebra primeiro gol como profissional pelo Santos: &#8220;Sensação inexplicável&#8221;,"João Ananias foi um dos destaques da vitória do Santos por 3 a 0 sobre o União São João, em amistoso disputado neste sábado. O jovem marcou um dos três gols da equipe e, após a par...",Gazeta Esportiva,https://www.gazetaesportiva.com/times/santos/joao-ananias-celebra-primeiro-gol-como-profissional-pelo-santos-sensacao-inexplicavel/,https://static.gazetaesportiva.com/uploads/2026/07/HMZTdLDWMAAMoEw-1.webp
2026-07-04T17:01:09.817Z,2026-07-04T13:26:16.000Z,"&#8220;Como uma vitória&#8221;: apesar da eliminação, Cabo Verde festeja grande jogo contra Argentina","Aplausos, tambores e buzinas: a derrota de Cabo Verde para a Argentina na prorrogação foi celebrada na madrugada em Praia como se fosse uma vitória, embora tenha marcado o fim do s...",Gazeta Esportiva,https://www.gazetaesportiva.com/cabo-verde/como-uma-vitoria-apesar-da-eliminacao-cabo-verde-festeja-grande-jogo-contra-argentina/,https://static.gazetaesportiva.com/uploads/2026/07/AFP__20260704__B98R6J2__v1__HighRes__FblWc2026Match86ArgCpv.webp
2026-07-04T17:01:09.817Z,2026-07-04T12:36:24.000Z,"&#8220;Fizeram uma partidaça&#8221;, comemora técnico da Colômbia após classificação para oitavas da Copa","O técnico da Colômbia, o argentino Néstor Lorenzo, classificou a vitória de sua equipe por 1 a 0 sobre Gana na sexta-feira (3), que garantiu a vaga nas oitavas de final da Copa do ...",Gazeta Esportiva,https://www.gazetaesportiva.com/times/colombia/fizeram-uma-partidaca-comemora-tecnico-da-colombia-apos-classificacao-para-oitavas-da-copa/,https://static.gazetaesportiva.com/uploads/2026/07/AFP__20260704__B98V6TP__v1__HighRes__FblWc2026Match87ColGha.webp
2026-07-04T17:01:09.817Z,2026-07-04T12:15:11.000Z,Veja fotos da corrida sprint do GP da Grã-Bretanha de F1,O post Veja fotos da corrida sprint do GP da Grã-Bretanha de F1 apareceu primeiro em Gazeta Esportiva.,Gazeta Esportiva,https://www.gazetaesportiva.com/motor/formula-1/veja-fotos-da-corrida-sprint-do-gp-da-gra-bretanha-de-f1/,https://static.gazetaesportiva.com/uploads/2026/07/AFP__20260704__B99D2TX__v1__HighRes__776432944.webp
2026-07-04T17:01:09.817Z,2026-07-04T03:04:22.000Z,"Argentina &#8220;vai competir até o fim&#8221;, garante Messi após classificação dramática","Lionel Messi destacou a postura da Argentina após a sofrida vitória por 3 a 2 sobre Cabo Verde na prorrogação, que garantiu a vaga nas oitavas de final da Copa do Mundo. O camisa 1...",Gazeta Esportiva,https://www.gazetaesportiva.com/campeonatos/copa-do-mundo/argentina-vai-competir-ate-o-fim-garante-messi-apos-classificacao-dramatica/,https://static.gazetaesportiva.com/uploads/2026/07/AFP__20260703__B98P6KG__v1__HighRes__FblWc2026Match86ArgCpv.webp
2026-07-04T17:01:09.817Z,2026-07-04T02:58:33.000Z,Veja as fotos de Colômbia x Gana pela Copa do Mundo,O post Veja as fotos de Colômbia x Gana pela Copa do Mundo apareceu primeiro em Gazeta Esportiva.,Gazeta Esportiva,https://www.gazetaesportiva.com/times/colombia/veja-as-fotos-de-colombia-x-gana-pela-copa-do-mundo/,https://static.gazetaesportiva.com/uploads/2026/07/AFP__20260704__B98U6Z7__v2__MidRes__TopshotFblWc2026Match87ColGha.webp
2026-07-04T17:01:09.817Z,2026-07-04T00:44:03.000Z,"Com gol de Messi, Argentina bate Cabo Verde na prorrogação e avança na Copa","Com gol de Messi e vitória na prorrogação, a Argentina bateu Cabo Verde por 3 a 2 e avançou às oitavas de final da Copa do Mundo.
O post Com gol de Messi, Argentina bate Cabo Verde...",Gazeta Esportiva,https://www.gazetaesportiva.com/times/argentina/com-gol-de-messi-argentina-bate-cabo-verde-na-prorrogacao-e-avanca-na-copa/,https://static.gazetaesportiva.com/uploads/2026/07/AFP__20260703__B98N9AK__v1__HighRes__FblWc2026Match86ArgCpv.webp
2026-07-04T17:01:09.817Z,2026-07-03T23:00:57.000Z,Criciúma x Sport: veja prováveis escalações e onde assistir ao confronto pela Série B,"Criciúma e Sport se enfrentam neste sábado, às 16h, no Heriberto Hulse, pela 16ª rodada da Série B. O Criciúma é o quarto colocado com 27 pontos e tenta encostar na liderança, enqu...",Gazeta Esportiva,https://www.gazetaesportiva.com/campeonatos/brasileiro-serie-b/criciuma-x-sport-veja-provaveis-escalacoes-e-onde-assistir-ao-confronto-pela-serie-b/,https://static.gazetaesportiva.com/uploads/2026/07/55362999456_090f33cbe5_o.webp
2026-07-04T17:01:09.817Z,2026-07-03T23:00:35.000Z,Goiás x Ceará: veja prováveis escalações e onde assistir ao jogo pela Série B,"Neste sábado, Goiás e Ceará se enfrentam pela 16ª rodada da Série B do Campeonato Brasileiro. A partida será realizada no Estádio Hailé Pinheiro (Serrinha), em Goiânia (GO), a part...",Gazeta Esportiva,https://www.gazetaesportiva.com/times/goias/goias-x-ceara-veja-provaveis-escalacoes-e-onde-assistir-ao-jogo-pela-serie-b/,https://static.gazetaesportiva.com/uploads/2026/06/HJHpxx8WkAAXlSz-1.webp
2026-07-04T17:01:09.817Z,2026-07-03T23:00:07.000Z,Londrina x CRB pela Série B do Brasileiro: veja prováveis escalações e onde assistir,"Londrina e CRB se enfrentam neste sábado, às 16h (de Brasília), no Estádio do Café, pela 16ª rodada da Série B. O Tubarão tenta deixar a zona de rebaixamento após três jogos de inv...",Gazeta Esportiva,https://www.gazetaesportiva.com/todas-as-noticias/londrina-x-crb-pela-serie-b-do-brasileiro-veja-provaveis-escalacoes-e-onde-assistir/,https://static.gazetaesportiva.com/uploads/2026/07/55367653949_b5d1f08c8d_k.webp
2026-07-04T18:30:43.273Z,2026-07-04T18:25:30.000Z,Veja galeria de fotos do último treino da Seleção antes do jogo contra a Noruega,O post Veja galeria de fotos do último treino da Seleção antes do jogo contra a Noruega apareceu primeiro em Gazeta Esportiva.,Gazeta Esportiva,https://www.gazetaesportiva.com/times/brasil/veja-galeria-de-fotos-do-ultimo-treino-da-selecao-antes-do-jogo-contra-a-noruega/,https://static.gazetaesportiva.com/uploads/2026/07/04JUL2026TREINOREDBULL06TAFFARELRAPHINHA.webp
2026-07-04T18:30:43.273Z,2026-07-04T16:35:53.000Z,João Ananias celebra primeiro gol como profissional pelo Santos: &#8220;Sensação inexplicável&#8221;,"João Ananias foi um dos destaques da vitória do Santos por 3 a 0 sobre o União São João, em amistoso disputado neste sábado. O jovem marcou um dos três gols da equipe e, após a par...",Gazeta Esportiva,https://www.gazetaesportiva.com/times/santos/joao-ananias-celebra-primeiro-gol-como-profissional-pelo-santos-sensacao-inexplicavel/,https://static.gazetaesportiva.com/uploads/2026/07/HMZTdLDWMAAMoEw-1.webp
2026-07-04T18:30:43.273Z,2026-07-04T13:26:16.000Z,"&#8220;Como uma vitória&#8221;: apesar da eliminação, Cabo Verde festeja grande jogo contra Argentina","Aplausos, tambores e buzinas: a derrota de Cabo Verde para a Argentina na prorrogação foi celebrada na madrugada em Praia como se fosse uma vitória, embora tenha marcado o fim do s...",Gazeta Esportiva,https://www.gazetaesportiva.com/cabo-verde/como-uma-vitoria-apesar-da-eliminacao-cabo-verde-festeja-grande-jogo-contra-argentina/,https://static.gazetaesportiva.com/uploads/2026/07/AFP__20260704__B98R6J2__v1__HighRes__FblWc2026Match86ArgCpv.webp
2026-07-04T18:30:43.273Z,2026-07-04T12:36:24.000Z,"&#8220;Fizeram uma partidaça&#8221;, comemora técnico da Colômbia após classificação para oitavas da Copa","O técnico da Colômbia, o argentino Néstor Lorenzo, classificou a vitória de sua equipe por 1 a 0 sobre Gana na sexta-feira (3), que garantiu a vaga nas oitavas de final da Copa do ...",Gazeta Esportiva,https://www.gazetaesportiva.com/times/colombia/fizeram-uma-partidaca-comemora-tecnico-da-colombia-apos-classificacao-para-oitavas-da-copa/,https://static.gazetaesportiva.com/uploads/2026/07/AFP__20260704__B98V6TP__v1__HighRes__FblWc2026Match87ColGha.webp
2026-07-04T18:30:43.273Z,2026-07-04T12:15:11.000Z,Veja fotos da corrida sprint do GP da Grã-Bretanha de F1,O post Veja fotos da corrida sprint do GP da Grã-Bretanha de F1 apareceu primeiro em Gazeta Esportiva.,Gazeta Esportiva,https://www.gazetaesportiva.com/motor/formula-1/veja-fotos-da-corrida-sprint-do-gp-da-gra-bretanha-de-f1/,https://static.gazetaesportiva.com/uploads/2026/07/AFP__20260704__B99D2TX__v1__HighRes__776432944.webp
2026-07-04T18:30:43.273Z,2026-07-04T03:04:22.000Z,"Argentina &#8220;vai competir até o fim&#8221;, garante Messi após classificação dramática","Lionel Messi destacou a postura da Argentina após a sofrida vitória por 3 a 2 sobre Cabo Verde na prorrogação, que garantiu a vaga nas oitavas de final da Copa do Mundo. O camisa 1...",Gazeta Esportiva,https://www.gazetaesportiva.com/campeonatos/copa-do-mundo/argentina-vai-competir-ate-o-fim-garante-messi-apos-classificacao-dramatica/,https://static.gazetaesportiva.com/uploads/2026/07/AFP__20260703__B98P6KG__v1__HighRes__FblWc2026Match86ArgCpv.webp
2026-07-04T18:30:43.273Z,2026-07-04T02:58:33.000Z,Veja as fotos de Colômbia x Gana pela Copa do Mundo,O post Veja as fotos de Colômbia x Gana pela Copa do Mundo apareceu primeiro em Gazeta Esportiva.,Gazeta Esportiva,https://www.gazetaesportiva.com/times/colombia/veja-as-fotos-de-colombia-x-gana-pela-copa-do-mundo/,https://static.gazetaesportiva.com/uploads/2026/07/AFP__20260704__B98U6Z7__v2__MidRes__TopshotFblWc2026Match87ColGha.webp
2026-07-04T18:30:43.273Z,2026-07-04T00:44:03.000Z,"Com gol de Messi, Argentina bate Cabo Verde na prorrogação e avança na Copa","Com gol de Messi e vitória na prorrogação, a Argentina bateu Cabo Verde por 3 a 2 e avançou às oitavas de final da Copa do Mundo.
O post Com gol de Messi, Argentina bate Cabo Verde...",Gazeta Esportiva,https://www.gazetaesportiva.com/times/argentina/com-gol-de-messi-argentina-bate-cabo-verde-na-prorrogacao-e-avanca-na-copa/,https://static.gazetaesportiva.com/uploads/2026/07/AFP__20260703__B98N9AK__v1__HighRes__FblWc2026Match86ArgCpv.webp
2026-07-04T18:30:43.273Z,2026-07-03T23:00:57.000Z,Criciúma x Sport: veja prováveis escalações e onde assistir ao confronto pela Série B,"Criciúma e Sport se enfrentam neste sábado, às 16h, no Heriberto Hulse, pela 16ª rodada da Série B. O Criciúma é o quarto colocado com 27 pontos e tenta encostar na liderança, enqu...",Gazeta Esportiva,https://www.gazetaesportiva.com/campeonatos/brasileiro-serie-b/criciuma-x-sport-veja-provaveis-escalacoes-e-onde-assistir-ao-confronto-pela-serie-b/,https://static.gazetaesportiva.com/uploads/2026/07/55362999456_090f33cbe5_o.webp
2026-07-04T18:30:43.273Z,2026-07-03T23:00:35.000Z,Goiás x Ceará: veja prováveis escalações e onde assistir ao jogo pela Série B,"Neste sábado, Goiás e Ceará se enfrentam pela 16ª rodada da Série B do Campeonato Brasileiro. A partida será realizada no Estádio Hailé Pinheiro (Serrinha), em Goiânia (GO), a part...",Gazeta Esportiva,https://www.gazetaesportiva.com/times/goias/goias-x-ceara-veja-provaveis-escalacoes-e-onde-assistir-ao-jogo-pela-serie-b/,https://static.gazetaesportiva.com/uploads/2026/06/HJHpxx8WkAAXlSz-1.webp
2026-07-04T20:07:17.219Z,2026-07-04T19:33:23.000Z,Bahia bate o Montevideo City Torque em Salvador; confira,"De virada, o Bahia goleou o Montevideo City Torque (URU) por 4 a 1 em amistoso disputado na Arena Fonte Nova.
O post Bahia bate o Montevideo City Torque em Salvador; confira aparec...",Gazeta Esportiva,https://www.gazetaesportiva.com/times/bahia/bahia-bate-o-montevideo-city-torque-em-salvador-confira/,https://static.gazetaesportiva.com/uploads/2026/07/Bah.webp
2026-07-04T20:07:17.219Z,2026-07-04T19:08:07.000Z,Melhores momentos da vitória do Angel City sobre o Orlando Pride pela NWSL,"Melhores momentos da vitória do Angel City sobre o Orlando Pride pela NWSL
O post Melhores momentos da vitória do Angel City sobre o Orlando Pride pela NWSL apareceu primeiro em Ga...",Gazeta Esportiva,https://www.gazetaesportiva.com/todas-as-noticias/melhores-momentos-da-vitoria-do-angel-city-sobre-o-orlando-pride-pela-nwsl/,https://static.gazetaesportiva.com/uploads/2026/07/Ang.webp
2026-07-04T20:07:17.219Z,2026-07-04T18:25:30.000Z,Veja galeria de fotos do último treino da Seleção antes do jogo contra a Noruega,O post Veja galeria de fotos do último treino da Seleção antes do jogo contra a Noruega apareceu primeiro em Gazeta Esportiva.,Gazeta Esportiva,https://www.gazetaesportiva.com/times/brasil/veja-galeria-de-fotos-do-ultimo-treino-da-selecao-antes-do-jogo-contra-a-noruega/,https://static.gazetaesportiva.com/uploads/2026/07/04JUL2026TREINOREDBULL06TAFFARELRAPHINHA.webp
2026-07-04T20:07:17.219Z,2026-07-04T16:35:53.000Z,João Ananias celebra primeiro gol como profissional pelo Santos: &#8220;Sensação inexplicável&#8221;,"João Ananias foi um dos destaques da vitória do Santos por 3 a 0 sobre o União São João, em amistoso disputado neste sábado. O jovem marcou um dos três gols da equipe e, após a par...",Gazeta Esportiva,https://www.gazetaesportiva.com/times/santos/joao-ananias-celebra-primeiro-gol-como-profissional-pelo-santos-sensacao-inexplicavel/,https://static.gazetaesportiva.com/uploads/2026/07/HMZTdLDWMAAMoEw-1.webp
2026-07-04T20:07:17.219Z,2026-07-04T13:26:16.000Z,"&#8220;Como uma vitória&#8221;: apesar da eliminação, Cabo Verde festeja grande jogo contra Argentina","Aplausos, tambores e buzinas: a derrota de Cabo Verde para a Argentina na prorrogação foi celebrada na madrugada em Praia como se fosse uma vitória, embora tenha marcado o fim do s...",Gazeta Esportiva,https://www.gazetaesportiva.com/cabo-verde/como-uma-vitoria-apesar-da-eliminacao-cabo-verde-festeja-grande-jogo-contra-argentina/,https://static.gazetaesportiva.com/uploads/2026/07/AFP__20260704__B98R6J2__v1__HighRes__FblWc2026Match86ArgCpv.webp
2026-07-04T20:07:17.219Z,2026-07-04T12:36:24.000Z,"&#8220;Fizeram uma partidaça&#8221;, comemora técnico da Colômbia após classificação para oitavas da Copa","O técnico da Colômbia, o argentino Néstor Lorenzo, classificou a vitória de sua equipe por 1 a 0 sobre Gana na sexta-feira (3), que garantiu a vaga nas oitavas de final da Copa do ...",Gazeta Esportiva,https://www.gazetaesportiva.com/times/colombia/fizeram-uma-partidaca-comemora-tecnico-da-colombia-apos-classificacao-para-oitavas-da-copa/,https://static.gazetaesportiva.com/uploads/2026/07/AFP__20260704__B98V6TP__v1__HighRes__FblWc2026Match87ColGha.webp
2026-07-04T20:07:17.219Z,2026-07-04T12:15:11.000Z,Veja fotos da corrida sprint do GP da Grã-Bretanha de F1,O post Veja fotos da corrida sprint do GP da Grã-Bretanha de F1 apareceu primeiro em Gazeta Esportiva.,Gazeta Esportiva,https://www.gazetaesportiva.com/motor/formula-1/veja-fotos-da-corrida-sprint-do-gp-da-gra-bretanha-de-f1/,https://static.gazetaesportiva.com/uploads/2026/07/AFP__20260704__B99D2TX__v1__HighRes__776432944.webp
2026-07-04T20:07:17.219Z,2026-07-04T03:04:22.000Z,"Argentina &#8220;vai competir até o fim&#8221;, garante Messi após classificação dramática","Lionel Messi destacou a postura da Argentina após a sofrida vitória por 3 a 2 sobre Cabo Verde na prorrogação, que garantiu a vaga nas oitavas de final da Copa do Mundo. O camisa 1...",Gazeta Esportiva,https://www.gazetaesportiva.com/campeonatos/copa-do-mundo/argentina-vai-competir-ate-o-fim-garante-messi-apos-classificacao-dramatica/,https://static.gazetaesportiva.com/uploads/2026/07/AFP__20260703__B98P6KG__v1__HighRes__FblWc2026Match86ArgCpv.webp
2026-07-04T20:07:17.219Z,2026-07-04T02:58:33.000Z,Veja as fotos de Colômbia x Gana pela Copa do Mundo,O post Veja as fotos de Colômbia x Gana pela Copa do Mundo apareceu primeiro em Gazeta Esportiva.,Gazeta Esportiva,https://www.gazetaesportiva.com/times/colombia/veja-as-fotos-de-colombia-x-gana-pela-copa-do-mundo/,https://static.gazetaesportiva.com/uploads/2026/07/AFP__20260704__B98U6Z7__v2__MidRes__TopshotFblWc2026Match87ColGha.webp
2026-07-04T21:26:25.499Z,2026-07-04T19:33:23.000Z,Bahia bate o Montevideo City Torque em Salvador; confira,"De virada, o Bahia goleou o Montevideo City Torque (URU) por 4 a 1 em amistoso disputado na Arena Fonte Nova.
O post Bahia bate o Montevideo City Torque em Salvador; confira aparec...",Gazeta Esportiva,https://www.gazetaesportiva.com/times/bahia/bahia-bate-o-montevideo-city-torque-em-salvador-confira/,https://static.gazetaesportiva.com/uploads/2026/07/Bah.webp
2026-07-04T21:26:25.499Z,2026-07-04T19:08:07.000Z,Melhores momentos da vitória do Angel City sobre o Orlando Pride pela NWSL,"Melhores momentos da vitória do Angel City sobre o Orlando Pride pela NWSL
O post Melhores momentos da vitória do Angel City sobre o Orlando Pride pela NWSL apareceu primeiro em Ga...",Gazeta Esportiva,https://www.gazetaesportiva.com/todas-as-noticias/melhores-momentos-da-vitoria-do-angel-city-sobre-o-orlando-pride-pela-nwsl/,https://static.gazetaesportiva.com/uploads/2026/07/Ang.webp
2026-07-04T21:26:25.499Z,2026-07-04T18:25:30.000Z,Veja galeria de fotos do último treino da Seleção antes do jogo contra a Noruega,O post Veja galeria de fotos do último treino da Seleção antes do jogo contra a Noruega apareceu primeiro em Gazeta Esportiva.,Gazeta Esportiva,https://www.gazetaesportiva.com/times/brasil/veja-galeria-de-fotos-do-ultimo-treino-da-selecao-antes-do-jogo-contra-a-noruega/,https://static.gazetaesportiva.com/uploads/2026/07/04JUL2026TREINOREDBULL06TAFFARELRAPHINHA.webp
2026-07-04T21:26:25.499Z,2026-07-04T16:35:53.000Z,João Ananias celebra primeiro gol como profissional pelo Santos: &#8220;Sensação inexplicável&#8221;,"João Ananias foi um dos destaques da vitória do Santos por 3 a 0 sobre o União São João, em amistoso disputado neste sábado. O jovem marcou um dos três gols da equipe e, após a par...",Gazeta Esportiva,https://www.gazetaesportiva.com/times/santos/joao-ananias-celebra-primeiro-gol-como-profissional-pelo-santos-sensacao-inexplicavel/,https://static.gazetaesportiva.com/uploads/2026/07/HMZTdLDWMAAMoEw-1.webp
2026-07-04T21:26:25.499Z,2026-07-04T13:26:16.000Z,"&#8220;Como uma vitória&#8221;: apesar da eliminação, Cabo Verde festeja grande jogo contra Argentina","Aplausos, tambores e buzinas: a derrota de Cabo Verde para a Argentina na prorrogação foi celebrada na madrugada em Praia como se fosse uma vitória, embora tenha marcado o fim do s...",Gazeta Esportiva,https://www.gazetaesportiva.com/cabo-verde/como-uma-vitoria-apesar-da-eliminacao-cabo-verde-festeja-grande-jogo-contra-argentina/,https://static.gazetaesportiva.com/uploads/2026/07/AFP__20260704__B98R6J2__v1__HighRes__FblWc2026Match86ArgCpv.webp
2026-07-04T21:26:25.499Z,2026-07-04T12:36:24.000Z,"&#8220;Fizeram uma partidaça&#8221;, comemora técnico da Colômbia após classificação para oitavas da Copa","O técnico da Colômbia, o argentino Néstor Lorenzo, classificou a vitória de sua equipe por 1 a 0 sobre Gana na sexta-feira (3), que garantiu a vaga nas oitavas de final da Copa do ...",Gazeta Esportiva,https://www.gazetaesportiva.com/times/colombia/fizeram-uma-partidaca-comemora-tecnico-da-colombia-apos-classificacao-para-oitavas-da-copa/,https://static.gazetaesportiva.com/uploads/2026/07/AFP__20260704__B98V6TP__v1__HighRes__FblWc2026Match87ColGha.webp
2026-07-04T21:26:25.499Z,2026-07-04T12:15:11.000Z,Veja fotos da corrida sprint do GP da Grã-Bretanha de F1,O post Veja fotos da corrida sprint do GP da Grã-Bretanha de F1 apareceu primeiro em Gazeta Esportiva.,Gazeta Esportiva,https://www.gazetaesportiva.com/motor/formula-1/veja-fotos-da-corrida-sprint-do-gp-da-gra-bretanha-de-f1/,https://static.gazetaesportiva.com/uploads/2026/07/AFP__20260704__B99D2TX__v1__HighRes__776432944.webp
2026-07-04T22:27:28.698Z,2026-07-04T22:14:33.000Z,Veja as fotos de Paraguai x França pela Copa do Mundo,O post Veja as fotos de Paraguai x França pela Copa do Mundo apareceu primeiro em Gazeta Esportiva.,Gazeta Esportiva,https://www.gazetaesportiva.com/campeonatos/copa-do-mundo/veja-as-fotos-de-paraguai-x-franca-pela-copa-do-mundo/,https://static.gazetaesportiva.com/uploads/2026/07/AFP__20260704__B9AB3FK__v1__MidRes__FblWc2026Match89ParFra.webp
2026-07-04T22:27:28.698Z,2026-07-04T22:00:00.000Z,Veja as fotos do jogo-treino entre São Paulo e Bragantino neste sábado,O post Veja as fotos do jogo-treino entre São Paulo e Bragantino neste sábado apareceu primeiro em Gazeta Esportiva.,Gazeta Esportiva,https://www.gazetaesportiva.com/times/sao-paulo/veja-as-fotos-do-jogo-treino-entre-sao-paulo-e-bragantino-neste-sabado/,https://static.gazetaesportiva.com/uploads/2026/07/img_9298-jpg-1024x727-1.webp
2026-07-04T22:27:28.698Z,2026-07-04T21:52:00.000Z,Londrina goleia o CRB e deixa o Z4 da Série B,"O Londrina goleou o CRB por 5 a 0 no Estádio Vitorino Gonçalves Dias, pela 16ª rodada da Série B do Campeonato Brasileiro. Com dois gols de Bruno Santos e gols de Iago Teles, Lucas...",Gazeta Esportiva,https://www.gazetaesportiva.com/campeonatos/brasileiro-serie-b/londrina-goleia-crb-serie-b-16-rodada/,https://static.gazetaesportiva.com/uploads/2026/07/55374350483_0f9757507c_o.webp
2026-07-04T22:27:28.698Z,2026-07-04T21:39:55.000Z,Criciúma derrota o Sport e encosta na ponta da Série B,"O Criciúma venceu o Sport por 1 a 0 neste sábado, no Heriberto Hülse, pela 16ª rodada da Série B. Após ter um gol anulado por impedimento, Waguininho voltou a balançar as redes ain...",Gazeta Esportiva,https://www.gazetaesportiva.com/times/criciuma/criciuma-derrota-o-sport-e-encosta-na-ponta-da-serie-b/,https://static.gazetaesportiva.com/uploads/2026/06/2715-20874.webp
2026-07-04T22:27:28.698Z,2026-07-04T19:33:23.000Z,Bahia bate o Montevideo City Torque em Salvador; confira,"De virada, o Bahia goleou o Montevideo City Torque (URU) por 4 a 1 em amistoso disputado na Arena Fonte Nova.
O post Bahia bate o Montevideo City Torque em Salvador; confira aparec...",Gazeta Esportiva,https://www.gazetaesportiva.com/times/bahia/bahia-bate-o-montevideo-city-torque-em-salvador-confira/,https://static.gazetaesportiva.com/uploads/2026/07/Bah.webp
2026-07-04T22:27:28.698Z,2026-07-04T19:08:07.000Z,Melhores momentos da vitória do Angel City sobre o Orlando Pride pela NWSL,"Melhores momentos da vitória do Angel City sobre o Orlando Pride pela NWSL
O post Melhores momentos da vitória do Angel City sobre o Orlando Pride pela NWSL apareceu primeiro em Ga...",Gazeta Esportiva,https://www.gazetaesportiva.com/todas-as-noticias/melhores-momentos-da-vitoria-do-angel-city-sobre-o-orlando-pride-pela-nwsl/,https://static.gazetaesportiva.com/uploads/2026/07/Ang.webp
2026-07-04T22:27:28.698Z,2026-07-04T18:25:30.000Z,Veja galeria de fotos do último treino da Seleção antes do jogo contra a Noruega,O post Veja galeria de fotos do último treino da Seleção antes do jogo contra a Noruega apareceu primeiro em Gazeta Esportiva.,Gazeta Esportiva,https://www.gazetaesportiva.com/times/brasil/veja-galeria-de-fotos-do-ultimo-treino-da-selecao-antes-do-jogo-contra-a-noruega/,https://static.gazetaesportiva.com/uploads/2026/07/04JUL2026TREINOREDBULL06TAFFARELRAPHINHA.webp
2026-07-04T22:27:28.698Z,2026-07-04T16:35:53.000Z,João Ananias celebra primeiro gol como profissional pelo Santos: &#8220;Sensação inexplicável&#8221;,"João Ananias foi um dos destaques da vitória do Santos por 3 a 0 sobre o União São João, em amistoso disputado neste sábado. O jovem marcou um dos três gols da equipe e, após a par...",Gazeta Esportiva,https://www.gazetaesportiva.com/times/santos/joao-ananias-celebra-primeiro-gol-como-profissional-pelo-santos-sensacao-inexplicavel/,https://static.gazetaesportiva.com/uploads/2026/07/HMZTdLDWMAAMoEw-1.webp
2026-07-04T22:27:28.698Z,2026-07-04T13:26:16.000Z,"&#8220;Como uma vitória&#8221;: apesar da eliminação, Cabo Verde festeja grande jogo contra Argentina","Aplausos, tambores e buzinas: a derrota de Cabo Verde para a Argentina na prorrogação foi celebrada na madrugada em Praia como se fosse uma vitória, embora tenha marcado o fim do s...",Gazeta Esportiva,https://www.gazetaesportiva.com/cabo-verde/como-uma-vitoria-apesar-da-eliminacao-cabo-verde-festeja-grande-jogo-contra-argentina/,https://static.gazetaesportiva.com/uploads/2026/07/AFP__20260704__B98R6J2__v1__HighRes__FblWc2026Match86ArgCpv.webp
2026-07-04T22:27:28.698Z,2026-07-04T12:36:24.000Z,"&#8220;Fizeram uma partidaça&#8221;, comemora técnico da Colômbia após classificação para oitavas da Copa","O técnico da Colômbia, o argentino Néstor Lorenzo, classificou a vitória de sua equipe por 1 a 0 sobre Gana na sexta-feira (3), que garantiu a vaga nas oitavas de final da Copa do ...",Gazeta Esportiva,https://www.gazetaesportiva.com/times/colombia/fizeram-uma-partidaca-comemora-tecnico-da-colombia-apos-classificacao-para-oitavas-da-copa/,https://static.gazetaesportiva.com/uploads/2026/07/AFP__20260704__B98V6TP__v1__HighRes__FblWc2026Match87ColGha.webp
2026-07-04T22:27:28.698Z,2026-07-04T12:15:11.000Z,Veja fotos da corrida sprint do GP da Grã-Bretanha de F1,O post Veja fotos da corrida sprint do GP da Grã-Bretanha de F1 apareceu primeiro em Gazeta Esportiva.,Gazeta Esportiva,https://www.gazetaesportiva.com/motor/formula-1/veja-fotos-da-corrida-sprint-do-gp-da-gra-bretanha-de-f1/,https://static.gazetaesportiva.com/uploads/2026/07/AFP__20260704__B99D2TX__v1__HighRes__776432944.webp
2026-07-04T23:33:03.945Z,2026-07-04T23:01:16.000Z,CRB demite técnico Eduardo Barroca após goleada para o Londrina,O CRB anunciou a saída do técnico Eduardo Barroca após a goleada por 5 a 0 sofrida diante do Londrina pela 16ª rodada da Série B do Campeonato Brasileiro. A decisão foi tomada em c...,Gazeta Esportiva,https://www.gazetaesportiva.com/times/crb/crb-anuncia-saida-eduardo-barroca/,https://static.gazetaesportiva.com/uploads/2026/07/55370457343_a66db537a7_k.webp
2026-07-04T23:33:03.945Z,2026-07-04T23:00:25.000Z,Náutico x Juventude: veja prováveis escalações e onde assistir ao confronto pela Série B,"Náutico e Juventude se enfrentam neste domingo, nos Aflitos, pela 16ª rodada da Série B do Campeonato Brasileiro. Enquanto o Timbu busca se aproximar da parte de cima da tabela, a ...",Gazeta Esportiva,https://www.gazetaesportiva.com/campeonatos/brasileiro-serie-b/nautico-x-juventude-veja-provaveis-escalacoes-e-onde-assistir-ao-confronto-pela-serie-b/,https://static.gazetaesportiva.com/uploads/2026/07/HL7dPA6W4AARG6T.webp
2026-07-04T23:33:03.945Z,2026-07-04T22:14:33.000Z,Veja as fotos de Paraguai x França pela Copa do Mundo,O post Veja as fotos de Paraguai x França pela Copa do Mundo apareceu primeiro em Gazeta Esportiva.,Gazeta Esportiva,https://www.gazetaesportiva.com/campeonatos/copa-do-mundo/veja-as-fotos-de-paraguai-x-franca-pela-copa-do-mundo/,https://static.gazetaesportiva.com/uploads/2026/07/AFP__20260704__B9AB3FK__v1__MidRes__FblWc2026Match89ParFra.webp
2026-07-04T23:33:03.945Z,2026-07-04T22:00:00.000Z,Veja as fotos do jogo-treino entre São Paulo e Bragantino neste sábado,O post Veja as fotos do jogo-treino entre São Paulo e Bragantino neste sábado apareceu primeiro em Gazeta Esportiva.,Gazeta Esportiva,https://www.gazetaesportiva.com/times/sao-paulo/veja-as-fotos-do-jogo-treino-entre-sao-paulo-e-bragantino-neste-sabado/,https://static.gazetaesportiva.com/uploads/2026/07/img_9298-jpg-1024x727-1.webp
2026-07-04T23:33:03.945Z,2026-07-04T21:52:00.000Z,Londrina goleia o CRB e deixa o Z4 da Série B,"O Londrina goleou o CRB por 5 a 0 no Estádio Vitorino Gonçalves Dias, pela 16ª rodada da Série B do Campeonato Brasileiro. Com dois gols de Bruno Santos e gols de Iago Teles, Lucas...",Gazeta Esportiva,https://www.gazetaesportiva.com/campeonatos/brasileiro-serie-b/londrina-goleia-crb-serie-b-16-rodada/,https://static.gazetaesportiva.com/uploads/2026/07/55374350483_0f9757507c_o.webp
2026-07-04T23:33:03.945Z,2026-07-04T21:39:55.000Z,Criciúma derrota o Sport e encosta na ponta da Série B,"O Criciúma venceu o Sport por 1 a 0 neste sábado, no Heriberto Hülse, pela 16ª rodada da Série B. Após ter um gol anulado por impedimento, Waguininho voltou a balançar as redes ain...",Gazeta Esportiva,https://www.gazetaesportiva.com/times/criciuma/criciuma-derrota-o-sport-e-encosta-na-ponta-da-serie-b/,https://static.gazetaesportiva.com/uploads/2026/06/2715-20874.webp
2026-07-04T23:33:03.945Z,2026-07-04T19:33:23.000Z,Bahia bate o Montevideo City Torque em Salvador; confira,"De virada, o Bahia goleou o Montevideo City Torque (URU) por 4 a 1 em amistoso disputado na Arena Fonte Nova.
O post Bahia bate o Montevideo City Torque em Salvador; confira aparec...",Gazeta Esportiva,https://www.gazetaesportiva.com/times/bahia/bahia-bate-o-montevideo-city-torque-em-salvador-confira/,https://static.gazetaesportiva.com/uploads/2026/07/Bah.webp
2026-07-04T23:33:03.945Z,2026-07-04T19:08:07.000Z,Melhores momentos da vitória do Angel City sobre o Orlando Pride pela NWSL,"Melhores momentos da vitória do Angel City sobre o Orlando Pride pela NWSL
O post Melhores momentos da vitória do Angel City sobre o Orlando Pride pela NWSL apareceu primeiro em Ga...",Gazeta Esportiva,https://www.gazetaesportiva.com/todas-as-noticias/melhores-momentos-da-vitoria-do-angel-city-sobre-o-orlando-pride-pela-nwsl/,https://static.gazetaesportiva.com/uploads/2026/07/Ang.webp
2026-07-04T23:33:03.945Z,2026-07-04T18:25:30.000Z,Veja galeria de fotos do último treino da Seleção antes do jogo contra a Noruega,O post Veja galeria de fotos do último treino da Seleção antes do jogo contra a Noruega apareceu primeiro em Gazeta Esportiva.,Gazeta Esportiva,https://www.gazetaesportiva.com/times/brasil/veja-galeria-de-fotos-do-ultimo-treino-da-selecao-antes-do-jogo-contra-a-noruega/,https://static.gazetaesportiva.com/uploads/2026/07/04JUL2026TREINOREDBULL06TAFFARELRAPHINHA.webp
2026-07-04T23:33:03.945Z,2026-07-04T16:35:53.000Z,João Ananias celebra primeiro gol como profissional pelo Santos: &#8220;Sensação inexplicável&#8221;,"João Ananias foi um dos destaques da vitória do Santos por 3 a 0 sobre o União São João, em amistoso disputado neste sábado. O jovem marcou um dos três gols da equipe e, após a par...",Gazeta Esportiva,https://www.gazetaesportiva.com/times/santos/joao-ananias-celebra-primeiro-gol-como-profissional-pelo-santos-sensacao-inexplicavel/,https://static.gazetaesportiva.com/uploads/2026/07/HMZTdLDWMAAMoEw-1.webp
2026-07-05T02:47:27.358Z,2026-07-05T02:03:49.000Z,Melhores momentos da vitória do Goiás sobre o Ceara pela Série B,"Melhores momentos da vitória do Goiás sobre o  Ceara pela Série B
O post Melhores momentos da vitória do Goiás sobre o Ceara pela Série B apareceu primeiro em Gazeta Esportiva.",Gazeta Esportiva,https://www.gazetaesportiva.com/todas-as-noticias/melhores-momentos-da-vitoria-do-goias-sobre-o-ceara-pela-serie-b/,https://static.gazetaesportiva.com/uploads/2026/07/mome.webp
2026-07-05T02:47:27.358Z,2026-07-05T01:19:26.000Z,"&#8216;Também sabemos jogar o futebol sujo&#8217;, comemora Mbappé, após vitória sobre o Paraguai","Mbappé elogiou a postura da França na vitória sobre o Paraguai e afirmou que a equipe também sabe disputar jogos físicos e de muita catimba.
O post &#8216;Também sabemos jogar o fu...",Gazeta Esportiva,https://www.gazetaesportiva.com/times/franca/tambem-sabemos-jogar-o-futebol-sujo-comemora-mbappe-apos-vitoria-sobre-o-paraguai/,https://static.gazetaesportiva.com/uploads/2026/07/AFP__20260704__B9AD2G2__v1__HighRes__FblWc2026Match89ParFra.webp
2026-07-05T02:47:27.358Z,2026-07-05T00:55:28.000Z,Goiás bate o Ceará em casa e vence a segunda seguida na Série B,"O Goiás venceu o Ceará por 2 a 0 em casa, conquistou a segunda vitória seguida na Série B e subiu para a nona colocação da tabela.
O post Goiás bate o Ceará em casa e vence a segun...",Gazeta Esportiva,https://www.gazetaesportiva.com/times/goias/goias-bate-o-ceara-em-casa-e-vence-a-segunda-seguida-na-serie-b/,https://static.gazetaesportiva.com/uploads/2026/07/imagem_2026-07-04_214604605.webp
2026-07-05T02:47:27.358Z,2026-07-04T23:01:16.000Z,CRB demite técnico Eduardo Barroca após goleada para o Londrina,O CRB anunciou a saída do técnico Eduardo Barroca após a goleada por 5 a 0 sofrida diante do Londrina pela 16ª rodada da Série B do Campeonato Brasileiro. A decisão foi tomada em c...,Gazeta Esportiva,https://www.gazetaesportiva.com/times/crb/crb-anuncia-saida-eduardo-barroca/,https://static.gazetaesportiva.com/uploads/2026/07/55370457343_a66db537a7_k.webp
2026-07-05T02:47:27.358Z,2026-07-04T23:00:25.000Z,Náutico x Juventude: veja prováveis escalações e onde assistir ao confronto pela Série B,"Náutico e Juventude se enfrentam neste domingo, nos Aflitos, pela 16ª rodada da Série B do Campeonato Brasileiro. Enquanto o Timbu busca se aproximar da parte de cima da tabela, a ...",Gazeta Esportiva,https://www.gazetaesportiva.com/campeonatos/brasileiro-serie-b/nautico-x-juventude-veja-provaveis-escalacoes-e-onde-assistir-ao-confronto-pela-serie-b/,https://static.gazetaesportiva.com/uploads/2026/07/HL7dPA6W4AARG6T.webp
2026-07-05T02:47:27.358Z,2026-07-04T22:14:33.000Z,Veja as fotos de Paraguai x França pela Copa do Mundo,O post Veja as fotos de Paraguai x França pela Copa do Mundo apareceu primeiro em Gazeta Esportiva.,Gazeta Esportiva,https://www.gazetaesportiva.com/campeonatos/copa-do-mundo/veja-as-fotos-de-paraguai-x-franca-pela-copa-do-mundo/,https://static.gazetaesportiva.com/uploads/2026/07/AFP__20260704__B9AB3FK__v1__MidRes__FblWc2026Match89ParFra.webp
2026-07-05T02:47:27.358Z,2026-07-04T22:00:00.000Z,Veja as fotos do jogo-treino entre São Paulo e Bragantino neste sábado,O post Veja as fotos do jogo-treino entre São Paulo e Bragantino neste sábado apareceu primeiro em Gazeta Esportiva.,Gazeta Esportiva,https://www.gazetaesportiva.com/times/sao-paulo/veja-as-fotos-do-jogo-treino-entre-sao-paulo-e-bragantino-neste-sabado/,https://static.gazetaesportiva.com/uploads/2026/07/img_9298-jpg-1024x727-1.webp
2026-07-05T02:47:27.358Z,2026-07-04T21:52:00.000Z,Londrina goleia o CRB e deixa o Z4 da Série B,"O Londrina goleou o CRB por 5 a 0 no Estádio Vitorino Gonçalves Dias, pela 16ª rodada da Série B do Campeonato Brasileiro. Com dois gols de Bruno Santos e gols de Iago Teles, Lucas...",Gazeta Esportiva,https://www.gazetaesportiva.com/campeonatos/brasileiro-serie-b/londrina-goleia-crb-serie-b-16-rodada/,https://static.gazetaesportiva.com/uploads/2026/07/55374350483_0f9757507c_o.webp
2026-07-05T02:47:27.358Z,2026-07-04T21:39:55.000Z,Criciúma derrota o Sport e encosta na ponta da Série B,"O Criciúma venceu o Sport por 1 a 0 neste sábado, no Heriberto Hülse, pela 16ª rodada da Série B. Após ter um gol anulado por impedimento, Waguininho voltou a balançar as redes ain...",Gazeta Esportiva,https://www.gazetaesportiva.com/times/criciuma/criciuma-derrota-o-sport-e-encosta-na-ponta-da-serie-b/,https://static.gazetaesportiva.com/uploads/2026/06/2715-20874.webp
2026-07-05T02:47:27.358Z,2026-07-04T19:33:23.000Z,Bahia bate o Montevideo City Torque em Salvador; confira,"De virada, o Bahia goleou o Montevideo City Torque (URU) por 4 a 1 em amistoso disputado na Arena Fonte Nova.
O post Bahia bate o Montevideo City Torque em Salvador; confira aparec...",Gazeta Esportiva,https://www.gazetaesportiva.com/times/bahia/bahia-bate-o-montevideo-city-torque-em-salvador-confira/,https://static.gazetaesportiva.com/uploads/2026/07/Bah.webp
2026-07-05T02:47:27.358Z,2026-07-04T19:08:07.000Z,Melhores momentos da vitória do Angel City sobre o Orlando Pride pela NWSL,"Melhores momentos da vitória do Angel City sobre o Orlando Pride pela NWSL
O post Melhores momentos da vitória do Angel City sobre o Orlando Pride pela NWSL apareceu primeiro em Ga...",Gazeta Esportiva,https://www.gazetaesportiva.com/todas-as-noticias/melhores-momentos-da-vitoria-do-angel-city-sobre-o-orlando-pride-pela-nwsl/,https://static.gazetaesportiva.com/uploads/2026/07/Ang.webp
2026-07-05T02:47:27.358Z,2026-07-04T18:25:30.000Z,Veja galeria de fotos do último treino da Seleção antes do jogo contra a Noruega,O post Veja galeria de fotos do último treino da Seleção antes do jogo contra a Noruega apareceu primeiro em Gazeta Esportiva.,Gazeta Esportiva,https://www.gazetaesportiva.com/times/brasil/veja-galeria-de-fotos-do-ultimo-treino-da-selecao-antes-do-jogo-contra-a-noruega/,https://static.gazetaesportiva.com/uploads/2026/07/04JUL2026TREINOREDBULL06TAFFARELRAPHINHA.webp
2026-07-05T06:38:09.253Z,2026-07-05T02:03:49.000Z,Melhores momentos da vitória do Goiás sobre o Ceara pela Série B,"Melhores momentos da vitória do Goiás sobre o  Ceara pela Série B
O post Melhores momentos da vitória do Goiás sobre o Ceara pela Série B apareceu primeiro em Gazeta Esportiva.",Gazeta Esportiva,https://www.gazetaesportiva.com/todas-as-noticias/melhores-momentos-da-vitoria-do-goias-sobre-o-ceara-pela-serie-b/,https://static.gazetaesportiva.com/uploads/2026/07/mome.webp
2026-07-05T06:38:09.253Z,2026-07-05T01:19:26.000Z,"&#8216;Também sabemos jogar o futebol sujo&#8217;, comemora Mbappé, após vitória sobre o Paraguai","Mbappé elogiou a postura da França na vitória sobre o Paraguai e afirmou que a equipe também sabe disputar jogos físicos e de muita catimba.
O post &#8216;Também sabemos jogar o fu...",Gazeta Esportiva,https://www.gazetaesportiva.com/times/franca/tambem-sabemos-jogar-o-futebol-sujo-comemora-mbappe-apos-vitoria-sobre-o-paraguai/,https://static.gazetaesportiva.com/uploads/2026/07/AFP__20260704__B9AD2G2__v1__HighRes__FblWc2026Match89ParFra.webp
2026-07-05T06:38:09.253Z,2026-07-05T00:55:28.000Z,Goiás bate o Ceará em casa e vence a segunda seguida na Série B,"O Goiás venceu o Ceará por 2 a 0 em casa, conquistou a segunda vitória seguida na Série B e subiu para a nona colocação da tabela.
O post Goiás bate o Ceará em casa e vence a segun...",Gazeta Esportiva,https://www.gazetaesportiva.com/times/goias/goias-bate-o-ceara-em-casa-e-vence-a-segunda-seguida-na-serie-b/,https://static.gazetaesportiva.com/uploads/2026/07/imagem_2026-07-04_214604605.webp
2026-07-05T06:38:09.253Z,2026-07-04T23:01:16.000Z,CRB demite técnico Eduardo Barroca após goleada para o Londrina,O CRB anunciou a saída do técnico Eduardo Barroca após a goleada por 5 a 0 sofrida diante do Londrina pela 16ª rodada da Série B do Campeonato Brasileiro. A decisão foi tomada em c...,Gazeta Esportiva,https://www.gazetaesportiva.com/times/crb/crb-anuncia-saida-eduardo-barroca/,https://static.gazetaesportiva.com/uploads/2026/07/55370457343_a66db537a7_k.webp
2026-07-05T06:38:09.253Z,2026-07-04T23:00:25.000Z,Náutico x Juventude: veja prováveis escalações e onde assistir ao confronto pela Série B,"Náutico e Juventude se enfrentam neste domingo, nos Aflitos, pela 16ª rodada da Série B do Campeonato Brasileiro. Enquanto o Timbu busca se aproximar da parte de cima da tabela, a ...",Gazeta Esportiva,https://www.gazetaesportiva.com/campeonatos/brasileiro-serie-b/nautico-x-juventude-veja-provaveis-escalacoes-e-onde-assistir-ao-confronto-pela-serie-b/,https://static.gazetaesportiva.com/uploads/2026/07/HL7dPA6W4AARG6T.webp
2026-07-05T06:38:09.253Z,2026-07-04T22:14:33.000Z,Veja as fotos de Paraguai x França pela Copa do Mundo,O post Veja as fotos de Paraguai x França pela Copa do Mundo apareceu primeiro em Gazeta Esportiva.,Gazeta Esportiva,https://www.gazetaesportiva.com/campeonatos/copa-do-mundo/veja-as-fotos-de-paraguai-x-franca-pela-copa-do-mundo/,https://static.gazetaesportiva.com/uploads/2026/07/AFP__20260704__B9AB3FK__v1__MidRes__FblWc2026Match89ParFra.webp
2026-07-05T06:38:09.253Z,2026-07-04T22:00:00.000Z,Veja as fotos do jogo-treino entre São Paulo e Bragantino neste sábado,O post Veja as fotos do jogo-treino entre São Paulo e Bragantino neste sábado apareceu primeiro em Gazeta Esportiva.,Gazeta Esportiva,https://www.gazetaesportiva.com/times/sao-paulo/veja-as-fotos-do-jogo-treino-entre-sao-paulo-e-bragantino-neste-sabado/,https://static.gazetaesportiva.com/uploads/2026/07/img_9298-jpg-1024x727-1.webp
2026-07-05T06:38:09.253Z,2026-07-04T21:52:00.000Z,Londrina goleia o CRB e deixa o Z4 da Série B,"O Londrina goleou o CRB por 5 a 0 no Estádio Vitorino Gonçalves Dias, pela 16ª rodada da Série B do Campeonato Brasileiro. Com dois gols de Bruno Santos e gols de Iago Teles, Lucas...",Gazeta Esportiva,https://www.gazetaesportiva.com/campeonatos/brasileiro-serie-b/londrina-goleia-crb-serie-b-16-rodada/,https://static.gazetaesportiva.com/uploads/2026/07/55374350483_0f9757507c_o.webp
2026-07-05T06:38:09.253Z,2026-07-04T21:39:55.000Z,Criciúma derrota o Sport e encosta na ponta da Série B,"O Criciúma venceu o Sport por 1 a 0 neste sábado, no Heriberto Hülse, pela 16ª rodada da Série B. Após ter um gol anulado por impedimento, Waguininho voltou a balançar as redes ain...",Gazeta Esportiva,https://www.gazetaesportiva.com/times/criciuma/criciuma-derrota-o-sport-e-encosta-na-ponta-da-serie-b/,https://static.gazetaesportiva.com/uploads/2026/06/2715-20874.webp
2026-07-05T06:38:09.253Z,2026-07-04T19:33:23.000Z,Bahia bate o Montevideo City Torque em Salvador; confira,"De virada, o Bahia goleou o Montevideo City Torque (URU) por 4 a 1 em amistoso disputado na Arena Fonte Nova.
O post Bahia bate o Montevideo City Torque em Salvador; confira aparec...",Gazeta Esportiva,https://www.gazetaesportiva.com/times/bahia/bahia-bate-o-montevideo-city-torque-em-salvador-confira/,https://static.gazetaesportiva.com/uploads/2026/07/Bah.webp
2026-07-05T06:38:09.253Z,2026-07-04T19:08:07.000Z,Melhores momentos da vitória do Angel City sobre o Orlando Pride pela NWSL,"Melhores momentos da vitória do Angel City sobre o Orlando Pride pela NWSL
O post Melhores momentos da vitória do Angel City sobre o Orlando Pride pela NWSL apareceu primeiro em Ga...",Gazeta Esportiva,https://www.gazetaesportiva.com/todas-as-noticias/melhores-momentos-da-vitoria-do-angel-city-sobre-o-orlando-pride-pela-nwsl/,https://static.gazetaesportiva.com/uploads/2026/07/Ang.webp
2026-07-05T06:38:09.253Z,2026-07-04T18:25:30.000Z,Veja galeria de fotos do último treino da Seleção antes do jogo contra a Noruega,O post Veja galeria de fotos do último treino da Seleção antes do jogo contra a Noruega apareceu primeiro em Gazeta Esportiva.,Gazeta Esportiva,https://www.gazetaesportiva.com/times/brasil/veja-galeria-de-fotos-do-ultimo-treino-da-selecao-antes-do-jogo-contra-a-noruega/,https://static.gazetaesportiva.com/uploads/2026/07/04JUL2026TREINOREDBULL06TAFFARELRAPHINHA.webp
2026-07-05T09:40:11.830Z,2026-07-05T09:00:44.000Z,Atuações: Juninho sai do banco e brilha em vitória do Santos,"O Santos venceu o União São João por 3 a 0 neste sábado, na Mercado Livre Arena Pacaembu, em São Paulo, em amistoso de intertemporada durante a pausa do calendário para a Copa do M...",Gazeta Esportiva,https://www.gazetaesportiva.com/times/santos/atuacoes-juninho-sai-do-banco-e-brilha-em-vitoria-do-santos/,https://static.gazetaesportiva.com/uploads/2026/07/AFP__20260704__AGIF825876__v1__HighRes__FriendlyMatchSantosVsUniaoSaoJoao.webp
2026-07-05T09:40:11.830Z,2026-07-05T02:03:49.000Z,Melhores momentos da vitória do Goiás sobre o Ceara pela Série B,"Melhores momentos da vitória do Goiás sobre o  Ceara pela Série B
O post Melhores momentos da vitória do Goiás sobre o Ceara pela Série B apareceu primeiro em Gazeta Esportiva.",Gazeta Esportiva,https://www.gazetaesportiva.com/todas-as-noticias/melhores-momentos-da-vitoria-do-goias-sobre-o-ceara-pela-serie-b/,https://static.gazetaesportiva.com/uploads/2026/07/mome.webp
2026-07-05T09:40:11.830Z,2026-07-05T01:19:26.000Z,"&#8216;Também sabemos jogar o futebol sujo&#8217;, comemora Mbappé, após vitória sobre o Paraguai","Mbappé elogiou a postura da França na vitória sobre o Paraguai e afirmou que a equipe também sabe disputar jogos físicos e de muita catimba.
O post &#8216;Também sabemos jogar o fu...",Gazeta Esportiva,https://www.gazetaesportiva.com/times/franca/tambem-sabemos-jogar-o-futebol-sujo-comemora-mbappe-apos-vitoria-sobre-o-paraguai/,https://static.gazetaesportiva.com/uploads/2026/07/AFP__20260704__B9AD2G2__v1__HighRes__FblWc2026Match89ParFra.webp
2026-07-05T09:40:11.830Z,2026-07-05T00:55:28.000Z,Goiás bate o Ceará em casa e vence a segunda seguida na Série B,"O Goiás venceu o Ceará por 2 a 0 em casa, conquistou a segunda vitória seguida na Série B e subiu para a nona colocação da tabela.
O post Goiás bate o Ceará em casa e vence a segun...",Gazeta Esportiva,https://www.gazetaesportiva.com/times/goias/goias-bate-o-ceara-em-casa-e-vence-a-segunda-seguida-na-serie-b/,https://static.gazetaesportiva.com/uploads/2026/07/imagem_2026-07-04_214604605.webp
2026-07-05T09:40:11.830Z,2026-07-04T23:01:16.000Z,CRB demite técnico Eduardo Barroca após goleada para o Londrina,O CRB anunciou a saída do técnico Eduardo Barroca após a goleada por 5 a 0 sofrida diante do Londrina pela 16ª rodada da Série B do Campeonato Brasileiro. A decisão foi tomada em c...,Gazeta Esportiva,https://www.gazetaesportiva.com/times/crb/crb-anuncia-saida-eduardo-barroca/,https://static.gazetaesportiva.com/uploads/2026/07/55370457343_a66db537a7_k.webp
2026-07-05T09:40:11.830Z,2026-07-04T23:00:25.000Z,Náutico x Juventude: veja prováveis escalações e onde assistir ao confronto pela Série B,"Náutico e Juventude se enfrentam neste domingo, nos Aflitos, pela 16ª rodada da Série B do Campeonato Brasileiro. Enquanto o Timbu busca se aproximar da parte de cima da tabela, a ...",Gazeta Esportiva,https://www.gazetaesportiva.com/campeonatos/brasileiro-serie-b/nautico-x-juventude-veja-provaveis-escalacoes-e-onde-assistir-ao-confronto-pela-serie-b/,https://static.gazetaesportiva.com/uploads/2026/07/HL7dPA6W4AARG6T.webp
2026-07-05T09:40:11.830Z,2026-07-04T22:14:33.000Z,Veja as fotos de Paraguai x França pela Copa do Mundo,O post Veja as fotos de Paraguai x França pela Copa do Mundo apareceu primeiro em Gazeta Esportiva.,Gazeta Esportiva,https://www.gazetaesportiva.com/campeonatos/copa-do-mundo/veja-as-fotos-de-paraguai-x-franca-pela-copa-do-mundo/,https://static.gazetaesportiva.com/uploads/2026/07/AFP__20260704__B9AB3FK__v1__MidRes__FblWc2026Match89ParFra.webp
2026-07-05T09:40:11.830Z,2026-07-04T22:00:00.000Z,Veja as fotos do jogo-treino entre São Paulo e Bragantino neste sábado,O post Veja as fotos do jogo-treino entre São Paulo e Bragantino neste sábado apareceu primeiro em Gazeta Esportiva.,Gazeta Esportiva,https://www.gazetaesportiva.com/times/sao-paulo/veja-as-fotos-do-jogo-treino-entre-sao-paulo-e-bragantino-neste-sabado/,https://static.gazetaesportiva.com/uploads/2026/07/img_9298-jpg-1024x727-1.webp
2026-07-05T09:40:11.830Z,2026-07-04T21:52:00.000Z,Londrina goleia o CRB e deixa o Z4 da Série B,"O Londrina goleou o CRB por 5 a 0 no Estádio Vitorino Gonçalves Dias, pela 16ª rodada da Série B do Campeonato Brasileiro. Com dois gols de Bruno Santos e gols de Iago Teles, Lucas...",Gazeta Esportiva,https://www.gazetaesportiva.com/campeonatos/brasileiro-serie-b/londrina-goleia-crb-serie-b-16-rodada/,https://static.gazetaesportiva.com/uploads/2026/07/55374350483_0f9757507c_o.webp
2026-07-05T09:40:11.830Z,2026-07-04T21:39:55.000Z,Criciúma derrota o Sport e encosta na ponta da Série B,"O Criciúma venceu o Sport por 1 a 0 neste sábado, no Heriberto Hülse, pela 16ª rodada da Série B. Após ter um gol anulado por impedimento, Waguininho voltou a balançar as redes ain...",Gazeta Esportiva,https://www.gazetaesportiva.com/times/criciuma/criciuma-derrota-o-sport-e-encosta-na-ponta-da-serie-b/,https://static.gazetaesportiva.com/uploads/2026/06/2715-20874.webp
2026-07-05T09:40:11.830Z,2026-07-04T19:33:23.000Z,Bahia bate o Montevideo City Torque em Salvador; confira,"De virada, o Bahia goleou o Montevideo City Torque (URU) por 4 a 1 em amistoso disputado na Arena Fonte Nova.
O post Bahia bate o Montevideo City Torque em Salvador; confira aparec...",Gazeta Esportiva,https://www.gazetaesportiva.com/times/bahia/bahia-bate-o-montevideo-city-torque-em-salvador-confira/,https://static.gazetaesportiva.com/uploads/2026/07/Bah.webp
2026-07-05T09:40:11.830Z,2026-07-04T19:08:07.000Z,Melhores momentos da vitória do Angel City sobre o Orlando Pride pela NWSL,"Melhores momentos da vitória do Angel City sobre o Orlando Pride pela NWSL
O post Melhores momentos da vitória do Angel City sobre o Orlando Pride pela NWSL apareceu primeiro em Ga...",Gazeta Esportiva,https://www.gazetaesportiva.com/todas-as-noticias/melhores-momentos-da-vitoria-do-angel-city-sobre-o-orlando-pride-pela-nwsl/,https://static.gazetaesportiva.com/uploads/2026/07/Ang.webp
2026-07-05T09:40:11.830Z,2026-07-04T18:25:30.000Z,Veja galeria de fotos do último treino da Seleção antes do jogo contra a Noruega,O post Veja galeria de fotos do último treino da Seleção antes do jogo contra a Noruega apareceu primeiro em Gazeta Esportiva.,Gazeta Esportiva,https://www.gazetaesportiva.com/times/brasil/veja-galeria-de-fotos-do-ultimo-treino-da-selecao-antes-do-jogo-contra-a-noruega/,https://static.gazetaesportiva.com/uploads/2026/07/04JUL2026TREINOREDBULL06TAFFARELRAPHINHA.webp
2026-07-05T11:27:57.157Z,2026-07-05T11:00:44.000Z,Relembre em fotos o último jogo entre Brasil e Noruega na Copa do Mundo,O post Relembre em fotos o último jogo entre Brasil e Noruega na Copa do Mundo apareceu primeiro em Gazeta Esportiva.,Gazeta Esportiva,https://www.gazetaesportiva.com/todas-as-noticias/relembre-em-fotos-o-ultimo-jogo-entre-brasil-e-noruega-na-copa-do-mundo/,https://static.gazetaesportiva.com/uploads/2026/06/57.webp
2026-07-05T11:27:57.157Z,2026-07-05T09:00:44.000Z,Atuações: Juninho sai do banco e brilha em vitória do Santos,"O Santos venceu o União São João por 3 a 0 neste sábado, na Mercado Livre Arena Pacaembu, em São Paulo, em amistoso de intertemporada durante a pausa do calendário para a Copa do M...",Gazeta Esportiva,https://www.gazetaesportiva.com/times/santos/atuacoes-juninho-sai-do-banco-e-brilha-em-vitoria-do-santos/,https://static.gazetaesportiva.com/uploads/2026/07/AFP__20260704__AGIF825876__v1__HighRes__FriendlyMatchSantosVsUniaoSaoJoao.webp
2026-07-05T11:27:57.157Z,2026-07-05T02:03:49.000Z,Melhores momentos da vitória do Goiás sobre o Ceara pela Série B,"Melhores momentos da vitória do Goiás sobre o  Ceara pela Série B
O post Melhores momentos da vitória do Goiás sobre o Ceara pela Série B apareceu primeiro em Gazeta Esportiva.",Gazeta Esportiva,https://www.gazetaesportiva.com/todas-as-noticias/melhores-momentos-da-vitoria-do-goias-sobre-o-ceara-pela-serie-b/,https://static.gazetaesportiva.com/uploads/2026/07/mome.webp
2026-07-05T11:27:57.157Z,2026-07-05T01:19:26.000Z,"&#8216;Também sabemos jogar o futebol sujo&#8217;, comemora Mbappé, após vitória sobre o Paraguai","Mbappé elogiou a postura da França na vitória sobre o Paraguai e afirmou que a equipe também sabe disputar jogos físicos e de muita catimba.
O post &#8216;Também sabemos jogar o fu...",Gazeta Esportiva,https://www.gazetaesportiva.com/times/franca/tambem-sabemos-jogar-o-futebol-sujo-comemora-mbappe-apos-vitoria-sobre-o-paraguai/,https://static.gazetaesportiva.com/uploads/2026/07/AFP__20260704__B9AD2G2__v1__HighRes__FblWc2026Match89ParFra.webp
2026-07-05T11:27:57.157Z,2026-07-05T00:55:28.000Z,Goiás bate o Ceará em casa e vence a segunda seguida na Série B,"O Goiás venceu o Ceará por 2 a 0 em casa, conquistou a segunda vitória seguida na Série B e subiu para a nona colocação da tabela.
O post Goiás bate o Ceará em casa e vence a segun...",Gazeta Esportiva,https://www.gazetaesportiva.com/times/goias/goias-bate-o-ceara-em-casa-e-vence-a-segunda-seguida-na-serie-b/,https://static.gazetaesportiva.com/uploads/2026/07/imagem_2026-07-04_214604605.webp
2026-07-05T11:27:57.157Z,2026-07-04T23:01:16.000Z,CRB demite técnico Eduardo Barroca após goleada para o Londrina,O CRB anunciou a saída do técnico Eduardo Barroca após a goleada por 5 a 0 sofrida diante do Londrina pela 16ª rodada da Série B do Campeonato Brasileiro. A decisão foi tomada em c...,Gazeta Esportiva,https://www.gazetaesportiva.com/times/crb/crb-anuncia-saida-eduardo-barroca/,https://static.gazetaesportiva.com/uploads/2026/07/55370457343_a66db537a7_k.webp
2026-07-05T11:27:57.157Z,2026-07-04T23:00:25.000Z,Náutico x Juventude: veja prováveis escalações e onde assistir ao confronto pela Série B,"Náutico e Juventude se enfrentam neste domingo, nos Aflitos, pela 16ª rodada da Série B do Campeonato Brasileiro. Enquanto o Timbu busca se aproximar da parte de cima da tabela, a ...",Gazeta Esportiva,https://www.gazetaesportiva.com/campeonatos/brasileiro-serie-b/nautico-x-juventude-veja-provaveis-escalacoes-e-onde-assistir-ao-confronto-pela-serie-b/,https://static.gazetaesportiva.com/uploads/2026/07/HL7dPA6W4AARG6T.webp
2026-07-05T11:27:57.157Z,2026-07-04T22:14:33.000Z,Veja as fotos de Paraguai x França pela Copa do Mundo,O post Veja as fotos de Paraguai x França pela Copa do Mundo apareceu primeiro em Gazeta Esportiva.,Gazeta Esportiva,https://www.gazetaesportiva.com/campeonatos/copa-do-mundo/veja-as-fotos-de-paraguai-x-franca-pela-copa-do-mundo/,https://static.gazetaesportiva.com/uploads/2026/07/AFP__20260704__B9AB3FK__v1__MidRes__FblWc2026Match89ParFra.webp
2026-07-05T11:27:57.157Z,2026-07-04T22:00:00.000Z,Veja as fotos do jogo-treino entre São Paulo e Bragantino neste sábado,O post Veja as fotos do jogo-treino entre São Paulo e Bragantino neste sábado apareceu primeiro em Gazeta Esportiva.,Gazeta Esportiva,https://www.gazetaesportiva.com/times/sao-paulo/veja-as-fotos-do-jogo-treino-entre-sao-paulo-e-bragantino-neste-sabado/,https://static.gazetaesportiva.com/uploads/2026/07/img_9298-jpg-1024x727-1.webp
2026-07-05T11:27:57.157Z,2026-07-04T21:52:00.000Z,Londrina goleia o CRB e deixa o Z4 da Série B,"O Londrina goleou o CRB por 5 a 0 no Estádio Vitorino Gonçalves Dias, pela 16ª rodada da Série B do Campeonato Brasileiro. Com dois gols de Bruno Santos e gols de Iago Teles, Lucas...",Gazeta Esportiva,https://www.gazetaesportiva.com/campeonatos/brasileiro-serie-b/londrina-goleia-crb-serie-b-16-rodada/,https://static.gazetaesportiva.com/uploads/2026/07/55374350483_0f9757507c_o.webp
2026-07-05T11:27:57.157Z,2026-07-04T21:39:55.000Z,Criciúma derrota o Sport e encosta na ponta da Série B,"O Criciúma venceu o Sport por 1 a 0 neste sábado, no Heriberto Hülse, pela 16ª rodada da Série B. Após ter um gol anulado por impedimento, Waguininho voltou a balançar as redes ain...",Gazeta Esportiva,https://www.gazetaesportiva.com/times/criciuma/criciuma-derrota-o-sport-e-encosta-na-ponta-da-serie-b/,https://static.gazetaesportiva.com/uploads/2026/06/2715-20874.webp
2026-07-05T11:27:57.157Z,2026-07-04T19:33:23.000Z,Bahia bate o Montevideo City Torque em Salvador; confira,"De virada, o Bahia goleou o Montevideo City Torque (URU) por 4 a 1 em amistoso disputado na Arena Fonte Nova.
O post Bahia bate o Montevideo City Torque em Salvador; confira aparec...",Gazeta Esportiva,https://www.gazetaesportiva.com/times/bahia/bahia-bate-o-montevideo-city-torque-em-salvador-confira/,https://static.gazetaesportiva.com/uploads/2026/07/Bah.webp
2026-07-05T12:49:21.069Z,2026-07-05T11:00:44.000Z,Relembre em fotos o último jogo entre Brasil e Noruega na Copa do Mundo,O post Relembre em fotos o último jogo entre Brasil e Noruega na Copa do Mundo apareceu primeiro em Gazeta Esportiva.,Gazeta Esportiva,https://www.gazetaesportiva.com/todas-as-noticias/relembre-em-fotos-o-ultimo-jogo-entre-brasil-e-noruega-na-copa-do-mundo/,https://static.gazetaesportiva.com/uploads/2026/06/57.webp
2026-07-05T12:49:21.069Z,2026-07-05T09:00:44.000Z,Atuações: Juninho sai do banco e brilha em vitória do Santos,"O Santos venceu o União São João por 3 a 0 neste sábado, na Mercado Livre Arena Pacaembu, em São Paulo, em amistoso de intertemporada durante a pausa do calendário para a Copa do M...",Gazeta Esportiva,https://www.gazetaesportiva.com/times/santos/atuacoes-juninho-sai-do-banco-e-brilha-em-vitoria-do-santos/,https://static.gazetaesportiva.com/uploads/2026/07/AFP__20260704__AGIF825876__v1__HighRes__FriendlyMatchSantosVsUniaoSaoJoao.webp
2026-07-05T12:49:21.069Z,2026-07-05T02:03:49.000Z,Melhores momentos da vitória do Goiás sobre o Ceara pela Série B,"Melhores momentos da vitória do Goiás sobre o  Ceara pela Série B
O post Melhores momentos da vitória do Goiás sobre o Ceara pela Série B apareceu primeiro em Gazeta Esportiva.",Gazeta Esportiva,https://www.gazetaesportiva.com/todas-as-noticias/melhores-momentos-da-vitoria-do-goias-sobre-o-ceara-pela-serie-b/,https://static.gazetaesportiva.com/uploads/2026/07/mome.webp
2026-07-05T12:49:21.069Z,2026-07-05T01:19:26.000Z,"&#8216;Também sabemos jogar o futebol sujo&#8217;, comemora Mbappé, após vitória sobre o Paraguai","Mbappé elogiou a postura da França na vitória sobre o Paraguai e afirmou que a equipe também sabe disputar jogos físicos e de muita catimba.
O post &#8216;Também sabemos jogar o fu...",Gazeta Esportiva,https://www.gazetaesportiva.com/times/franca/tambem-sabemos-jogar-o-futebol-sujo-comemora-mbappe-apos-vitoria-sobre-o-paraguai/,https://static.gazetaesportiva.com/uploads/2026/07/AFP__20260704__B9AD2G2__v1__HighRes__FblWc2026Match89ParFra.webp
2026-07-05T12:49:21.069Z,2026-07-05T00:55:28.000Z,Goiás bate o Ceará em casa e vence a segunda seguida na Série B,"O Goiás venceu o Ceará por 2 a 0 em casa, conquistou a segunda vitória seguida na Série B e subiu para a nona colocação da tabela.
O post Goiás bate o Ceará em casa e vence a segun...",Gazeta Esportiva,https://www.gazetaesportiva.com/times/goias/goias-bate-o-ceara-em-casa-e-vence-a-segunda-seguida-na-serie-b/,https://static.gazetaesportiva.com/uploads/2026/07/imagem_2026-07-04_214604605.webp
2026-07-05T12:49:21.069Z,2026-07-04T23:01:16.000Z,CRB demite técnico Eduardo Barroca após goleada para o Londrina,O CRB anunciou a saída do técnico Eduardo Barroca após a goleada por 5 a 0 sofrida diante do Londrina pela 16ª rodada da Série B do Campeonato Brasileiro. A decisão foi tomada em c...,Gazeta Esportiva,https://www.gazetaesportiva.com/times/crb/crb-anuncia-saida-eduardo-barroca/,https://static.gazetaesportiva.com/uploads/2026/07/55370457343_a66db537a7_k.webp
2026-07-05T12:49:21.069Z,2026-07-04T23:00:25.000Z,Náutico x Juventude: veja prováveis escalações e onde assistir ao confronto pela Série B,"Náutico e Juventude se enfrentam neste domingo, nos Aflitos, pela 16ª rodada da Série B do Campeonato Brasileiro. Enquanto o Timbu busca se aproximar da parte de cima da tabela, a ...",Gazeta Esportiva,https://www.gazetaesportiva.com/campeonatos/brasileiro-serie-b/nautico-x-juventude-veja-provaveis-escalacoes-e-onde-assistir-ao-confronto-pela-serie-b/,https://static.gazetaesportiva.com/uploads/2026/07/HL7dPA6W4AARG6T.webp
2026-07-05T12:49:21.069Z,2026-07-04T22:14:33.000Z,Veja as fotos de Paraguai x França pela Copa do Mundo,O post Veja as fotos de Paraguai x França pela Copa do Mundo apareceu primeiro em Gazeta Esportiva.,Gazeta Esportiva,https://www.gazetaesportiva.com/campeonatos/copa-do-mundo/veja-as-fotos-de-paraguai-x-franca-pela-copa-do-mundo/,https://static.gazetaesportiva.com/uploads/2026/07/AFP__20260704__B9AB3FK__v1__MidRes__FblWc2026Match89ParFra.webp
2026-07-05T12:49:21.069Z,2026-07-04T22:00:00.000Z,Veja as fotos do jogo-treino entre São Paulo e Bragantino neste sábado,O post Veja as fotos do jogo-treino entre São Paulo e Bragantino neste sábado apareceu primeiro em Gazeta Esportiva.,Gazeta Esportiva,https://www.gazetaesportiva.com/times/sao-paulo/veja-as-fotos-do-jogo-treino-entre-sao-paulo-e-bragantino-neste-sabado/,https://static.gazetaesportiva.com/uploads/2026/07/img_9298-jpg-1024x727-1.webp
2026-07-05T12:49:21.069Z,2026-07-04T21:52:00.000Z,Londrina goleia o CRB e deixa o Z4 da Série B,"O Londrina goleou o CRB por 5 a 0 no Estádio Vitorino Gonçalves Dias, pela 16ª rodada da Série B do Campeonato Brasileiro. Com dois gols de Bruno Santos e gols de Iago Teles, Lucas...",Gazeta Esportiva,https://www.gazetaesportiva.com/campeonatos/brasileiro-serie-b/londrina-goleia-crb-serie-b-16-rodada/,https://static.gazetaesportiva.com/uploads/2026/07/55374350483_0f9757507c_o.webp
2026-07-05T12:49:21.069Z,2026-07-04T21:39:55.000Z,Criciúma derrota o Sport e encosta na ponta da Série B,"O Criciúma venceu o Sport por 1 a 0 neste sábado, no Heriberto Hülse, pela 16ª rodada da Série B. Após ter um gol anulado por impedimento, Waguininho voltou a balançar as redes ain...",Gazeta Esportiva,https://www.gazetaesportiva.com/times/criciuma/criciuma-derrota-o-sport-e-encosta-na-ponta-da-serie-b/,https://static.gazetaesportiva.com/uploads/2026/06/2715-20874.webp
2026-07-05T12:49:21.069Z,2026-07-04T19:33:23.000Z,Bahia bate o Montevideo City Torque em Salvador; confira,"De virada, o Bahia goleou o Montevideo City Torque (URU) por 4 a 1 em amistoso disputado na Arena Fonte Nova.
O post Bahia bate o Montevideo City Torque em Salvador; confira aparec...",Gazeta Esportiva,https://www.gazetaesportiva.com/times/bahia/bahia-bate-o-montevideo-city-torque-em-salvador-confira/,https://static.gazetaesportiva.com/uploads/2026/07/Bah.webp
2026-07-05T14:39:36.122Z,2026-07-05T11:00:44.000Z,Relembre em fotos o último jogo entre Brasil e Noruega na Copa do Mundo,O post Relembre em fotos o último jogo entre Brasil e Noruega na Copa do Mundo apareceu primeiro em Gazeta Esportiva.,Gazeta Esportiva,https://www.gazetaesportiva.com/todas-as-noticias/relembre-em-fotos-o-ultimo-jogo-entre-brasil-e-noruega-na-copa-do-mundo/,https://static.gazetaesportiva.com/uploads/2026/06/57.webp
2026-07-05T14:39:36.122Z,2026-07-05T09:00:44.000Z,Atuações: Juninho sai do banco e brilha em vitória do Santos,"O Santos venceu o União São João por 3 a 0 neste sábado, na Mercado Livre Arena Pacaembu, em São Paulo, em amistoso de intertemporada durante a pausa do calendário para a Copa do M...",Gazeta Esportiva,https://www.gazetaesportiva.com/times/santos/atuacoes-juninho-sai-do-banco-e-brilha-em-vitoria-do-santos/,https://static.gazetaesportiva.com/uploads/2026/07/AFP__20260704__AGIF825876__v1__HighRes__FriendlyMatchSantosVsUniaoSaoJoao.webp
2026-07-05T14:39:36.122Z,2026-07-05T02:03:49.000Z,Melhores momentos da vitória do Goiás sobre o Ceara pela Série B,"Melhores momentos da vitória do Goiás sobre o  Ceara pela Série B
O post Melhores momentos da vitória do Goiás sobre o Ceara pela Série B apareceu primeiro em Gazeta Esportiva.",Gazeta Esportiva,https://www.gazetaesportiva.com/todas-as-noticias/melhores-momentos-da-vitoria-do-goias-sobre-o-ceara-pela-serie-b/,https://static.gazetaesportiva.com/uploads/2026/07/mome.webp
2026-07-05T14:39:36.122Z,2026-07-05T01:19:26.000Z,"&#8216;Também sabemos jogar o futebol sujo&#8217;, comemora Mbappé, após vitória sobre o Paraguai","Mbappé elogiou a postura da França na vitória sobre o Paraguai e afirmou que a equipe também sabe disputar jogos físicos e de muita catimba.
O post &#8216;Também sabemos jogar o fu...",Gazeta Esportiva,https://www.gazetaesportiva.com/times/franca/tambem-sabemos-jogar-o-futebol-sujo-comemora-mbappe-apos-vitoria-sobre-o-paraguai/,https://static.gazetaesportiva.com/uploads/2026/07/AFP__20260704__B9AD2G2__v1__HighRes__FblWc2026Match89ParFra.webp
2026-07-05T14:39:36.122Z,2026-07-05T00:55:28.000Z,Goiás bate o Ceará em casa e vence a segunda seguida na Série B,"O Goiás venceu o Ceará por 2 a 0 em casa, conquistou a segunda vitória seguida na Série B e subiu para a nona colocação da tabela.
O post Goiás bate o Ceará em casa e vence a segun...",Gazeta Esportiva,https://www.gazetaesportiva.com/times/goias/goias-bate-o-ceara-em-casa-e-vence-a-segunda-seguida-na-serie-b/,https://static.gazetaesportiva.com/uploads/2026/07/imagem_2026-07-04_214604605.webp
2026-07-05T14:39:36.122Z,2026-07-04T23:01:16.000Z,CRB demite técnico Eduardo Barroca após goleada para o Londrina,O CRB anunciou a saída do técnico Eduardo Barroca após a goleada por 5 a 0 sofrida diante do Londrina pela 16ª rodada da Série B do Campeonato Brasileiro. A decisão foi tomada em c...,Gazeta Esportiva,https://www.gazetaesportiva.com/times/crb/crb-anuncia-saida-eduardo-barroca/,https://static.gazetaesportiva.com/uploads/2026/07/55370457343_a66db537a7_k.webp
2026-07-05T14:39:36.122Z,2026-07-04T23:00:25.000Z,Náutico x Juventude: veja prováveis escalações e onde assistir ao confronto pela Série B,"Náutico e Juventude se enfrentam neste domingo, nos Aflitos, pela 16ª rodada da Série B do Campeonato Brasileiro. Enquanto o Timbu busca se aproximar da parte de cima da tabela, a ...",Gazeta Esportiva,https://www.gazetaesportiva.com/campeonatos/brasileiro-serie-b/nautico-x-juventude-veja-provaveis-escalacoes-e-onde-assistir-ao-confronto-pela-serie-b/,https://static.gazetaesportiva.com/uploads/2026/07/HL7dPA6W4AARG6T.webp
2026-07-05T14:39:36.122Z,2026-07-04T22:14:33.000Z,Veja as fotos de Paraguai x França pela Copa do Mundo,O post Veja as fotos de Paraguai x França pela Copa do Mundo apareceu primeiro em Gazeta Esportiva.,Gazeta Esportiva,https://www.gazetaesportiva.com/campeonatos/copa-do-mundo/veja-as-fotos-de-paraguai-x-franca-pela-copa-do-mundo/,https://static.gazetaesportiva.com/uploads/2026/07/AFP__20260704__B9AB3FK__v1__MidRes__FblWc2026Match89ParFra.webp
2026-07-05T14:39:36.122Z,2026-07-04T22:00:00.000Z,Veja as fotos do jogo-treino entre São Paulo e Bragantino neste sábado,O post Veja as fotos do jogo-treino entre São Paulo e Bragantino neste sábado apareceu primeiro em Gazeta Esportiva.,Gazeta Esportiva,https://www.gazetaesportiva.com/times/sao-paulo/veja-as-fotos-do-jogo-treino-entre-sao-paulo-e-bragantino-neste-sabado/,https://static.gazetaesportiva.com/uploads/2026/07/img_9298-jpg-1024x727-1.webp
2026-07-05T14:39:36.122Z,2026-07-04T21:52:00.000Z,Londrina goleia o CRB e deixa o Z4 da Série B,"O Londrina goleou o CRB por 5 a 0 no Estádio Vitorino Gonçalves Dias, pela 16ª rodada da Série B do Campeonato Brasileiro. Com dois gols de Bruno Santos e gols de Iago Teles, Lucas...",Gazeta Esportiva,https://www.gazetaesportiva.com/campeonatos/brasileiro-serie-b/londrina-goleia-crb-serie-b-16-rodada/,https://static.gazetaesportiva.com/uploads/2026/07/55374350483_0f9757507c_o.webp
2026-07-05T14:39:36.122Z,2026-07-04T21:39:55.000Z,Criciúma derrota o Sport e encosta na ponta da Série B,"O Criciúma venceu o Sport por 1 a 0 neste sábado, no Heriberto Hülse, pela 16ª rodada da Série B. Após ter um gol anulado por impedimento, Waguininho voltou a balançar as redes ain...",Gazeta Esportiva,https://www.gazetaesportiva.com/times/criciuma/criciuma-derrota-o-sport-e-encosta-na-ponta-da-serie-b/,https://static.gazetaesportiva.com/uploads/2026/06/2715-20874.webp
2026-07-05T14:39:36.122Z,2026-07-04T19:33:23.000Z,Bahia bate o Montevideo City Torque em Salvador; confira,"De virada, o Bahia goleou o Montevideo City Torque (URU) por 4 a 1 em amistoso disputado na Arena Fonte Nova.
O post Bahia bate o Montevideo City Torque em Salvador; confira aparec...",Gazeta Esportiva,https://www.gazetaesportiva.com/times/bahia/bahia-bate-o-montevideo-city-torque-em-salvador-confira/,https://static.gazetaesportiva.com/uploads/2026/07/Bah.webp
2026-07-05T16:05:14.167Z,2026-07-05T15:55:48.000Z,Leclerc vence GP de Silverstone e quebra jejum de quase dois anos na F1,"Charles Leclerc venceu o GP de Silverstone da Fórmula 1, conquistando sua primeira vitória desde outubro de 2024. O piloto da Ferrari liderou a corrida após ultrapassar Kimi Antone...",Gazeta Esportiva,https://www.gazetaesportiva.com/motor/formula-1/leclerc-vence-gp-silverstone-f1-resultado/,https://static.gazetaesportiva.com/uploads/2026/07/AFP__20260705__B9B687Q__v1__HighRes__AutoPrixF1Gbr.webp
2026-07-05T16:05:14.167Z,2026-07-05T11:00:44.000Z,Relembre em fotos o último jogo entre Brasil e Noruega na Copa do Mundo,O post Relembre em fotos o último jogo entre Brasil e Noruega na Copa do Mundo apareceu primeiro em Gazeta Esportiva.,Gazeta Esportiva,https://www.gazetaesportiva.com/todas-as-noticias/relembre-em-fotos-o-ultimo-jogo-entre-brasil-e-noruega-na-copa-do-mundo/,https://static.gazetaesportiva.com/uploads/2026/06/57.webp
2026-07-05T16:05:14.167Z,2026-07-05T09:00:44.000Z,Atuações: Juninho sai do banco e brilha em vitória do Santos,"O Santos venceu o União São João por 3 a 0 neste sábado, na Mercado Livre Arena Pacaembu, em São Paulo, em amistoso de intertemporada durante a pausa do calendário para a Copa do M...",Gazeta Esportiva,https://www.gazetaesportiva.com/times/santos/atuacoes-juninho-sai-do-banco-e-brilha-em-vitoria-do-santos/,https://static.gazetaesportiva.com/uploads/2026/07/AFP__20260704__AGIF825876__v1__HighRes__FriendlyMatchSantosVsUniaoSaoJoao.webp
2026-07-05T16:05:14.167Z,2026-07-05T02:03:49.000Z,Melhores momentos da vitória do Goiás sobre o Ceara pela Série B,"Melhores momentos da vitória do Goiás sobre o  Ceara pela Série B
O post Melhores momentos da vitória do Goiás sobre o Ceara pela Série B apareceu primeiro em Gazeta Esportiva.",Gazeta Esportiva,https://www.gazetaesportiva.com/todas-as-noticias/melhores-momentos-da-vitoria-do-goias-sobre-o-ceara-pela-serie-b/,https://static.gazetaesportiva.com/uploads/2026/07/mome.webp
2026-07-05T16:05:14.167Z,2026-07-05T01:19:26.000Z,"&#8216;Também sabemos jogar o futebol sujo&#8217;, comemora Mbappé, após vitória sobre o Paraguai","Mbappé elogiou a postura da França na vitória sobre o Paraguai e afirmou que a equipe também sabe disputar jogos físicos e de muita catimba.
O post &#8216;Também sabemos jogar o fu...",Gazeta Esportiva,https://www.gazetaesportiva.com/times/franca/tambem-sabemos-jogar-o-futebol-sujo-comemora-mbappe-apos-vitoria-sobre-o-paraguai/,https://static.gazetaesportiva.com/uploads/2026/07/AFP__20260704__B9AD2G2__v1__HighRes__FblWc2026Match89ParFra.webp
2026-07-05T16:05:14.167Z,2026-07-05T00:55:28.000Z,Goiás bate o Ceará em casa e vence a segunda seguida na Série B,"O Goiás venceu o Ceará por 2 a 0 em casa, conquistou a segunda vitória seguida na Série B e subiu para a nona colocação da tabela.
O post Goiás bate o Ceará em casa e vence a segun...",Gazeta Esportiva,https://www.gazetaesportiva.com/times/goias/goias-bate-o-ceara-em-casa-e-vence-a-segunda-seguida-na-serie-b/,https://static.gazetaesportiva.com/uploads/2026/07/imagem_2026-07-04_214604605.webp
2026-07-05T16:05:14.167Z,2026-07-04T23:01:16.000Z,CRB demite técnico Eduardo Barroca após goleada para o Londrina,O CRB anunciou a saída do técnico Eduardo Barroca após a goleada por 5 a 0 sofrida diante do Londrina pela 16ª rodada da Série B do Campeonato Brasileiro. A decisão foi tomada em c...,Gazeta Esportiva,https://www.gazetaesportiva.com/times/crb/crb-anuncia-saida-eduardo-barroca/,https://static.gazetaesportiva.com/uploads/2026/07/55370457343_a66db537a7_k.webp
2026-07-05T16:05:14.167Z,2026-07-04T23:00:25.000Z,Náutico x Juventude: veja prováveis escalações e onde assistir ao confronto pela Série B,"Náutico e Juventude se enfrentam neste domingo, nos Aflitos, pela 16ª rodada da Série B do Campeonato Brasileiro. Enquanto o Timbu busca se aproximar da parte de cima da tabela, a ...",Gazeta Esportiva,https://www.gazetaesportiva.com/campeonatos/brasileiro-serie-b/nautico-x-juventude-veja-provaveis-escalacoes-e-onde-assistir-ao-confronto-pela-serie-b/,https://static.gazetaesportiva.com/uploads/2026/07/HL7dPA6W4AARG6T.webp
2026-07-05T16:05:14.167Z,2026-07-04T22:14:33.000Z,Veja as fotos de Paraguai x França pela Copa do Mundo,O post Veja as fotos de Paraguai x França pela Copa do Mundo apareceu primeiro em Gazeta Esportiva.,Gazeta Esportiva,https://www.gazetaesportiva.com/campeonatos/copa-do-mundo/veja-as-fotos-de-paraguai-x-franca-pela-copa-do-mundo/,https://static.gazetaesportiva.com/uploads/2026/07/AFP__20260704__B9AB3FK__v1__MidRes__FblWc2026Match89ParFra.webp
2026-07-05T16:05:14.167Z,2026-07-04T22:00:00.000Z,Veja as fotos do jogo-treino entre São Paulo e Bragantino neste sábado,O post Veja as fotos do jogo-treino entre São Paulo e Bragantino neste sábado apareceu primeiro em Gazeta Esportiva.,Gazeta Esportiva,https://www.gazetaesportiva.com/times/sao-paulo/veja-as-fotos-do-jogo-treino-entre-sao-paulo-e-bragantino-neste-sabado/,https://static.gazetaesportiva.com/uploads/2026/07/img_9298-jpg-1024x727-1.webp
2026-07-05T16:05:14.167Z,2026-07-04T21:52:00.000Z,Londrina goleia o CRB e deixa o Z4 da Série B,"O Londrina goleou o CRB por 5 a 0 no Estádio Vitorino Gonçalves Dias, pela 16ª rodada da Série B do Campeonato Brasileiro. Com dois gols de Bruno Santos e gols de Iago Teles, Lucas...",Gazeta Esportiva,https://www.gazetaesportiva.com/campeonatos/brasileiro-serie-b/londrina-goleia-crb-serie-b-16-rodada/,https://static.gazetaesportiva.com/uploads/2026/07/55374350483_0f9757507c_o.webp
2026-07-05T16:05:14.167Z,2026-07-04T21:39:55.000Z,Criciúma derrota o Sport e encosta na ponta da Série B,"O Criciúma venceu o Sport por 1 a 0 neste sábado, no Heriberto Hülse, pela 16ª rodada da Série B. Após ter um gol anulado por impedimento, Waguininho voltou a balançar as redes ain...",Gazeta Esportiva,https://www.gazetaesportiva.com/times/criciuma/criciuma-derrota-o-sport-e-encosta-na-ponta-da-serie-b/,https://static.gazetaesportiva.com/uploads/2026/06/2715-20874.webp
2026-07-05T17:35:26.920Z,2026-07-05T17:13:53.000Z,Melhores momentos da vitória do San Diego Wave sobre o Gotham pela NWSL,"Melhores momentos da vitória do San Diego Wave sobre o Gotham pela NWSL
O post Melhores momentos da vitória do San Diego Wave sobre o Gotham pela NWSL apareceu primeiro em Gazeta E...",Gazeta Esportiva,https://www.gazetaesportiva.com/todas-as-noticias/melhores-momentos-da-vitoria-do-san-diego-wave-sobre-o-gotham-pela-nwsl/,https://static.gazetaesportiva.com/uploads/2026/07/San-Di.webp
2026-07-05T17:35:26.920Z,2026-07-05T15:55:48.000Z,Leclerc vence GP da Inglaterra e quebra jejum na F1; Bortoleto é 8º,"Charles Leclerc venceu o GP de Silverstone da Fórmula 1, conquistando sua primeira vitória desde outubro de 2024. O piloto da Ferrari liderou a corrida após ultrapassar Kimi Antone...",Gazeta Esportiva,https://www.gazetaesportiva.com/motor/formula-1/leclerc-vence-gp-silverstone-f1-resultado/,https://static.gazetaesportiva.com/uploads/2026/07/AFP__20260705__B9BA38X__v1__HighRes__76432945.webp
2026-07-05T17:35:26.920Z,2026-07-05T11:00:44.000Z,Relembre em fotos o último jogo entre Brasil e Noruega na Copa do Mundo,O post Relembre em fotos o último jogo entre Brasil e Noruega na Copa do Mundo apareceu primeiro em Gazeta Esportiva.,Gazeta Esportiva,https://www.gazetaesportiva.com/todas-as-noticias/relembre-em-fotos-o-ultimo-jogo-entre-brasil-e-noruega-na-copa-do-mundo/,https://static.gazetaesportiva.com/uploads/2026/06/57.webp
2026-07-05T17:35:26.920Z,2026-07-05T09:00:44.000Z,Atuações: Juninho sai do banco e brilha em vitória do Santos,"O Santos venceu o União São João por 3 a 0 neste sábado, na Mercado Livre Arena Pacaembu, em São Paulo, em amistoso de intertemporada durante a pausa do calendário para a Copa do M...",Gazeta Esportiva,https://www.gazetaesportiva.com/times/santos/atuacoes-juninho-sai-do-banco-e-brilha-em-vitoria-do-santos/,https://static.gazetaesportiva.com/uploads/2026/07/AFP__20260704__AGIF825876__v1__HighRes__FriendlyMatchSantosVsUniaoSaoJoao.webp
2026-07-05T17:35:26.920Z,2026-07-05T02:03:49.000Z,Melhores momentos da vitória do Goiás sobre o Ceara pela Série B,"Melhores momentos da vitória do Goiás sobre o  Ceara pela Série B
O post Melhores momentos da vitória do Goiás sobre o Ceara pela Série B apareceu primeiro em Gazeta Esportiva.",Gazeta Esportiva,https://www.gazetaesportiva.com/todas-as-noticias/melhores-momentos-da-vitoria-do-goias-sobre-o-ceara-pela-serie-b/,https://static.gazetaesportiva.com/uploads/2026/07/mome.webp
2026-07-05T17:35:26.920Z,2026-07-05T01:19:26.000Z,"&#8216;Também sabemos jogar o futebol sujo&#8217;, comemora Mbappé, após vitória sobre o Paraguai","Mbappé elogiou a postura da França na vitória sobre o Paraguai e afirmou que a equipe também sabe disputar jogos físicos e de muita catimba.
O post &#8216;Também sabemos jogar o fu...",Gazeta Esportiva,https://www.gazetaesportiva.com/times/franca/tambem-sabemos-jogar-o-futebol-sujo-comemora-mbappe-apos-vitoria-sobre-o-paraguai/,https://static.gazetaesportiva.com/uploads/2026/07/AFP__20260704__B9AD2G2__v1__HighRes__FblWc2026Match89ParFra.webp
2026-07-05T17:35:26.920Z,2026-07-05T00:55:28.000Z,Goiás bate o Ceará em casa e vence a segunda seguida na Série B,"O Goiás venceu o Ceará por 2 a 0 em casa, conquistou a segunda vitória seguida na Série B e subiu para a nona colocação da tabela.
O post Goiás bate o Ceará em casa e vence a segun...",Gazeta Esportiva,https://www.gazetaesportiva.com/times/goias/goias-bate-o-ceara-em-casa-e-vence-a-segunda-seguida-na-serie-b/,https://static.gazetaesportiva.com/uploads/2026/07/imagem_2026-07-04_214604605.webp
2026-07-05T17:35:26.920Z,2026-07-04T23:01:16.000Z,CRB demite técnico Eduardo Barroca após goleada para o Londrina,O CRB anunciou a saída do técnico Eduardo Barroca após a goleada por 5 a 0 sofrida diante do Londrina pela 16ª rodada da Série B do Campeonato Brasileiro. A decisão foi tomada em c...,Gazeta Esportiva,https://www.gazetaesportiva.com/times/crb/crb-anuncia-saida-eduardo-barroca/,https://static.gazetaesportiva.com/uploads/2026/07/55370457343_a66db537a7_k.webp
2026-07-05T17:35:26.920Z,2026-07-04T23:00:25.000Z,Náutico x Juventude: veja prováveis escalações e onde assistir ao confronto pela Série B,"Náutico e Juventude se enfrentam neste domingo, nos Aflitos, pela 16ª rodada da Série B do Campeonato Brasileiro. Enquanto o Timbu busca se aproximar da parte de cima da tabela, a ...",Gazeta Esportiva,https://www.gazetaesportiva.com/campeonatos/brasileiro-serie-b/nautico-x-juventude-veja-provaveis-escalacoes-e-onde-assistir-ao-confronto-pela-serie-b/,https://static.gazetaesportiva.com/uploads/2026/07/HL7dPA6W4AARG6T.webp
2026-07-05T17:35:26.920Z,2026-07-04T22:14:33.000Z,Veja as fotos de Paraguai x França pela Copa do Mundo,O post Veja as fotos de Paraguai x França pela Copa do Mundo apareceu primeiro em Gazeta Esportiva.,Gazeta Esportiva,https://www.gazetaesportiva.com/campeonatos/copa-do-mundo/veja-as-fotos-de-paraguai-x-franca-pela-copa-do-mundo/,https://static.gazetaesportiva.com/uploads/2026/07/AFP__20260704__B9AB3FK__v1__MidRes__FblWc2026Match89ParFra.webp
2026-07-05T17:35:26.920Z,2026-07-04T22:00:00.000Z,Veja as fotos do jogo-treino entre São Paulo e Bragantino neste sábado,O post Veja as fotos do jogo-treino entre São Paulo e Bragantino neste sábado apareceu primeiro em Gazeta Esportiva.,Gazeta Esportiva,https://www.gazetaesportiva.com/times/sao-paulo/veja-as-fotos-do-jogo-treino-entre-sao-paulo-e-bragantino-neste-sabado/,https://static.gazetaesportiva.com/uploads/2026/07/img_9298-jpg-1024x727-1.webp
2026-07-05T17:35:26.920Z,2026-07-04T21:52:00.000Z,Londrina goleia o CRB e deixa o Z4 da Série B,"O Londrina goleou o CRB por 5 a 0 no Estádio Vitorino Gonçalves Dias, pela 16ª rodada da Série B do Campeonato Brasileiro. Com dois gols de Bruno Santos e gols de Iago Teles, Lucas...",Gazeta Esportiva,https://www.gazetaesportiva.com/campeonatos/brasileiro-serie-b/londrina-goleia-crb-serie-b-16-rodada/,https://static.gazetaesportiva.com/uploads/2026/07/55374350483_0f9757507c_o.webp
2026-07-05T17:35:26.920Z,2026-07-04T21:39:55.000Z,Criciúma derrota o Sport e encosta na ponta da Série B,"O Criciúma venceu o Sport por 1 a 0 neste sábado, no Heriberto Hülse, pela 16ª rodada da Série B. Após ter um gol anulado por impedimento, Waguininho voltou a balançar as redes ain...",Gazeta Esportiva,https://www.gazetaesportiva.com/times/criciuma/criciuma-derrota-o-sport-e-encosta-na-ponta-da-serie-b/,https://static.gazetaesportiva.com/uploads/2026/06/2715-20874.webp
2026-07-05T19:12:49.517Z,2026-07-05T18:35:58.000Z,Maxi Scheib vence GP1000 em Curvelo e assume liderança do campeonato,"O chileno Maxi Scheib conquistou neste domingo a vitória na corrida principal da GP1000 by Motul durante a terceira etapa do MOTO1000GP, disputada em Curvelo (MG). O piloto da JD43...",Gazeta Esportiva,https://www.gazetaesportiva.com/motor/maxi-scheib-vence-gp1000-moto1000gp-curvelo/,https://static.gazetaesportiva.com/uploads/2026/07/Captura-de-tela-2026-07-05-152812.webp
2026-07-05T19:12:49.517Z,2026-07-05T18:23:25.000Z,Lucas di Grassi brilha em Xangai e volta a vencer na Fórmula E após quase quatro anos,Lucas di Grassi protagonizou uma atuação histórica no ePrix de Xangai ao sair da 18ª posição do grid para conquistar a vitória e garantir o primeiro triunfo da Lola Yamaha ABT na F...,Gazeta Esportiva,https://www.gazetaesportiva.com/motor/lucas-di-grassi-brilha-em-xangai-e-volta-a-vencer-na-formula-e-apos-quase-quatro-anos/,https://static.gazetaesportiva.com/uploads/2026/07/WhatsApp-Image-2026-07-05-at-14.14.29.webp
2026-07-05T19:12:49.517Z,2026-07-05T17:57:44.000Z,"Fifa suspende expulsão, e Balogun é liberado para enfrentar a Bélgica nas oitavas","A Fifa confirmou que Folarin Balogun poderá atuar normalmente contra a Bélgica pelas oitavas de final da Copa do Mundo de 2026. Expulso na vitória sobre a Bósnia e Herzegovina, o a...",Gazeta Esportiva,https://www.gazetaesportiva.com/times/estados-unidos/fifa-suspende-expulsao-e-balogun-e-liberado-para-enfrentar-a-belgica-nas-oitavas/,https://static.gazetaesportiva.com/uploads/2026/07/AFP__20260703__2284419977__v1__MidRes__UsaVBosniaAndHerzegovinaRoundOf32FifaWorldCup.webp
2026-07-05T19:12:49.517Z,2026-07-05T17:13:53.000Z,Melhores momentos da vitória do San Diego Wave sobre o Gotham pela NWSL,"Melhores momentos da vitória do San Diego Wave sobre o Gotham pela NWSL
O post Melhores momentos da vitória do San Diego Wave sobre o Gotham pela NWSL apareceu primeiro em Gazeta E...",Gazeta Esportiva,https://www.gazetaesportiva.com/todas-as-noticias/melhores-momentos-da-vitoria-do-san-diego-wave-sobre-o-gotham-pela-nwsl/,https://static.gazetaesportiva.com/uploads/2026/07/San-Di.webp
2026-07-05T19:12:49.517Z,2026-07-05T15:55:48.000Z,Leclerc vence GP da Inglaterra e quebra jejum na F1; Bortoleto é 8º,"Charles Leclerc venceu o GP de Silverstone da Fórmula 1, conquistando sua primeira vitória desde outubro de 2024. O piloto da Ferrari liderou a corrida após ultrapassar Kimi Antone...",Gazeta Esportiva,https://www.gazetaesportiva.com/motor/formula-1/leclerc-vence-gp-silverstone-f1-resultado/,https://static.gazetaesportiva.com/uploads/2026/07/AFP__20260705__B9BA38X__v1__HighRes__76432945.webp
2026-07-05T19:12:49.517Z,2026-07-05T11:00:44.000Z,Relembre em fotos o último jogo entre Brasil e Noruega na Copa do Mundo,O post Relembre em fotos o último jogo entre Brasil e Noruega na Copa do Mundo apareceu primeiro em Gazeta Esportiva.,Gazeta Esportiva,https://www.gazetaesportiva.com/todas-as-noticias/relembre-em-fotos-o-ultimo-jogo-entre-brasil-e-noruega-na-copa-do-mundo/,https://static.gazetaesportiva.com/uploads/2026/06/57.webp
2026-07-05T19:12:49.517Z,2026-07-05T09:00:44.000Z,Atuações: Juninho sai do banco e brilha em vitória do Santos,"O Santos venceu o União São João por 3 a 0 neste sábado, na Mercado Livre Arena Pacaembu, em São Paulo, em amistoso de intertemporada durante a pausa do calendário para a Copa do M...",Gazeta Esportiva,https://www.gazetaesportiva.com/times/santos/atuacoes-juninho-sai-do-banco-e-brilha-em-vitoria-do-santos/,https://static.gazetaesportiva.com/uploads/2026/07/AFP__20260704__AGIF825876__v1__HighRes__FriendlyMatchSantosVsUniaoSaoJoao.webp
2026-07-05T19:12:49.517Z,2026-07-05T02:03:49.000Z,Melhores momentos da vitória do Goiás sobre o Ceara pela Série B,"Melhores momentos da vitória do Goiás sobre o  Ceara pela Série B
O post Melhores momentos da vitória do Goiás sobre o Ceara pela Série B apareceu primeiro em Gazeta Esportiva.",Gazeta Esportiva,https://www.gazetaesportiva.com/todas-as-noticias/melhores-momentos-da-vitoria-do-goias-sobre-o-ceara-pela-serie-b/,https://static.gazetaesportiva.com/uploads/2026/07/mome.webp
2026-07-05T19:12:49.517Z,2026-07-05T01:19:26.000Z,"&#8216;Também sabemos jogar o futebol sujo&#8217;, comemora Mbappé, após vitória sobre o Paraguai","Mbappé elogiou a postura da França na vitória sobre o Paraguai e afirmou que a equipe também sabe disputar jogos físicos e de muita catimba.
O post &#8216;Também sabemos jogar o fu...",Gazeta Esportiva,https://www.gazetaesportiva.com/times/franca/tambem-sabemos-jogar-o-futebol-sujo-comemora-mbappe-apos-vitoria-sobre-o-paraguai/,https://static.gazetaesportiva.com/uploads/2026/07/AFP__20260704__B9AD2G2__v1__HighRes__FblWc2026Match89ParFra.webp
2026-07-05T19:12:49.517Z,2026-07-05T00:55:28.000Z,Goiás bate o Ceará em casa e vence a segunda seguida na Série B,"O Goiás venceu o Ceará por 2 a 0 em casa, conquistou a segunda vitória seguida na Série B e subiu para a nona colocação da tabela.
O post Goiás bate o Ceará em casa e vence a segun...",Gazeta Esportiva,https://www.gazetaesportiva.com/times/goias/goias-bate-o-ceara-em-casa-e-vence-a-segunda-seguida-na-serie-b/,https://static.gazetaesportiva.com/uploads/2026/07/imagem_2026-07-04_214604605.webp
2026-07-05T19:12:49.517Z,2026-07-04T23:01:16.000Z,CRB demite técnico Eduardo Barroca após goleada para o Londrina,O CRB anunciou a saída do técnico Eduardo Barroca após a goleada por 5 a 0 sofrida diante do Londrina pela 16ª rodada da Série B do Campeonato Brasileiro. A decisão foi tomada em c...,Gazeta Esportiva,https://www.gazetaesportiva.com/times/crb/crb-anuncia-saida-eduardo-barroca/,https://static.gazetaesportiva.com/uploads/2026/07/55370457343_a66db537a7_k.webp
2026-07-05T19:12:49.517Z,2026-07-04T23:00:25.000Z,Náutico x Juventude: veja prováveis escalações e onde assistir ao confronto pela Série B,"Náutico e Juventude se enfrentam neste domingo, nos Aflitos, pela 16ª rodada da Série B do Campeonato Brasileiro. Enquanto o Timbu busca se aproximar da parte de cima da tabela, a ...",Gazeta Esportiva,https://www.gazetaesportiva.com/campeonatos/brasileiro-serie-b/nautico-x-juventude-veja-provaveis-escalacoes-e-onde-assistir-ao-confronto-pela-serie-b/,https://static.gazetaesportiva.com/uploads/2026/07/HL7dPA6W4AARG6T.webp
2026-07-05T19:12:49.517Z,2026-07-04T22:14:33.000Z,Veja as fotos de Paraguai x França pela Copa do Mundo,O post Veja as fotos de Paraguai x França pela Copa do Mundo apareceu primeiro em Gazeta Esportiva.,Gazeta Esportiva,https://www.gazetaesportiva.com/campeonatos/copa-do-mundo/veja-as-fotos-de-paraguai-x-franca-pela-copa-do-mundo/,https://static.gazetaesportiva.com/uploads/2026/07/AFP__20260704__B9AB3FK__v1__MidRes__FblWc2026Match89ParFra.webp
2026-07-05T20:34:53.206Z,2026-07-05T18:35:58.000Z,Maxi Scheib vence GP1000 em Curvelo e assume liderança do campeonato,"O chileno Maxi Scheib conquistou neste domingo a vitória na corrida principal da GP1000 by Motul durante a terceira etapa do MOTO1000GP, disputada em Curvelo (MG). O piloto da JD43...",Gazeta Esportiva,https://www.gazetaesportiva.com/motor/maxi-scheib-vence-gp1000-moto1000gp-curvelo/,https://static.gazetaesportiva.com/uploads/2026/07/Captura-de-tela-2026-07-05-152812.webp
2026-07-05T20:34:53.206Z,2026-07-05T18:23:25.000Z,Lucas di Grassi brilha em Xangai e volta a vencer na Fórmula E após quase quatro anos,Lucas di Grassi protagonizou uma atuação histórica no ePrix de Xangai ao sair da 18ª posição do grid para conquistar a vitória e garantir o primeiro triunfo da Lola Yamaha ABT na F...,Gazeta Esportiva,https://www.gazetaesportiva.com/motor/lucas-di-grassi-brilha-em-xangai-e-volta-a-vencer-na-formula-e-apos-quase-quatro-anos/,https://static.gazetaesportiva.com/uploads/2026/07/WhatsApp-Image-2026-07-05-at-14.14.29.webp
2026-07-05T20:34:53.206Z,2026-07-05T17:57:44.000Z,"Fifa suspende expulsão, e Balogun é liberado para enfrentar a Bélgica nas oitavas","A Fifa confirmou que Folarin Balogun poderá atuar normalmente contra a Bélgica pelas oitavas de final da Copa do Mundo de 2026. Expulso na vitória sobre a Bósnia e Herzegovina, o a...",Gazeta Esportiva,https://www.gazetaesportiva.com/times/estados-unidos/fifa-suspende-expulsao-e-balogun-e-liberado-para-enfrentar-a-belgica-nas-oitavas/,https://static.gazetaesportiva.com/uploads/2026/07/AFP__20260703__2284419977__v1__MidRes__UsaVBosniaAndHerzegovinaRoundOf32FifaWorldCup.webp
2026-07-05T20:34:53.206Z,2026-07-05T17:13:53.000Z,Melhores momentos da vitória do San Diego Wave sobre o Gotham pela NWSL,"Melhores momentos da vitória do San Diego Wave sobre o Gotham pela NWSL
O post Melhores momentos da vitória do San Diego Wave sobre o Gotham pela NWSL apareceu primeiro em Gazeta E...",Gazeta Esportiva,https://www.gazetaesportiva.com/todas-as-noticias/melhores-momentos-da-vitoria-do-san-diego-wave-sobre-o-gotham-pela-nwsl/,https://static.gazetaesportiva.com/uploads/2026/07/San-Di.webp
2026-07-05T20:34:53.206Z,2026-07-05T15:55:48.000Z,Leclerc vence GP da Inglaterra e quebra jejum na F1; Bortoleto é 8º,"Charles Leclerc venceu o GP de Silverstone da Fórmula 1, conquistando sua primeira vitória desde outubro de 2024. O piloto da Ferrari liderou a corrida após ultrapassar Kimi Antone...",Gazeta Esportiva,https://www.gazetaesportiva.com/motor/formula-1/leclerc-vence-gp-silverstone-f1-resultado/,https://static.gazetaesportiva.com/uploads/2026/07/AFP__20260705__B9BA38X__v1__HighRes__76432945.webp
2026-07-05T20:34:53.206Z,2026-07-05T11:00:44.000Z,Relembre em fotos o último jogo entre Brasil e Noruega na Copa do Mundo,O post Relembre em fotos o último jogo entre Brasil e Noruega na Copa do Mundo apareceu primeiro em Gazeta Esportiva.,Gazeta Esportiva,https://www.gazetaesportiva.com/todas-as-noticias/relembre-em-fotos-o-ultimo-jogo-entre-brasil-e-noruega-na-copa-do-mundo/,https://static.gazetaesportiva.com/uploads/2026/06/57.webp
2026-07-05T20:34:53.206Z,2026-07-05T09:00:44.000Z,Atuações: Juninho sai do banco e brilha em vitória do Santos,"O Santos venceu o União São João por 3 a 0 neste sábado, na Mercado Livre Arena Pacaembu, em São Paulo, em amistoso de intertemporada durante a pausa do calendário para a Copa do M...",Gazeta Esportiva,https://www.gazetaesportiva.com/times/santos/atuacoes-juninho-sai-do-banco-e-brilha-em-vitoria-do-santos/,https://static.gazetaesportiva.com/uploads/2026/07/AFP__20260704__AGIF825876__v1__HighRes__FriendlyMatchSantosVsUniaoSaoJoao.webp
2026-07-05T20:34:53.206Z,2026-07-05T02:03:49.000Z,Melhores momentos da vitória do Goiás sobre o Ceara pela Série B,"Melhores momentos da vitória do Goiás sobre o  Ceara pela Série B
O post Melhores momentos da vitória do Goiás sobre o Ceara pela Série B apareceu primeiro em Gazeta Esportiva.",Gazeta Esportiva,https://www.gazetaesportiva.com/todas-as-noticias/melhores-momentos-da-vitoria-do-goias-sobre-o-ceara-pela-serie-b/,https://static.gazetaesportiva.com/uploads/2026/07/mome.webp
2026-07-05T20:34:53.206Z,2026-07-05T01:19:26.000Z,"&#8216;Também sabemos jogar o futebol sujo&#8217;, comemora Mbappé, após vitória sobre o Paraguai","Mbappé elogiou a postura da França na vitória sobre o Paraguai e afirmou que a equipe também sabe disputar jogos físicos e de muita catimba.
O post &#8216;Também sabemos jogar o fu...",Gazeta Esportiva,https://www.gazetaesportiva.com/times/franca/tambem-sabemos-jogar-o-futebol-sujo-comemora-mbappe-apos-vitoria-sobre-o-paraguai/,https://static.gazetaesportiva.com/uploads/2026/07/AFP__20260704__B9AD2G2__v1__HighRes__FblWc2026Match89ParFra.webp
2026-07-05T20:34:53.206Z,2026-07-05T00:55:28.000Z,Goiás bate o Ceará em casa e vence a segunda seguida na Série B,"O Goiás venceu o Ceará por 2 a 0 em casa, conquistou a segunda vitória seguida na Série B e subiu para a nona colocação da tabela.
O post Goiás bate o Ceará em casa e vence a segun...",Gazeta Esportiva,https://www.gazetaesportiva.com/times/goias/goias-bate-o-ceara-em-casa-e-vence-a-segunda-seguida-na-serie-b/,https://static.gazetaesportiva.com/uploads/2026/07/imagem_2026-07-04_214604605.webp
